Fitter report for de10l-neorv32-sdram-qsys
Thu Apr 30 12:59:15 2026
Quartus Prime Version 20.1.1 Build 720 11/11/2020 SJ Lite Edition


---------------------
; Table of Contents ;
---------------------
  1. Legal Notice
  2. Fitter Summary
  3. Fitter Settings
  4. Parallel Compilation
  5. Fitter Netlist Optimizations
  6. Ignored Assignments
  7. Incremental Compilation Preservation Summary
  8. Incremental Compilation Partition Settings
  9. Incremental Compilation Placement Preservation
 10. Pin-Out File
 11. Fitter Resource Usage Summary
 12. Fitter Partition Statistics
 13. Input Pins
 14. Output Pins
 15. Bidir Pins
 16. Dual Purpose and Dedicated Pins
 17. I/O Bank Usage
 18. All Package Pins
 19. PLL Summary
 20. PLL Usage
 21. Fitter Resource Utilization by Entity
 22. Delay Chain Summary
 23. Pad To Core Delay Chain Fanout
 24. Control Signals
 25. Global & Other Fast Signals
 26. Non-Global High Fan-Out Signals
 27. Fitter RAM Summary
 28. Routing Usage Summary
 29. LAB Logic Elements
 30. LAB-wide Signals
 31. LAB Signals Sourced
 32. LAB Signals Sourced Out
 33. LAB Distinct Inputs
 34. I/O Rules Summary
 35. I/O Rules Details
 36. I/O Rules Matrix
 37. Fitter Device Options
 38. Operating Settings and Conditions
 39. Estimated Delay Added for Hold Timing Summary
 40. Estimated Delay Added for Hold Timing Details
 41. Fitter Messages
 42. Fitter Suppressed Messages



----------------
; Legal Notice ;
----------------
Copyright (C) 2020  Intel Corporation. All rights reserved.
Your use of Intel Corporation's design tools, logic functions 
and other software and tools, and any partner logic 
functions, and any output files from any of the foregoing 
(including device programming or simulation files), and any 
associated documentation or information are expressly subject 
to the terms and conditions of the Intel Program License 
Subscription Agreement, the Intel Quartus Prime License Agreement,
the Intel FPGA IP License Agreement, or other applicable license
agreement, including, without limitation, that your use is for
the sole purpose of programming logic devices manufactured by
Intel and sold by Intel or its authorized distributors.  Please
refer to the applicable agreement for further details, at
https://fpgasoftware.intel.com/eula.



+----------------------------------------------------------------------------------+
; Fitter Summary                                                                   ;
+------------------------------------+---------------------------------------------+
; Fitter Status                      ; Successful - Thu Apr 30 12:59:15 2026       ;
; Quartus Prime Version              ; 20.1.1 Build 720 11/11/2020 SJ Lite Edition ;
; Revision Name                      ; de10l-neorv32-sdram-qsys                    ;
; Top-level Entity Name              ; top                                         ;
; Family                             ; MAX 10                                      ;
; Device                             ; 10M50DAF484C7G                              ;
; Timing Models                      ; Final                                       ;
; Total logic elements               ; 7,616 / 49,760 ( 15 % )                     ;
;     Total combinational functions  ; 7,159 / 49,760 ( 14 % )                     ;
;     Dedicated logic registers      ; 2,587 / 49,760 ( 5 % )                      ;
; Total registers                    ; 2656                                        ;
; Total pins                         ; 59 / 360 ( 16 % )                           ;
; Total virtual pins                 ; 0                                           ;
; Total memory bits                  ; 788,480 / 1,677,312 ( 47 % )                ;
; Embedded Multiplier 9-bit elements ; 0 / 288 ( 0 % )                             ;
; Total PLLs                         ; 1 / 4 ( 25 % )                              ;
; UFM blocks                         ; 0 / 1 ( 0 % )                               ;
; ADC blocks                         ; 0 / 2 ( 0 % )                               ;
+------------------------------------+---------------------------------------------+


+----------------------------------------------------------------------------------------------------------------------------------------------------+
; Fitter Settings                                                                                                                                    ;
+--------------------------------------------------------------------+---------------------------------------+---------------------------------------+
; Option                                                             ; Setting                               ; Default Value                         ;
+--------------------------------------------------------------------+---------------------------------------+---------------------------------------+
; Device                                                             ; 10M50DAF484C7G                        ;                                       ;
; Minimum Core Junction Temperature                                  ; 0                                     ;                                       ;
; Maximum Core Junction Temperature                                  ; 85                                    ;                                       ;
; Fit Attempts to Skip                                               ; 0                                     ; 0.0                                   ;
; Auto Register Duplication                                          ; Off                                   ; Auto                                  ;
; Use smart compilation                                              ; Off                                   ; Off                                   ;
; Enable parallel Assembler and Timing Analyzer during compilation   ; On                                    ; On                                    ;
; Enable compact report table                                        ; Off                                   ; Off                                   ;
; Auto Merge PLLs                                                    ; On                                    ; On                                    ;
; Router Timing Optimization Level                                   ; Normal                                ; Normal                                ;
; Perform Clocking Topology Analysis During Routing                  ; Off                                   ; Off                                   ;
; Placement Effort Multiplier                                        ; 1.0                                   ; 1.0                                   ;
; Router Effort Multiplier                                           ; 1.0                                   ; 1.0                                   ;
; Optimize Hold Timing                                               ; All Paths                             ; All Paths                             ;
; Optimize Multi-Corner Timing                                       ; On                                    ; On                                    ;
; Power Optimization During Fitting                                  ; Normal compilation                    ; Normal compilation                    ;
; SSN Optimization                                                   ; Off                                   ; Off                                   ;
; Optimize Timing                                                    ; Normal compilation                    ; Normal compilation                    ;
; Optimize Timing for ECOs                                           ; Off                                   ; Off                                   ;
; Regenerate Full Fit Report During ECO Compiles                     ; Off                                   ; Off                                   ;
; Optimize IOC Register Placement for Timing                         ; Normal                                ; Normal                                ;
; Final Placement Optimizations                                      ; Automatically                         ; Automatically                         ;
; Fitter Initial Placement Seed                                      ; 1                                     ; 1                                     ;
; Periphery to Core Placement and Routing Optimization               ; Off                                   ; Off                                   ;
; PCI I/O                                                            ; Off                                   ; Off                                   ;
; Weak Pull-Up Resistor                                              ; Off                                   ; Off                                   ;
; Enable Bus-Hold Circuitry                                          ; Off                                   ; Off                                   ;
; Auto Packed Registers                                              ; Auto                                  ; Auto                                  ;
; Auto Delay Chains                                                  ; On                                    ; On                                    ;
; Auto Delay Chains for High Fanout Input Pins                       ; Off                                   ; Off                                   ;
; Allow Single-ended Buffer for Differential-XSTL Input              ; Off                                   ; Off                                   ;
; Treat Bidirectional Pin as Output Pin                              ; Off                                   ; Off                                   ;
; Perform Physical Synthesis for Combinational Logic for Fitting     ; Off                                   ; Off                                   ;
; Perform Physical Synthesis for Combinational Logic for Performance ; Off                                   ; Off                                   ;
; Perform Register Duplication for Performance                       ; Off                                   ; Off                                   ;
; Perform Logic to Memory Mapping for Fitting                        ; Off                                   ; Off                                   ;
; Perform Register Retiming for Performance                          ; Off                                   ; Off                                   ;
; Perform Asynchronous Signal Pipelining                             ; Off                                   ; Off                                   ;
; Fitter Effort                                                      ; Auto Fit                              ; Auto Fit                              ;
; Physical Synthesis Effort Level                                    ; Normal                                ; Normal                                ;
; Logic Cell Insertion - Logic Duplication                           ; Auto                                  ; Auto                                  ;
; Auto Global Clock                                                  ; On                                    ; On                                    ;
; Auto Global Register Control Signals                               ; On                                    ; On                                    ;
; Reserve all unused pins                                            ; As input tri-stated with weak pull-up ; As input tri-stated with weak pull-up ;
; Synchronizer Identification                                        ; Auto                                  ; Auto                                  ;
; Enable Beneficial Skew Optimization                                ; On                                    ; On                                    ;
; Optimize Design for Metastability                                  ; On                                    ; On                                    ;
; Force Fitter to Avoid Periphery Placement Warnings                 ; Off                                   ; Off                                   ;
; Enable input tri-state on active configuration pins in user mode   ; Off                                   ; Off                                   ;
+--------------------------------------------------------------------+---------------------------------------+---------------------------------------+


+------------------------------------------+
; Parallel Compilation                     ;
+----------------------------+-------------+
; Processors                 ; Number      ;
+----------------------------+-------------+
; Number detected on machine ; 16          ;
; Maximum allowed            ; 10          ;
;                            ;             ;
; Average used               ; 1.68        ;
; Maximum used               ; 10          ;
;                            ;             ;
; Usage by Processor         ; % Time Used ;
;     Processor 1            ; 100.0%      ;
;     Processor 2            ;   8.1%      ;
;     Processor 3            ;   8.0%      ;
;     Processor 4            ;   7.8%      ;
;     Processor 5            ;   7.7%      ;
;     Processor 6            ;   7.5%      ;
;     Processor 7            ;   7.4%      ;
;     Processor 8            ;   7.3%      ;
;     Processors 9-10        ;   7.1%      ;
+----------------------------+-------------+


+--------------------------------------------------------------------------------------------------------------------------------------------------------------------------------------------------------------------------------------------------------------------------------------+
; Fitter Netlist Optimizations                                                                                                                                                                                                                                                         ;
+------------------------------------------------------------+-----------------+------------------+----------------------------------------+-----------+----------------+-------------------------------------------------------------------+------------------+-----------------------+
; Node                                                       ; Action          ; Operation        ; Reason                                 ; Node Port ; Node Port Name ; Destination Node                                                  ; Destination Port ; Destination Port Name ;
+------------------------------------------------------------+-----------------+------------------+----------------------------------------+-----------+----------------+-------------------------------------------------------------------+------------------+-----------------------+
; qsys_core:inst_qsys|qsys_core_sdram:sdram|m_addr[0]        ; Packed Register ; Register Packing ; Fast Output Register assignment        ; Q         ;                ; SDRAM_ADDR[0]~output                                              ; I                ;                       ;
; qsys_core:inst_qsys|qsys_core_sdram:sdram|m_addr[1]        ; Packed Register ; Register Packing ; Fast Output Register assignment        ; Q         ;                ; SDRAM_ADDR[1]~output                                              ; I                ;                       ;
; qsys_core:inst_qsys|qsys_core_sdram:sdram|m_addr[2]        ; Packed Register ; Register Packing ; Fast Output Register assignment        ; Q         ;                ; SDRAM_ADDR[2]~output                                              ; I                ;                       ;
; qsys_core:inst_qsys|qsys_core_sdram:sdram|m_addr[3]        ; Packed Register ; Register Packing ; Fast Output Register assignment        ; Q         ;                ; SDRAM_ADDR[3]~output                                              ; I                ;                       ;
; qsys_core:inst_qsys|qsys_core_sdram:sdram|m_addr[4]        ; Packed Register ; Register Packing ; Fast Output Register assignment        ; Q         ;                ; SDRAM_ADDR[4]~output                                              ; I                ;                       ;
; qsys_core:inst_qsys|qsys_core_sdram:sdram|m_addr[5]        ; Packed Register ; Register Packing ; Fast Output Register assignment        ; Q         ;                ; SDRAM_ADDR[5]~output                                              ; I                ;                       ;
; qsys_core:inst_qsys|qsys_core_sdram:sdram|m_addr[6]        ; Packed Register ; Register Packing ; Fast Output Register assignment        ; Q         ;                ; SDRAM_ADDR[6]~output                                              ; I                ;                       ;
; qsys_core:inst_qsys|qsys_core_sdram:sdram|m_addr[7]        ; Packed Register ; Register Packing ; Fast Output Register assignment        ; Q         ;                ; SDRAM_ADDR[7]~output                                              ; I                ;                       ;
; qsys_core:inst_qsys|qsys_core_sdram:sdram|m_addr[8]        ; Packed Register ; Register Packing ; Fast Output Register assignment        ; Q         ;                ; SDRAM_ADDR[8]~output                                              ; I                ;                       ;
; qsys_core:inst_qsys|qsys_core_sdram:sdram|m_addr[9]        ; Packed Register ; Register Packing ; Fast Output Register assignment        ; Q         ;                ; SDRAM_ADDR[9]~output                                              ; I                ;                       ;
; qsys_core:inst_qsys|qsys_core_sdram:sdram|m_addr[10]       ; Packed Register ; Register Packing ; Fast Output Register assignment        ; Q         ;                ; SDRAM_ADDR[10]~output                                             ; I                ;                       ;
; qsys_core:inst_qsys|qsys_core_sdram:sdram|m_addr[11]       ; Packed Register ; Register Packing ; Fast Output Register assignment        ; Q         ;                ; SDRAM_ADDR[11]~output                                             ; I                ;                       ;
; qsys_core:inst_qsys|qsys_core_sdram:sdram|m_addr[12]       ; Packed Register ; Register Packing ; Fast Output Register assignment        ; Q         ;                ; SDRAM_ADDR[12]~output                                             ; I                ;                       ;
; qsys_core:inst_qsys|qsys_core_sdram:sdram|m_bank[0]        ; Packed Register ; Register Packing ; Fast Output Register assignment        ; Q         ;                ; SDRAM_BA_0~output                                                 ; I                ;                       ;
; qsys_core:inst_qsys|qsys_core_sdram:sdram|m_bank[1]        ; Packed Register ; Register Packing ; Fast Output Register assignment        ; Q         ;                ; SDRAM_BA_1~output                                                 ; I                ;                       ;
; qsys_core:inst_qsys|qsys_core_sdram:sdram|m_cmd[0]         ; Duplicated      ; Register Packing ; Fast Output Register assignment        ; Q         ;                ; qsys_core:inst_qsys|qsys_core_sdram:sdram|m_cmd[0]~_Duplicate_1   ; Q                ;                       ;
; qsys_core:inst_qsys|qsys_core_sdram:sdram|m_cmd[0]         ; Packed Register ; Register Packing ; Fast Output Register assignment        ; Q         ;                ; SDRAM_WE_N~output                                                 ; I                ;                       ;
; qsys_core:inst_qsys|qsys_core_sdram:sdram|m_cmd[0]         ; Inverted        ; Register Packing ; Fast Output Register assignment        ; Q         ;                ;                                                                   ;                  ;                       ;
; qsys_core:inst_qsys|qsys_core_sdram:sdram|m_cmd[1]         ; Duplicated      ; Register Packing ; Fast Output Register assignment        ; Q         ;                ; qsys_core:inst_qsys|qsys_core_sdram:sdram|m_cmd[1]~_Duplicate_1   ; Q                ;                       ;
; qsys_core:inst_qsys|qsys_core_sdram:sdram|m_cmd[1]         ; Packed Register ; Register Packing ; Fast Output Register assignment        ; Q         ;                ; SDRAM_CAS_N~output                                                ; I                ;                       ;
; qsys_core:inst_qsys|qsys_core_sdram:sdram|m_cmd[1]         ; Inverted        ; Register Packing ; Fast Output Register assignment        ; Q         ;                ;                                                                   ;                  ;                       ;
; qsys_core:inst_qsys|qsys_core_sdram:sdram|m_cmd[2]         ; Duplicated      ; Register Packing ; Fast Output Register assignment        ; Q         ;                ; qsys_core:inst_qsys|qsys_core_sdram:sdram|m_cmd[2]~_Duplicate_1   ; Q                ;                       ;
; qsys_core:inst_qsys|qsys_core_sdram:sdram|m_cmd[2]         ; Packed Register ; Register Packing ; Fast Output Register assignment        ; Q         ;                ; SDRAM_RAS_N~output                                                ; I                ;                       ;
; qsys_core:inst_qsys|qsys_core_sdram:sdram|m_cmd[2]         ; Inverted        ; Register Packing ; Fast Output Register assignment        ; Q         ;                ;                                                                   ;                  ;                       ;
; qsys_core:inst_qsys|qsys_core_sdram:sdram|m_cmd[3]         ; Packed Register ; Register Packing ; Fast Output Register assignment        ; Q         ;                ; SDRAM_CS_N~output                                                 ; I                ;                       ;
; qsys_core:inst_qsys|qsys_core_sdram:sdram|m_cmd[3]         ; Inverted        ; Register Packing ; Fast Output Register assignment        ; Q         ;                ;                                                                   ;                  ;                       ;
; qsys_core:inst_qsys|qsys_core_sdram:sdram|m_data[0]        ; Duplicated      ; Register Packing ; Fast Output Register assignment        ; Q         ;                ; qsys_core:inst_qsys|qsys_core_sdram:sdram|m_data[0]~_Duplicate_1  ; Q                ;                       ;
; qsys_core:inst_qsys|qsys_core_sdram:sdram|m_data[0]        ; Packed Register ; Register Packing ; Fast Output Register assignment        ; Q         ;                ; SDRAM_DQ[0]~output                                                ; I                ;                       ;
; qsys_core:inst_qsys|qsys_core_sdram:sdram|m_data[1]        ; Duplicated      ; Register Packing ; Fast Output Register assignment        ; Q         ;                ; qsys_core:inst_qsys|qsys_core_sdram:sdram|m_data[1]~_Duplicate_1  ; Q                ;                       ;
; qsys_core:inst_qsys|qsys_core_sdram:sdram|m_data[1]        ; Packed Register ; Register Packing ; Fast Output Register assignment        ; Q         ;                ; SDRAM_DQ[1]~output                                                ; I                ;                       ;
; qsys_core:inst_qsys|qsys_core_sdram:sdram|m_data[2]        ; Duplicated      ; Register Packing ; Fast Output Register assignment        ; Q         ;                ; qsys_core:inst_qsys|qsys_core_sdram:sdram|m_data[2]~_Duplicate_1  ; Q                ;                       ;
; qsys_core:inst_qsys|qsys_core_sdram:sdram|m_data[2]        ; Packed Register ; Register Packing ; Fast Output Register assignment        ; Q         ;                ; SDRAM_DQ[2]~output                                                ; I                ;                       ;
; qsys_core:inst_qsys|qsys_core_sdram:sdram|m_data[3]        ; Duplicated      ; Register Packing ; Fast Output Register assignment        ; Q         ;                ; qsys_core:inst_qsys|qsys_core_sdram:sdram|m_data[3]~_Duplicate_1  ; Q                ;                       ;
; qsys_core:inst_qsys|qsys_core_sdram:sdram|m_data[3]        ; Packed Register ; Register Packing ; Fast Output Register assignment        ; Q         ;                ; SDRAM_DQ[3]~output                                                ; I                ;                       ;
; qsys_core:inst_qsys|qsys_core_sdram:sdram|m_data[4]        ; Duplicated      ; Register Packing ; Fast Output Register assignment        ; Q         ;                ; qsys_core:inst_qsys|qsys_core_sdram:sdram|m_data[4]~_Duplicate_1  ; Q                ;                       ;
; qsys_core:inst_qsys|qsys_core_sdram:sdram|m_data[4]        ; Packed Register ; Register Packing ; Fast Output Register assignment        ; Q         ;                ; SDRAM_DQ[4]~output                                                ; I                ;                       ;
; qsys_core:inst_qsys|qsys_core_sdram:sdram|m_data[5]        ; Duplicated      ; Register Packing ; Fast Output Register assignment        ; Q         ;                ; qsys_core:inst_qsys|qsys_core_sdram:sdram|m_data[5]~_Duplicate_1  ; Q                ;                       ;
; qsys_core:inst_qsys|qsys_core_sdram:sdram|m_data[5]        ; Packed Register ; Register Packing ; Fast Output Register assignment        ; Q         ;                ; SDRAM_DQ[5]~output                                                ; I                ;                       ;
; qsys_core:inst_qsys|qsys_core_sdram:sdram|m_data[6]        ; Duplicated      ; Register Packing ; Fast Output Register assignment        ; Q         ;                ; qsys_core:inst_qsys|qsys_core_sdram:sdram|m_data[6]~_Duplicate_1  ; Q                ;                       ;
; qsys_core:inst_qsys|qsys_core_sdram:sdram|m_data[6]        ; Packed Register ; Register Packing ; Fast Output Register assignment        ; Q         ;                ; SDRAM_DQ[6]~output                                                ; I                ;                       ;
; qsys_core:inst_qsys|qsys_core_sdram:sdram|m_data[7]        ; Duplicated      ; Register Packing ; Fast Output Register assignment        ; Q         ;                ; qsys_core:inst_qsys|qsys_core_sdram:sdram|m_data[7]~_Duplicate_1  ; Q                ;                       ;
; qsys_core:inst_qsys|qsys_core_sdram:sdram|m_data[7]        ; Packed Register ; Register Packing ; Fast Output Register assignment        ; Q         ;                ; SDRAM_DQ[7]~output                                                ; I                ;                       ;
; qsys_core:inst_qsys|qsys_core_sdram:sdram|m_data[8]        ; Duplicated      ; Register Packing ; Fast Output Register assignment        ; Q         ;                ; qsys_core:inst_qsys|qsys_core_sdram:sdram|m_data[8]~_Duplicate_1  ; Q                ;                       ;
; qsys_core:inst_qsys|qsys_core_sdram:sdram|m_data[8]        ; Packed Register ; Register Packing ; Fast Output Register assignment        ; Q         ;                ; SDRAM_DQ[8]~output                                                ; I                ;                       ;
; qsys_core:inst_qsys|qsys_core_sdram:sdram|m_data[9]        ; Duplicated      ; Register Packing ; Fast Output Register assignment        ; Q         ;                ; qsys_core:inst_qsys|qsys_core_sdram:sdram|m_data[9]~_Duplicate_1  ; Q                ;                       ;
; qsys_core:inst_qsys|qsys_core_sdram:sdram|m_data[9]        ; Packed Register ; Register Packing ; Fast Output Register assignment        ; Q         ;                ; SDRAM_DQ[9]~output                                                ; I                ;                       ;
; qsys_core:inst_qsys|qsys_core_sdram:sdram|m_data[10]       ; Duplicated      ; Register Packing ; Fast Output Register assignment        ; Q         ;                ; qsys_core:inst_qsys|qsys_core_sdram:sdram|m_data[10]~_Duplicate_1 ; Q                ;                       ;
; qsys_core:inst_qsys|qsys_core_sdram:sdram|m_data[10]       ; Packed Register ; Register Packing ; Fast Output Register assignment        ; Q         ;                ; SDRAM_DQ[10]~output                                               ; I                ;                       ;
; qsys_core:inst_qsys|qsys_core_sdram:sdram|m_data[11]       ; Duplicated      ; Register Packing ; Fast Output Register assignment        ; Q         ;                ; qsys_core:inst_qsys|qsys_core_sdram:sdram|m_data[11]~_Duplicate_1 ; Q                ;                       ;
; qsys_core:inst_qsys|qsys_core_sdram:sdram|m_data[11]       ; Packed Register ; Register Packing ; Fast Output Register assignment        ; Q         ;                ; SDRAM_DQ[11]~output                                               ; I                ;                       ;
; qsys_core:inst_qsys|qsys_core_sdram:sdram|m_data[12]       ; Duplicated      ; Register Packing ; Fast Output Register assignment        ; Q         ;                ; qsys_core:inst_qsys|qsys_core_sdram:sdram|m_data[12]~_Duplicate_1 ; Q                ;                       ;
; qsys_core:inst_qsys|qsys_core_sdram:sdram|m_data[12]       ; Packed Register ; Register Packing ; Fast Output Register assignment        ; Q         ;                ; SDRAM_DQ[12]~output                                               ; I                ;                       ;
; qsys_core:inst_qsys|qsys_core_sdram:sdram|m_data[13]       ; Duplicated      ; Register Packing ; Fast Output Register assignment        ; Q         ;                ; qsys_core:inst_qsys|qsys_core_sdram:sdram|m_data[13]~_Duplicate_1 ; Q                ;                       ;
; qsys_core:inst_qsys|qsys_core_sdram:sdram|m_data[13]       ; Packed Register ; Register Packing ; Fast Output Register assignment        ; Q         ;                ; SDRAM_DQ[13]~output                                               ; I                ;                       ;
; qsys_core:inst_qsys|qsys_core_sdram:sdram|m_data[14]       ; Duplicated      ; Register Packing ; Fast Output Register assignment        ; Q         ;                ; qsys_core:inst_qsys|qsys_core_sdram:sdram|m_data[14]~_Duplicate_1 ; Q                ;                       ;
; qsys_core:inst_qsys|qsys_core_sdram:sdram|m_data[14]       ; Packed Register ; Register Packing ; Fast Output Register assignment        ; Q         ;                ; SDRAM_DQ[14]~output                                               ; I                ;                       ;
; qsys_core:inst_qsys|qsys_core_sdram:sdram|m_data[15]       ; Duplicated      ; Register Packing ; Fast Output Register assignment        ; Q         ;                ; qsys_core:inst_qsys|qsys_core_sdram:sdram|m_data[15]~_Duplicate_1 ; Q                ;                       ;
; qsys_core:inst_qsys|qsys_core_sdram:sdram|m_data[15]       ; Packed Register ; Register Packing ; Fast Output Register assignment        ; Q         ;                ; SDRAM_DQ[15]~output                                               ; I                ;                       ;
; qsys_core:inst_qsys|qsys_core_sdram:sdram|m_dqm[0]         ; Packed Register ; Register Packing ; Fast Output Register assignment        ; Q         ;                ; SDRAM_DQML~output                                                 ; I                ;                       ;
; qsys_core:inst_qsys|qsys_core_sdram:sdram|m_dqm[1]         ; Packed Register ; Register Packing ; Fast Output Register assignment        ; Q         ;                ; SDRAM_DQMU~output                                                 ; I                ;                       ;
; qsys_core:inst_qsys|qsys_core_sdram:sdram|oe               ; Duplicated      ; Register Packing ; Fast Output Enable Register assignment ; Q         ;                ; qsys_core:inst_qsys|qsys_core_sdram:sdram|oe~_Duplicate_1         ; Q                ;                       ;
; qsys_core:inst_qsys|qsys_core_sdram:sdram|oe               ; Packed Register ; Register Packing ; Fast Output Enable Register assignment ; Q         ;                ; SDRAM_DQ[0]~output                                                ; OE               ;                       ;
; qsys_core:inst_qsys|qsys_core_sdram:sdram|oe               ; Inverted        ; Register Packing ; Fast Output Enable Register assignment ; Q         ;                ;                                                                   ;                  ;                       ;
; qsys_core:inst_qsys|qsys_core_sdram:sdram|oe~_Duplicate_1  ; Duplicated      ; Register Packing ; Fast Output Enable Register assignment ; Q         ;                ; qsys_core:inst_qsys|qsys_core_sdram:sdram|oe~_Duplicate_2         ; Q                ;                       ;
; qsys_core:inst_qsys|qsys_core_sdram:sdram|oe~_Duplicate_1  ; Packed Register ; Register Packing ; Fast Output Enable Register assignment ; Q         ;                ; SDRAM_DQ[1]~output                                                ; OE               ;                       ;
; qsys_core:inst_qsys|qsys_core_sdram:sdram|oe~_Duplicate_1  ; Inverted        ; Register Packing ; Fast Output Enable Register assignment ; Q         ;                ;                                                                   ;                  ;                       ;
; qsys_core:inst_qsys|qsys_core_sdram:sdram|oe~_Duplicate_2  ; Duplicated      ; Register Packing ; Fast Output Enable Register assignment ; Q         ;                ; qsys_core:inst_qsys|qsys_core_sdram:sdram|oe~_Duplicate_3         ; Q                ;                       ;
; qsys_core:inst_qsys|qsys_core_sdram:sdram|oe~_Duplicate_2  ; Packed Register ; Register Packing ; Fast Output Enable Register assignment ; Q         ;                ; SDRAM_DQ[2]~output                                                ; OE               ;                       ;
; qsys_core:inst_qsys|qsys_core_sdram:sdram|oe~_Duplicate_2  ; Inverted        ; Register Packing ; Fast Output Enable Register assignment ; Q         ;                ;                                                                   ;                  ;                       ;
; qsys_core:inst_qsys|qsys_core_sdram:sdram|oe~_Duplicate_3  ; Duplicated      ; Register Packing ; Fast Output Enable Register assignment ; Q         ;                ; qsys_core:inst_qsys|qsys_core_sdram:sdram|oe~_Duplicate_4         ; Q                ;                       ;
; qsys_core:inst_qsys|qsys_core_sdram:sdram|oe~_Duplicate_3  ; Packed Register ; Register Packing ; Fast Output Enable Register assignment ; Q         ;                ; SDRAM_DQ[3]~output                                                ; OE               ;                       ;
; qsys_core:inst_qsys|qsys_core_sdram:sdram|oe~_Duplicate_3  ; Inverted        ; Register Packing ; Fast Output Enable Register assignment ; Q         ;                ;                                                                   ;                  ;                       ;
; qsys_core:inst_qsys|qsys_core_sdram:sdram|oe~_Duplicate_4  ; Duplicated      ; Register Packing ; Fast Output Enable Register assignment ; Q         ;                ; qsys_core:inst_qsys|qsys_core_sdram:sdram|oe~_Duplicate_5         ; Q                ;                       ;
; qsys_core:inst_qsys|qsys_core_sdram:sdram|oe~_Duplicate_4  ; Packed Register ; Register Packing ; Fast Output Enable Register assignment ; Q         ;                ; SDRAM_DQ[4]~output                                                ; OE               ;                       ;
; qsys_core:inst_qsys|qsys_core_sdram:sdram|oe~_Duplicate_4  ; Inverted        ; Register Packing ; Fast Output Enable Register assignment ; Q         ;                ;                                                                   ;                  ;                       ;
; qsys_core:inst_qsys|qsys_core_sdram:sdram|oe~_Duplicate_5  ; Duplicated      ; Register Packing ; Fast Output Enable Register assignment ; Q         ;                ; qsys_core:inst_qsys|qsys_core_sdram:sdram|oe~_Duplicate_6         ; Q                ;                       ;
; qsys_core:inst_qsys|qsys_core_sdram:sdram|oe~_Duplicate_5  ; Packed Register ; Register Packing ; Fast Output Enable Register assignment ; Q         ;                ; SDRAM_DQ[5]~output                                                ; OE               ;                       ;
; qsys_core:inst_qsys|qsys_core_sdram:sdram|oe~_Duplicate_5  ; Inverted        ; Register Packing ; Fast Output Enable Register assignment ; Q         ;                ;                                                                   ;                  ;                       ;
; qsys_core:inst_qsys|qsys_core_sdram:sdram|oe~_Duplicate_6  ; Duplicated      ; Register Packing ; Fast Output Enable Register assignment ; Q         ;                ; qsys_core:inst_qsys|qsys_core_sdram:sdram|oe~_Duplicate_7         ; Q                ;                       ;
; qsys_core:inst_qsys|qsys_core_sdram:sdram|oe~_Duplicate_6  ; Packed Register ; Register Packing ; Fast Output Enable Register assignment ; Q         ;                ; SDRAM_DQ[6]~output                                                ; OE               ;                       ;
; qsys_core:inst_qsys|qsys_core_sdram:sdram|oe~_Duplicate_6  ; Inverted        ; Register Packing ; Fast Output Enable Register assignment ; Q         ;                ;                                                                   ;                  ;                       ;
; qsys_core:inst_qsys|qsys_core_sdram:sdram|oe~_Duplicate_7  ; Duplicated      ; Register Packing ; Fast Output Enable Register assignment ; Q         ;                ; qsys_core:inst_qsys|qsys_core_sdram:sdram|oe~_Duplicate_8         ; Q                ;                       ;
; qsys_core:inst_qsys|qsys_core_sdram:sdram|oe~_Duplicate_7  ; Packed Register ; Register Packing ; Fast Output Enable Register assignment ; Q         ;                ; SDRAM_DQ[7]~output                                                ; OE               ;                       ;
; qsys_core:inst_qsys|qsys_core_sdram:sdram|oe~_Duplicate_7  ; Inverted        ; Register Packing ; Fast Output Enable Register assignment ; Q         ;                ;                                                                   ;                  ;                       ;
; qsys_core:inst_qsys|qsys_core_sdram:sdram|oe~_Duplicate_8  ; Duplicated      ; Register Packing ; Fast Output Enable Register assignment ; Q         ;                ; qsys_core:inst_qsys|qsys_core_sdram:sdram|oe~_Duplicate_9         ; Q                ;                       ;
; qsys_core:inst_qsys|qsys_core_sdram:sdram|oe~_Duplicate_8  ; Packed Register ; Register Packing ; Fast Output Enable Register assignment ; Q         ;                ; SDRAM_DQ[8]~output                                                ; OE               ;                       ;
; qsys_core:inst_qsys|qsys_core_sdram:sdram|oe~_Duplicate_8  ; Inverted        ; Register Packing ; Fast Output Enable Register assignment ; Q         ;                ;                                                                   ;                  ;                       ;
; qsys_core:inst_qsys|qsys_core_sdram:sdram|oe~_Duplicate_9  ; Duplicated      ; Register Packing ; Fast Output Enable Register assignment ; Q         ;                ; qsys_core:inst_qsys|qsys_core_sdram:sdram|oe~_Duplicate_10        ; Q                ;                       ;
; qsys_core:inst_qsys|qsys_core_sdram:sdram|oe~_Duplicate_9  ; Packed Register ; Register Packing ; Fast Output Enable Register assignment ; Q         ;                ; SDRAM_DQ[9]~output                                                ; OE               ;                       ;
; qsys_core:inst_qsys|qsys_core_sdram:sdram|oe~_Duplicate_9  ; Inverted        ; Register Packing ; Fast Output Enable Register assignment ; Q         ;                ;                                                                   ;                  ;                       ;
; qsys_core:inst_qsys|qsys_core_sdram:sdram|oe~_Duplicate_10 ; Duplicated      ; Register Packing ; Fast Output Enable Register assignment ; Q         ;                ; qsys_core:inst_qsys|qsys_core_sdram:sdram|oe~_Duplicate_11        ; Q                ;                       ;
; qsys_core:inst_qsys|qsys_core_sdram:sdram|oe~_Duplicate_10 ; Packed Register ; Register Packing ; Fast Output Enable Register assignment ; Q         ;                ; SDRAM_DQ[10]~output                                               ; OE               ;                       ;
; qsys_core:inst_qsys|qsys_core_sdram:sdram|oe~_Duplicate_10 ; Inverted        ; Register Packing ; Fast Output Enable Register assignment ; Q         ;                ;                                                                   ;                  ;                       ;
; qsys_core:inst_qsys|qsys_core_sdram:sdram|oe~_Duplicate_11 ; Duplicated      ; Register Packing ; Fast Output Enable Register assignment ; Q         ;                ; qsys_core:inst_qsys|qsys_core_sdram:sdram|oe~_Duplicate_12        ; Q                ;                       ;
; qsys_core:inst_qsys|qsys_core_sdram:sdram|oe~_Duplicate_11 ; Packed Register ; Register Packing ; Fast Output Enable Register assignment ; Q         ;                ; SDRAM_DQ[11]~output                                               ; OE               ;                       ;
; qsys_core:inst_qsys|qsys_core_sdram:sdram|oe~_Duplicate_11 ; Inverted        ; Register Packing ; Fast Output Enable Register assignment ; Q         ;                ;                                                                   ;                  ;                       ;
; qsys_core:inst_qsys|qsys_core_sdram:sdram|oe~_Duplicate_12 ; Duplicated      ; Register Packing ; Fast Output Enable Register assignment ; Q         ;                ; qsys_core:inst_qsys|qsys_core_sdram:sdram|oe~_Duplicate_13        ; Q                ;                       ;
; qsys_core:inst_qsys|qsys_core_sdram:sdram|oe~_Duplicate_12 ; Packed Register ; Register Packing ; Fast Output Enable Register assignment ; Q         ;                ; SDRAM_DQ[12]~output                                               ; OE               ;                       ;
; qsys_core:inst_qsys|qsys_core_sdram:sdram|oe~_Duplicate_12 ; Inverted        ; Register Packing ; Fast Output Enable Register assignment ; Q         ;                ;                                                                   ;                  ;                       ;
; qsys_core:inst_qsys|qsys_core_sdram:sdram|oe~_Duplicate_13 ; Duplicated      ; Register Packing ; Fast Output Enable Register assignment ; Q         ;                ; qsys_core:inst_qsys|qsys_core_sdram:sdram|oe~_Duplicate_14        ; Q                ;                       ;
; qsys_core:inst_qsys|qsys_core_sdram:sdram|oe~_Duplicate_13 ; Packed Register ; Register Packing ; Fast Output Enable Register assignment ; Q         ;                ; SDRAM_DQ[13]~output                                               ; OE               ;                       ;
; qsys_core:inst_qsys|qsys_core_sdram:sdram|oe~_Duplicate_13 ; Inverted        ; Register Packing ; Fast Output Enable Register assignment ; Q         ;                ;                                                                   ;                  ;                       ;
; qsys_core:inst_qsys|qsys_core_sdram:sdram|oe~_Duplicate_14 ; Duplicated      ; Register Packing ; Fast Output Enable Register assignment ; Q         ;                ; qsys_core:inst_qsys|qsys_core_sdram:sdram|oe~_Duplicate_15        ; Q                ;                       ;
; qsys_core:inst_qsys|qsys_core_sdram:sdram|oe~_Duplicate_14 ; Packed Register ; Register Packing ; Fast Output Enable Register assignment ; Q         ;                ; SDRAM_DQ[14]~output                                               ; OE               ;                       ;
; qsys_core:inst_qsys|qsys_core_sdram:sdram|oe~_Duplicate_14 ; Inverted        ; Register Packing ; Fast Output Enable Register assignment ; Q         ;                ;                                                                   ;                  ;                       ;
; qsys_core:inst_qsys|qsys_core_sdram:sdram|oe~_Duplicate_15 ; Packed Register ; Register Packing ; Fast Output Enable Register assignment ; Q         ;                ; SDRAM_DQ[15]~output                                               ; OE               ;                       ;
; qsys_core:inst_qsys|qsys_core_sdram:sdram|oe~_Duplicate_15 ; Inverted        ; Register Packing ; Fast Output Enable Register assignment ; Q         ;                ;                                                                   ;                  ;                       ;
; qsys_core:inst_qsys|qsys_core_sdram:sdram|za_data[0]       ; Packed Register ; Register Packing ; Fast Input Register assignment         ; Q         ;                ; SDRAM_DQ[0]~input                                                 ; O                ;                       ;
; qsys_core:inst_qsys|qsys_core_sdram:sdram|za_data[1]       ; Packed Register ; Register Packing ; Fast Input Register assignment         ; Q         ;                ; SDRAM_DQ[1]~input                                                 ; O                ;                       ;
; qsys_core:inst_qsys|qsys_core_sdram:sdram|za_data[2]       ; Packed Register ; Register Packing ; Fast Input Register assignment         ; Q         ;                ; SDRAM_DQ[2]~input                                                 ; O                ;                       ;
; qsys_core:inst_qsys|qsys_core_sdram:sdram|za_data[3]       ; Packed Register ; Register Packing ; Fast Input Register assignment         ; Q         ;                ; SDRAM_DQ[3]~input                                                 ; O                ;                       ;
; qsys_core:inst_qsys|qsys_core_sdram:sdram|za_data[4]       ; Packed Register ; Register Packing ; Fast Input Register assignment         ; Q         ;                ; SDRAM_DQ[4]~input                                                 ; O                ;                       ;
; qsys_core:inst_qsys|qsys_core_sdram:sdram|za_data[5]       ; Packed Register ; Register Packing ; Fast Input Register assignment         ; Q         ;                ; SDRAM_DQ[5]~input                                                 ; O                ;                       ;
; qsys_core:inst_qsys|qsys_core_sdram:sdram|za_data[6]       ; Packed Register ; Register Packing ; Fast Input Register assignment         ; Q         ;                ; SDRAM_DQ[6]~input                                                 ; O                ;                       ;
; qsys_core:inst_qsys|qsys_core_sdram:sdram|za_data[7]       ; Packed Register ; Register Packing ; Fast Input Register assignment         ; Q         ;                ; SDRAM_DQ[7]~input                                                 ; O                ;                       ;
; qsys_core:inst_qsys|qsys_core_sdram:sdram|za_data[8]       ; Packed Register ; Register Packing ; Fast Input Register assignment         ; Q         ;                ; SDRAM_DQ[8]~input                                                 ; O                ;                       ;
; qsys_core:inst_qsys|qsys_core_sdram:sdram|za_data[9]       ; Packed Register ; Register Packing ; Fast Input Register assignment         ; Q         ;                ; SDRAM_DQ[9]~input                                                 ; O                ;                       ;
; qsys_core:inst_qsys|qsys_core_sdram:sdram|za_data[10]      ; Packed Register ; Register Packing ; Fast Input Register assignment         ; Q         ;                ; SDRAM_DQ[10]~input                                                ; O                ;                       ;
; qsys_core:inst_qsys|qsys_core_sdram:sdram|za_data[11]      ; Packed Register ; Register Packing ; Fast Input Register assignment         ; Q         ;                ; SDRAM_DQ[11]~input                                                ; O                ;                       ;
; qsys_core:inst_qsys|qsys_core_sdram:sdram|za_data[12]      ; Packed Register ; Register Packing ; Fast Input Register assignment         ; Q         ;                ; SDRAM_DQ[12]~input                                                ; O                ;                       ;
; qsys_core:inst_qsys|qsys_core_sdram:sdram|za_data[13]      ; Packed Register ; Register Packing ; Fast Input Register assignment         ; Q         ;                ; SDRAM_DQ[13]~input                                                ; O                ;                       ;
; qsys_core:inst_qsys|qsys_core_sdram:sdram|za_data[14]      ; Packed Register ; Register Packing ; Fast Input Register assignment         ; Q         ;                ; SDRAM_DQ[14]~input                                                ; O                ;                       ;
; qsys_core:inst_qsys|qsys_core_sdram:sdram|za_data[15]      ; Packed Register ; Register Packing ; Fast Input Register assignment         ; Q         ;                ; SDRAM_DQ[15]~input                                                ; O                ;                       ;
+------------------------------------------------------------+-----------------+------------------+----------------------------------------+-----------+----------------+-------------------------------------------------------------------+------------------+-----------------------+


+------------------------------------------------------------------------------------------------------------------------------+
; Ignored Assignments                                                                                                          ;
+-----------------------------+-----------------+--------------+------------------+---------------+----------------------------+
; Name                        ; Ignored Entity  ; Ignored From ; Ignored To       ; Ignored Value ; Ignored Source             ;
+-----------------------------+-----------------+--------------+------------------+---------------+----------------------------+
; Fast Input Register         ; qsys_core_sdram ;              ; za_data[0]~reg0  ; ON            ; Compiler or HDL Assignment ;
; Fast Input Register         ; qsys_core_sdram ;              ; za_data[10]~reg0 ; ON            ; Compiler or HDL Assignment ;
; Fast Input Register         ; qsys_core_sdram ;              ; za_data[11]~reg0 ; ON            ; Compiler or HDL Assignment ;
; Fast Input Register         ; qsys_core_sdram ;              ; za_data[12]~reg0 ; ON            ; Compiler or HDL Assignment ;
; Fast Input Register         ; qsys_core_sdram ;              ; za_data[13]~reg0 ; ON            ; Compiler or HDL Assignment ;
; Fast Input Register         ; qsys_core_sdram ;              ; za_data[14]~reg0 ; ON            ; Compiler or HDL Assignment ;
; Fast Input Register         ; qsys_core_sdram ;              ; za_data[15]~reg0 ; ON            ; Compiler or HDL Assignment ;
; Fast Input Register         ; qsys_core_sdram ;              ; za_data[1]~reg0  ; ON            ; Compiler or HDL Assignment ;
; Fast Input Register         ; qsys_core_sdram ;              ; za_data[2]~reg0  ; ON            ; Compiler or HDL Assignment ;
; Fast Input Register         ; qsys_core_sdram ;              ; za_data[3]~reg0  ; ON            ; Compiler or HDL Assignment ;
; Fast Input Register         ; qsys_core_sdram ;              ; za_data[4]~reg0  ; ON            ; Compiler or HDL Assignment ;
; Fast Input Register         ; qsys_core_sdram ;              ; za_data[5]~reg0  ; ON            ; Compiler or HDL Assignment ;
; Fast Input Register         ; qsys_core_sdram ;              ; za_data[6]~reg0  ; ON            ; Compiler or HDL Assignment ;
; Fast Input Register         ; qsys_core_sdram ;              ; za_data[7]~reg0  ; ON            ; Compiler or HDL Assignment ;
; Fast Input Register         ; qsys_core_sdram ;              ; za_data[8]~reg0  ; ON            ; Compiler or HDL Assignment ;
; Fast Input Register         ; qsys_core_sdram ;              ; za_data[9]~reg0  ; ON            ; Compiler or HDL Assignment ;
; Fast Output Enable Register ; qsys_core_sdram ;              ; m_data[0]        ; ON            ; Compiler or HDL Assignment ;
; Fast Output Enable Register ; qsys_core_sdram ;              ; m_data[10]       ; ON            ; Compiler or HDL Assignment ;
; Fast Output Enable Register ; qsys_core_sdram ;              ; m_data[11]       ; ON            ; Compiler or HDL Assignment ;
; Fast Output Enable Register ; qsys_core_sdram ;              ; m_data[12]       ; ON            ; Compiler or HDL Assignment ;
; Fast Output Enable Register ; qsys_core_sdram ;              ; m_data[13]       ; ON            ; Compiler or HDL Assignment ;
; Fast Output Enable Register ; qsys_core_sdram ;              ; m_data[14]       ; ON            ; Compiler or HDL Assignment ;
; Fast Output Enable Register ; qsys_core_sdram ;              ; m_data[15]       ; ON            ; Compiler or HDL Assignment ;
; Fast Output Enable Register ; qsys_core_sdram ;              ; m_data[1]        ; ON            ; Compiler or HDL Assignment ;
; Fast Output Enable Register ; qsys_core_sdram ;              ; m_data[2]        ; ON            ; Compiler or HDL Assignment ;
; Fast Output Enable Register ; qsys_core_sdram ;              ; m_data[3]        ; ON            ; Compiler or HDL Assignment ;
; Fast Output Enable Register ; qsys_core_sdram ;              ; m_data[4]        ; ON            ; Compiler or HDL Assignment ;
; Fast Output Enable Register ; qsys_core_sdram ;              ; m_data[5]        ; ON            ; Compiler or HDL Assignment ;
; Fast Output Enable Register ; qsys_core_sdram ;              ; m_data[6]        ; ON            ; Compiler or HDL Assignment ;
; Fast Output Enable Register ; qsys_core_sdram ;              ; m_data[7]        ; ON            ; Compiler or HDL Assignment ;
; Fast Output Enable Register ; qsys_core_sdram ;              ; m_data[8]        ; ON            ; Compiler or HDL Assignment ;
; Fast Output Enable Register ; qsys_core_sdram ;              ; m_data[9]        ; ON            ; Compiler or HDL Assignment ;
+-----------------------------+-----------------+--------------+------------------+---------------+----------------------------+


+----------------------------------------------------------------------------------------------------+
; Incremental Compilation Preservation Summary                                                       ;
+---------------------+----------------------+----------------------------+--------------------------+
; Type                ; Total [A + B]        ; From Design Partitions [A] ; From Rapid Recompile [B] ;
+---------------------+----------------------+----------------------------+--------------------------+
; Placement (by node) ;                      ;                            ;                          ;
;     -- Requested    ; 0.00 % ( 0 / 10094 ) ; 0.00 % ( 0 / 10094 )       ; 0.00 % ( 0 / 10094 )     ;
;     -- Achieved     ; 0.00 % ( 0 / 10094 ) ; 0.00 % ( 0 / 10094 )       ; 0.00 % ( 0 / 10094 )     ;
;                     ;                      ;                            ;                          ;
; Routing (by net)    ;                      ;                            ;                          ;
;     -- Requested    ; 0.00 % ( 0 / 0 )     ; 0.00 % ( 0 / 0 )           ; 0.00 % ( 0 / 0 )         ;
;     -- Achieved     ; 0.00 % ( 0 / 0 )     ; 0.00 % ( 0 / 0 )           ; 0.00 % ( 0 / 0 )         ;
+---------------------+----------------------+----------------------------+--------------------------+


+----------------------------------------------------------------------------------------------------------------------------------------------------------------------------------------+
; Incremental Compilation Partition Settings                                                                                                                                             ;
+--------------------------------+----------------+-------------------+-------------------------+------------------------+------------------------------+--------------------------------+
; Partition Name                 ; Partition Type ; Netlist Type Used ; Preservation Level Used ; Netlist Type Requested ; Preservation Level Requested ; Contents                       ;
+--------------------------------+----------------+-------------------+-------------------------+------------------------+------------------------------+--------------------------------+
; Top                            ; User-created   ; Source File       ; N/A                     ; Source File            ; N/A                          ;                                ;
; hard_block:auto_generated_inst ; Auto-generated ; Source File       ; N/A                     ; Source File            ; N/A                          ; hard_block:auto_generated_inst ;
+--------------------------------+----------------+-------------------+-------------------------+------------------------+------------------------------+--------------------------------+


+------------------------------------------------------------------------------------------------------------------------------------+
; Incremental Compilation Placement Preservation                                                                                     ;
+--------------------------------+-----------------------+-------------------------+-------------------+---------------------+-------+
; Partition Name                 ; Preservation Achieved ; Preservation Level Used ; Netlist Type Used ; Preservation Method ; Notes ;
+--------------------------------+-----------------------+-------------------------+-------------------+---------------------+-------+
; Top                            ; 0.00 % ( 0 / 10075 )  ; N/A                     ; Source File       ; N/A                 ;       ;
; hard_block:auto_generated_inst ; 0.00 % ( 0 / 19 )     ; N/A                     ; Source File       ; N/A                 ;       ;
+--------------------------------+-----------------------+-------------------------+-------------------+---------------------+-------+


+--------------+
; Pin-Out File ;
+--------------+
The pin-out file can be found in //wsl.localhost/Ubuntu/home/matth/ESC472_FPGACORE/de10-lite/de10l-neorv32-sdram-qsys/hw/output_files/de10l-neorv32-sdram-qsys.pin.


+----------------------------------------------------------------------------+
; Fitter Resource Usage Summary                                              ;
+---------------------------------------------+------------------------------+
; Resource                                    ; Usage                        ;
+---------------------------------------------+------------------------------+
; Total logic elements                        ; 7,616 / 49,760 ( 15 % )      ;
;     -- Combinational with no register       ; 5029                         ;
;     -- Register only                        ; 457                          ;
;     -- Combinational with a register        ; 2130                         ;
;                                             ;                              ;
; Logic element usage by number of LUT inputs ;                              ;
;     -- 4 input functions                    ; 5069                         ;
;     -- 3 input functions                    ; 1386                         ;
;     -- <=2 input functions                  ; 704                          ;
;     -- Register only                        ; 457                          ;
;                                             ;                              ;
; Logic elements by mode                      ;                              ;
;     -- normal mode                          ; 6581                         ;
;     -- arithmetic mode                      ; 578                          ;
;                                             ;                              ;
; Total registers*                            ; 2,656 / 51,509 ( 5 % )       ;
;     -- Dedicated logic registers            ; 2,587 / 49,760 ( 5 % )       ;
;     -- I/O registers                        ; 69 / 1,749 ( 4 % )           ;
;                                             ;                              ;
; Total LABs:  partially or completely used   ; 549 / 3,110 ( 18 % )         ;
; Virtual pins                                ; 0                            ;
; I/O pins                                    ; 59 / 360 ( 16 % )            ;
;     -- Clock pins                           ; 2 / 8 ( 25 % )               ;
;     -- Dedicated input pins                 ; 1 / 1 ( 100 % )              ;
;                                             ;                              ;
; M9Ks                                        ; 98 / 182 ( 54 % )            ;
; UFM blocks                                  ; 0 / 1 ( 0 % )                ;
; ADC blocks                                  ; 0 / 2 ( 0 % )                ;
; Total block memory bits                     ; 788,480 / 1,677,312 ( 47 % ) ;
; Total block memory implementation bits      ; 903,168 / 1,677,312 ( 54 % ) ;
; Embedded Multiplier 9-bit elements          ; 0 / 288 ( 0 % )              ;
; PLLs                                        ; 1 / 4 ( 25 % )               ;
; Global signals                              ; 6                            ;
;     -- Global clocks                        ; 6 / 20 ( 30 % )              ;
; JTAGs                                       ; 0 / 1 ( 0 % )                ;
; CRC blocks                                  ; 0 / 1 ( 0 % )                ;
; Remote update blocks                        ; 0 / 1 ( 0 % )                ;
; Oscillator blocks                           ; 0 / 1 ( 0 % )                ;
; Impedance control blocks                    ; 0 / 1 ( 0 % )                ;
; Average interconnect usage (total/H/V)      ; 5.4% / 5.3% / 5.7%           ;
; Peak interconnect usage (total/H/V)         ; 34.1% / 34.9% / 32.9%        ;
; Maximum fan-out                             ; 2851                         ;
; Highest non-global fan-out                  ; 1289                         ;
; Total fan-out                               ; 38089                        ;
; Average fan-out                             ; 3.63                         ;
+---------------------------------------------+------------------------------+
*  Register count does not include registers inside RAM blocks or DSP blocks.



+-------------------------------------------------------------------------------------------------------+
; Fitter Partition Statistics                                                                           ;
+----------------------------------------------+-----------------------+--------------------------------+
; Statistic                                    ; Top                   ; hard_block:auto_generated_inst ;
+----------------------------------------------+-----------------------+--------------------------------+
; Difficulty Clustering Region                 ; Low                   ; Low                            ;
;                                              ;                       ;                                ;
; Total logic elements                         ; 7616 / 49760 ( 15 % ) ; 0 / 49760 ( 0 % )              ;
;     -- Combinational with no register        ; 5029                  ; 0                              ;
;     -- Register only                         ; 457                   ; 0                              ;
;     -- Combinational with a register         ; 2130                  ; 0                              ;
;                                              ;                       ;                                ;
; Logic element usage by number of LUT inputs  ;                       ;                                ;
;     -- 4 input functions                     ; 5069                  ; 0                              ;
;     -- 3 input functions                     ; 1386                  ; 0                              ;
;     -- <=2 input functions                   ; 704                   ; 0                              ;
;     -- Register only                         ; 457                   ; 0                              ;
;                                              ;                       ;                                ;
; Logic elements by mode                       ;                       ;                                ;
;     -- normal mode                           ; 6581                  ; 0                              ;
;     -- arithmetic mode                       ; 578                   ; 0                              ;
;                                              ;                       ;                                ;
; Total registers                              ; 2656                  ; 0                              ;
;     -- Dedicated logic registers             ; 2587 / 49760 ( 5 % )  ; 0 / 49760 ( 0 % )              ;
;     -- I/O registers                         ; 138                   ; 0                              ;
;                                              ;                       ;                                ;
; Total LABs:  partially or completely used    ; 549 / 3110 ( 18 % )   ; 0 / 3110 ( 0 % )               ;
;                                              ;                       ;                                ;
; Virtual pins                                 ; 0                     ; 0                              ;
; I/O pins                                     ; 59                    ; 0                              ;
; Embedded Multiplier 9-bit elements           ; 0 / 288 ( 0 % )       ; 0 / 288 ( 0 % )                ;
; Total memory bits                            ; 788480                ; 0                              ;
; Total RAM block bits                         ; 903168                ; 0                              ;
; PLL                                          ; 0 / 4 ( 0 % )         ; 1 / 4 ( 25 % )                 ;
; M9K                                          ; 98 / 182 ( 53 % )     ; 0 / 182 ( 0 % )                ;
; Clock control block                          ; 4 / 24 ( 16 % )       ; 2 / 24 ( 8 % )                 ;
; User Flash Memory                            ; 1 / 1 ( 100 % )       ; 0 / 1 ( 0 % )                  ;
; Double data rate I/O input circuitry         ; 16 / 144 ( 11 % )     ; 0 / 144 ( 0 % )                ;
; Double Data Rate I/O output circuitry        ; 37 / 500 ( 7 % )      ; 0 / 500 ( 0 % )                ;
; Double Data Rate I/O output enable circuitry ; 16 / 500 ( 3 % )      ; 0 / 500 ( 0 % )                ;
; Analog-to-Digital Converter                  ; 2 / 2 ( 100 % )       ; 0 / 2 ( 0 % )                  ;
;                                              ;                       ;                                ;
; Connections                                  ;                       ;                                ;
;     -- Input Connections                     ; 2869                  ; 1                              ;
;     -- Registered Input Connections          ; 2656                  ; 0                              ;
;     -- Output Connections                    ; 17                    ; 2853                           ;
;     -- Registered Output Connections         ; 0                     ; 0                              ;
;                                              ;                       ;                                ;
; Internal Connections                         ;                       ;                                ;
;     -- Total Connections                     ; 39620                 ; 2865                           ;
;     -- Registered Connections                ; 20158                 ; 0                              ;
;                                              ;                       ;                                ;
; External Connections                         ;                       ;                                ;
;     -- Top                                   ; 32                    ; 2854                           ;
;     -- hard_block:auto_generated_inst        ; 2854                  ; 0                              ;
;                                              ;                       ;                                ;
; Partition Interface                          ;                       ;                                ;
;     -- Input Ports                           ; 8                     ; 1                              ;
;     -- Output Ports                          ; 35                    ; 3                              ;
;     -- Bidir Ports                           ; 16                    ; 0                              ;
;                                              ;                       ;                                ;
; Registered Ports                             ;                       ;                                ;
;     -- Registered Input Ports                ; 0                     ; 0                              ;
;     -- Registered Output Ports               ; 0                     ; 0                              ;
;                                              ;                       ;                                ;
; Port Connectivity                            ;                       ;                                ;
;     -- Input Ports driven by GND             ; 0                     ; 0                              ;
;     -- Output Ports driven by GND            ; 0                     ; 0                              ;
;     -- Input Ports driven by VCC             ; 0                     ; 0                              ;
;     -- Output Ports driven by VCC            ; 0                     ; 0                              ;
;     -- Input Ports with no Source            ; 0                     ; 0                              ;
;     -- Output Ports with no Source           ; 0                     ; 0                              ;
;     -- Input Ports with no Fanout            ; 0                     ; 0                              ;
;     -- Output Ports with no Fanout           ; 0                     ; 0                              ;
+----------------------------------------------+-----------------------+--------------------------------+


+---------------------------------------------------------------------------------------------------------------------------------------------------------------------------------------------------------------------------------------------------------------------------------------------------------+
; Input Pins                                                                                                                                                                                                                                                                                              ;
+---------------+-------+----------+--------------+--------------+--------------+-----------------------+--------------------+--------+----------------+---------------+-----------------+----------+--------------+-----------------------+---------------------------+----------------------+-----------+
; Name          ; Pin # ; I/O Bank ; X coordinate ; Y coordinate ; Z coordinate ; Combinational Fan-Out ; Registered Fan-Out ; Global ; Input Register ; Power Up High ; PCI I/O Enabled ; Bus Hold ; Weak Pull Up ; I/O Standard          ; Termination Control Block ; Location assigned by ; Slew Rate ;
+---------------+-------+----------+--------------+--------------+--------------+-----------------------+--------------------+--------+----------------+---------------+-----------------+----------+--------------+-----------------------+---------------------------+----------------------+-----------+
; KEY[0]        ; B8    ; 7        ; 46           ; 54           ; 28           ; 1                     ; 0                  ; no     ; no             ; no            ; yes             ; no       ; Off          ; 3.3 V Schmitt Trigger ; --                        ; User                 ; 0         ;
; KEY[1]        ; A7    ; 7        ; 49           ; 54           ; 28           ; 1                     ; 0                  ; no     ; no             ; no            ; yes             ; no       ; Off          ; 3.3 V Schmitt Trigger ; --                        ; User                 ; 0         ;
; MAX10_CLK1_50 ; P11   ; 3        ; 34           ; 0            ; 28           ; 1                     ; 0                  ; no     ; no             ; no            ; yes             ; no       ; Off          ; 3.3-V LVTTL           ; --                        ; User                 ; 0         ;
; TCK_i         ; V10   ; 3        ; 31           ; 0            ; 21           ; 1                     ; 0                  ; no     ; no             ; no            ; yes             ; no       ; Off          ; 3.3-V LVTTL           ; --                        ; User                 ; 0         ;
; TDI_i         ; W9    ; 3        ; 22           ; 0            ; 0            ; 1                     ; 0                  ; no     ; no             ; no            ; yes             ; no       ; Off          ; 3.3-V LVTTL           ; --                        ; User                 ; 0         ;
; TMS_i         ; V8    ; 3        ; 20           ; 0            ; 14           ; 1                     ; 0                  ; no     ; no             ; no            ; yes             ; no       ; Off          ; 3.3-V LVTTL           ; --                        ; User                 ; 0         ;
; UART0_RXD     ; AA6   ; 3        ; 29           ; 0            ; 21           ; 1                     ; 0                  ; no     ; no             ; no            ; yes             ; no       ; Off          ; 3.3-V LVTTL           ; --                        ; User                 ; 0         ;
; nTRST_i       ; W10   ; 3        ; 24           ; 0            ; 28           ; 0                     ; 0                  ; no     ; no             ; no            ; yes             ; no       ; Off          ; 3.3-V LVTTL           ; --                        ; User                 ; 0         ;
+---------------+-------+----------+--------------+--------------+--------------+-----------------------+--------------------+--------+----------------+---------------+-----------------+----------+--------------+-----------------------+---------------------------+----------------------+-----------+


+-------------------------------------------------------------------------------------------------------------------------------------------------------------------------------------------------------------------------------------------------------------------------------------------------------------------------------------------------------------------------------------------------------------------------------------------+
; Output Pins                                                                                                                                                                                                                                                                                                                                                                                                                               ;
+----------------+-------+----------+--------------+--------------+--------------+-----------------+------------------------+---------------+-----------+-----------------+------------+---------------+----------+--------------+--------------+------------------+-------------+---------------------------+----------------------------+-----------------------------+----------------------+----------------------+---------------------+
; Name           ; Pin # ; I/O Bank ; X coordinate ; Y coordinate ; Z coordinate ; Output Register ; Output Enable Register ; Power Up High ; Slew Rate ; PCI I/O Enabled ; Open Drain ; TRI Primitive ; Bus Hold ; Weak Pull Up ; I/O Standard ; Current Strength ; Termination ; Termination Control Block ; Output Buffer Pre-emphasis ; Voltage Output Differential ; Location assigned by ; Output Enable Source ; Output Enable Group ;
+----------------+-------+----------+--------------+--------------+--------------+-----------------+------------------------+---------------+-----------+-----------------+------------+---------------+----------+--------------+--------------+------------------+-------------+---------------------------+----------------------------+-----------------------------+----------------------+----------------------+---------------------+
; LED[0]         ; A8    ; 7        ; 46           ; 54           ; 0            ; no              ; no                     ; no            ; 2         ; no              ; no         ; no            ; no       ; Off          ; 3.3-V LVTTL  ; 4mA              ; Off         ; --                        ; no                         ; no                          ; User                 ; -                    ; -                   ;
; LED[1]         ; A9    ; 7        ; 46           ; 54           ; 21           ; no              ; no                     ; no            ; 2         ; no              ; no         ; no            ; no       ; Off          ; 3.3-V LVTTL  ; 4mA              ; Off         ; --                        ; no                         ; no                          ; User                 ; -                    ; -                   ;
; LED[2]         ; A10   ; 7        ; 51           ; 54           ; 14           ; no              ; no                     ; no            ; 2         ; no              ; no         ; no            ; no       ; Off          ; 3.3-V LVTTL  ; 4mA              ; Off         ; --                        ; no                         ; no                          ; User                 ; -                    ; -                   ;
; LED[3]         ; B10   ; 7        ; 46           ; 54           ; 7            ; no              ; no                     ; no            ; 2         ; no              ; no         ; no            ; no       ; Off          ; 3.3-V LVTTL  ; 4mA              ; Off         ; --                        ; no                         ; no                          ; User                 ; -                    ; -                   ;
; LED[4]         ; D13   ; 7        ; 56           ; 54           ; 28           ; no              ; no                     ; no            ; 2         ; no              ; no         ; no            ; no       ; Off          ; 3.3-V LVTTL  ; 4mA              ; Off         ; --                        ; no                         ; no                          ; User                 ; -                    ; -                   ;
; LED[5]         ; C13   ; 7        ; 58           ; 54           ; 21           ; no              ; no                     ; no            ; 2         ; no              ; no         ; no            ; no       ; Off          ; 3.3-V LVTTL  ; 4mA              ; Off         ; --                        ; no                         ; no                          ; User                 ; -                    ; -                   ;
; LED[6]         ; E14   ; 7        ; 66           ; 54           ; 21           ; no              ; no                     ; no            ; 2         ; no              ; no         ; no            ; no       ; Off          ; 3.3-V LVTTL  ; 4mA              ; Off         ; --                        ; no                         ; no                          ; User                 ; -                    ; -                   ;
; LED[7]         ; D14   ; 7        ; 56           ; 54           ; 7            ; no              ; no                     ; no            ; 2         ; no              ; no         ; no            ; no       ; Off          ; 3.3-V LVTTL  ; 4mA              ; Off         ; --                        ; no                         ; no                          ; User                 ; -                    ; -                   ;
; LED[8]         ; A11   ; 7        ; 51           ; 54           ; 7            ; no              ; no                     ; no            ; 2         ; no              ; no         ; no            ; no       ; Off          ; 3.3-V LVTTL  ; 4mA              ; Off         ; --                        ; no                         ; no                          ; User                 ; -                    ; -                   ;
; LED[9]         ; B11   ; 7        ; 49           ; 54           ; 7            ; no              ; no                     ; no            ; 2         ; no              ; no         ; no            ; no       ; Off          ; 3.3-V LVTTL  ; 4mA              ; Off         ; --                        ; no                         ; no                          ; User                 ; -                    ; -                   ;
; SDRAM_ADDR[0]  ; U17   ; 5        ; 78           ; 3            ; 14           ; yes             ; no                     ; no            ; 2         ; no              ; no         ; no            ; no       ; Off          ; 3.3-V LVTTL  ; 8mA              ; Off         ; --                        ; no                         ; no                          ; User                 ; -                    ; -                   ;
; SDRAM_ADDR[10] ; T20   ; 5        ; 78           ; 20           ; 7            ; yes             ; no                     ; no            ; 2         ; no              ; no         ; no            ; no       ; Off          ; 3.3-V LVTTL  ; 8mA              ; Off         ; --                        ; no                         ; no                          ; User                 ; -                    ; -                   ;
; SDRAM_ADDR[11] ; P20   ; 5        ; 78           ; 24           ; 0            ; yes             ; no                     ; no            ; 2         ; no              ; no         ; no            ; no       ; Off          ; 3.3-V LVTTL  ; 8mA              ; Off         ; --                        ; no                         ; no                          ; User                 ; -                    ; -                   ;
; SDRAM_ADDR[12] ; R20   ; 5        ; 78           ; 20           ; 0            ; yes             ; no                     ; no            ; 2         ; no              ; no         ; no            ; no       ; Off          ; 3.3-V LVTTL  ; 8mA              ; Off         ; --                        ; no                         ; no                          ; User                 ; -                    ; -                   ;
; SDRAM_ADDR[1]  ; W19   ; 5        ; 78           ; 16           ; 22           ; yes             ; no                     ; no            ; 2         ; no              ; no         ; no            ; no       ; Off          ; 3.3-V LVTTL  ; 8mA              ; Off         ; --                        ; no                         ; no                          ; User                 ; -                    ; -                   ;
; SDRAM_ADDR[2]  ; V18   ; 5        ; 78           ; 15           ; 21           ; yes             ; no                     ; no            ; 2         ; no              ; no         ; no            ; no       ; Off          ; 3.3-V LVTTL  ; 8mA              ; Off         ; --                        ; no                         ; no                          ; User                 ; -                    ; -                   ;
; SDRAM_ADDR[3]  ; U18   ; 5        ; 78           ; 3            ; 21           ; yes             ; no                     ; no            ; 2         ; no              ; no         ; no            ; no       ; Off          ; 3.3-V LVTTL  ; 8mA              ; Off         ; --                        ; no                         ; no                          ; User                 ; -                    ; -                   ;
; SDRAM_ADDR[4]  ; U19   ; 5        ; 78           ; 15           ; 14           ; yes             ; no                     ; no            ; 2         ; no              ; no         ; no            ; no       ; Off          ; 3.3-V LVTTL  ; 8mA              ; Off         ; --                        ; no                         ; no                          ; User                 ; -                    ; -                   ;
; SDRAM_ADDR[5]  ; T18   ; 5        ; 78           ; 20           ; 14           ; yes             ; no                     ; no            ; 2         ; no              ; no         ; no            ; no       ; Off          ; 3.3-V LVTTL  ; 8mA              ; Off         ; --                        ; no                         ; no                          ; User                 ; -                    ; -                   ;
; SDRAM_ADDR[6]  ; T19   ; 5        ; 78           ; 20           ; 22           ; yes             ; no                     ; no            ; 2         ; no              ; no         ; no            ; no       ; Off          ; 3.3-V LVTTL  ; 8mA              ; Off         ; --                        ; no                         ; no                          ; User                 ; -                    ; -                   ;
; SDRAM_ADDR[7]  ; R18   ; 5        ; 78           ; 24           ; 22           ; yes             ; no                     ; no            ; 2         ; no              ; no         ; no            ; no       ; Off          ; 3.3-V LVTTL  ; 8mA              ; Off         ; --                        ; no                         ; no                          ; User                 ; -                    ; -                   ;
; SDRAM_ADDR[8]  ; P18   ; 5        ; 78           ; 24           ; 14           ; yes             ; no                     ; no            ; 2         ; no              ; no         ; no            ; no       ; Off          ; 3.3-V LVTTL  ; 8mA              ; Off         ; --                        ; no                         ; no                          ; User                 ; -                    ; -                   ;
; SDRAM_ADDR[9]  ; P19   ; 5        ; 78           ; 24           ; 7            ; yes             ; no                     ; no            ; 2         ; no              ; no         ; no            ; no       ; Off          ; 3.3-V LVTTL  ; 8mA              ; Off         ; --                        ; no                         ; no                          ; User                 ; -                    ; -                   ;
; SDRAM_BA_0     ; T21   ; 5        ; 78           ; 18           ; 7            ; yes             ; no                     ; no            ; 2         ; no              ; no         ; no            ; no       ; Off          ; 3.3-V LVTTL  ; 8mA              ; Off         ; --                        ; no                         ; no                          ; User                 ; -                    ; -                   ;
; SDRAM_BA_1     ; T22   ; 5        ; 78           ; 18           ; 0            ; yes             ; no                     ; no            ; 2         ; no              ; no         ; no            ; no       ; Off          ; 3.3-V LVTTL  ; 8mA              ; Off         ; --                        ; no                         ; no                          ; User                 ; -                    ; -                   ;
; SDRAM_CAS_N    ; U21   ; 5        ; 78           ; 21           ; 21           ; yes             ; no                     ; yes           ; 2         ; no              ; no         ; no            ; no       ; Off          ; 3.3-V LVTTL  ; 8mA              ; Off         ; --                        ; no                         ; no                          ; User                 ; -                    ; -                   ;
; SDRAM_CKE      ; N22   ; 5        ; 78           ; 23           ; 0            ; no              ; no                     ; no            ; 2         ; no              ; no         ; no            ; no       ; Off          ; 3.3-V LVTTL  ; 8mA              ; Off         ; --                        ; no                         ; no                          ; User                 ; -                    ; -                   ;
; SDRAM_CLK      ; L14   ; 6        ; 78           ; 36           ; 22           ; no              ; no                     ; no            ; 2         ; no              ; no         ; no            ; no       ; Off          ; 3.3-V LVTTL  ; 8mA              ; Off         ; --                        ; no                         ; no                          ; User                 ; -                    ; -                   ;
; SDRAM_CS_N     ; U20   ; 5        ; 78           ; 17           ; 14           ; yes             ; no                     ; yes           ; 2         ; no              ; no         ; no            ; no       ; Off          ; 3.3-V LVTTL  ; 8mA              ; Off         ; --                        ; no                         ; no                          ; User                 ; -                    ; -                   ;
; SDRAM_DQML     ; V22   ; 5        ; 78           ; 17           ; 0            ; yes             ; no                     ; no            ; 2         ; no              ; no         ; no            ; no       ; Off          ; 3.3-V LVTTL  ; 8mA              ; Off         ; --                        ; no                         ; no                          ; User                 ; -                    ; -                   ;
; SDRAM_DQMU     ; J21   ; 6        ; 78           ; 30           ; 0            ; yes             ; no                     ; no            ; 2         ; no              ; no         ; no            ; no       ; Off          ; 3.3-V LVTTL  ; 8mA              ; Off         ; --                        ; no                         ; no                          ; User                 ; -                    ; -                   ;
; SDRAM_RAS_N    ; U22   ; 5        ; 78           ; 21           ; 14           ; yes             ; no                     ; yes           ; 2         ; no              ; no         ; no            ; no       ; Off          ; 3.3-V LVTTL  ; 8mA              ; Off         ; --                        ; no                         ; no                          ; User                 ; -                    ; -                   ;
; SDRAM_WE_N     ; V20   ; 5        ; 78           ; 17           ; 21           ; yes             ; no                     ; yes           ; 2         ; no              ; no         ; no            ; no       ; Off          ; 3.3-V LVTTL  ; 8mA              ; Off         ; --                        ; no                         ; no                          ; User                 ; -                    ; -                   ;
; TDO_o          ; W8    ; 3        ; 24           ; 0            ; 0            ; no              ; no                     ; no            ; 2         ; no              ; no         ; no            ; no       ; Off          ; 3.3-V LVTTL  ; 4mA              ; Off         ; --                        ; no                         ; no                          ; User                 ; -                    ; -                   ;
; UART0_TXD      ; Y5    ; 3        ; 18           ; 0            ; 0            ; no              ; no                     ; no            ; 2         ; no              ; no         ; no            ; no       ; Off          ; 3.3-V LVTTL  ; 4mA              ; Off         ; --                        ; no                         ; no                          ; User                 ; -                    ; -                   ;
+----------------+-------+----------+--------------+--------------+--------------+-----------------+------------------------+---------------+-----------+-----------------+------------+---------------+----------+--------------+--------------+------------------+-------------+---------------------------+----------------------------+-----------------------------+----------------------+----------------------+---------------------+


+----------------------------------------------------------------------------------------------------------------------------------------------------------------------------------------------------------------------------------------------------------------------------------------------------------------------------------------------------------------------------------------------------------------------------------------------------------------------------------------------------------------+
; Bidir Pins                                                                                                                                                                                                                                                                                                                                                                                                                                                                                                     ;
+--------------+-------+----------+--------------+--------------+--------------+-----------------------+--------------------+--------+----------------+-----------------+------------------------+---------------+-----------+-----------------+------------+----------+--------------+--------------+------------------+--------------------+---------------------------+----------------------------+----------------------+----------------------+------------------------------------------------------------+
; Name         ; Pin # ; I/O Bank ; X coordinate ; Y coordinate ; Z coordinate ; Combinational Fan-Out ; Registered Fan-Out ; Global ; Input Register ; Output Register ; Output Enable Register ; Power Up High ; Slew Rate ; PCI I/O Enabled ; Open Drain ; Bus Hold ; Weak Pull Up ; I/O Standard ; Current Strength ; Output Termination ; Termination Control Block ; Output Buffer Pre-emphasis ; Location assigned by ; Output Enable Source ; Output Enable Group                                        ;
+--------------+-------+----------+--------------+--------------+--------------+-----------------------+--------------------+--------+----------------+-----------------+------------------------+---------------+-----------+-----------------+------------+----------+--------------+--------------+------------------+--------------------+---------------------------+----------------------------+----------------------+----------------------+------------------------------------------------------------+
; SDRAM_DQ[0]  ; Y21   ; 5        ; 78           ; 16           ; 0            ; 0                     ; 8                  ; no     ; yes            ; yes             ; yes                    ; no            ; 2         ; yes             ; no         ; no       ; Off          ; 3.3-V LVTTL  ; 8mA              ; Off                ; --                        ; no                         ; User                 ; 0 pF                 ; qsys_core:inst_qsys|qsys_core_sdram:sdram|oe               ;
; SDRAM_DQ[10] ; H21   ; 6        ; 78           ; 29           ; 0            ; 0                     ; 8                  ; no     ; yes            ; yes             ; yes                    ; no            ; 2         ; yes             ; no         ; no       ; Off          ; 3.3-V LVTTL  ; 8mA              ; Off                ; --                        ; no                         ; User                 ; 0 pF                 ; qsys_core:inst_qsys|qsys_core_sdram:sdram|oe~_Duplicate_10 ;
; SDRAM_DQ[11] ; H22   ; 6        ; 78           ; 29           ; 7            ; 0                     ; 8                  ; no     ; yes            ; yes             ; yes                    ; no            ; 2         ; yes             ; no         ; no       ; Off          ; 3.3-V LVTTL  ; 8mA              ; Off                ; --                        ; no                         ; User                 ; 0 pF                 ; qsys_core:inst_qsys|qsys_core_sdram:sdram|oe~_Duplicate_11 ;
; SDRAM_DQ[12] ; G22   ; 6        ; 78           ; 31           ; 7            ; 0                     ; 8                  ; no     ; yes            ; yes             ; yes                    ; no            ; 2         ; yes             ; no         ; no       ; Off          ; 3.3-V LVTTL  ; 8mA              ; Off                ; --                        ; no                         ; User                 ; 0 pF                 ; qsys_core:inst_qsys|qsys_core_sdram:sdram|oe~_Duplicate_12 ;
; SDRAM_DQ[13] ; G20   ; 6        ; 78           ; 31           ; 21           ; 0                     ; 8                  ; no     ; yes            ; yes             ; yes                    ; no            ; 2         ; yes             ; no         ; no       ; Off          ; 3.3-V LVTTL  ; 8mA              ; Off                ; --                        ; no                         ; User                 ; 0 pF                 ; qsys_core:inst_qsys|qsys_core_sdram:sdram|oe~_Duplicate_13 ;
; SDRAM_DQ[14] ; G19   ; 6        ; 78           ; 31           ; 14           ; 0                     ; 8                  ; no     ; yes            ; yes             ; yes                    ; no            ; 2         ; yes             ; no         ; no       ; Off          ; 3.3-V LVTTL  ; 8mA              ; Off                ; --                        ; no                         ; User                 ; 0 pF                 ; qsys_core:inst_qsys|qsys_core_sdram:sdram|oe~_Duplicate_14 ;
; SDRAM_DQ[15] ; F22   ; 6        ; 78           ; 31           ; 0            ; 0                     ; 8                  ; no     ; yes            ; yes             ; yes                    ; no            ; 2         ; yes             ; no         ; no       ; Off          ; 3.3-V LVTTL  ; 8mA              ; Off                ; --                        ; no                         ; User                 ; 0 pF                 ; qsys_core:inst_qsys|qsys_core_sdram:sdram|oe~_Duplicate_15 ;
; SDRAM_DQ[1]  ; Y20   ; 5        ; 78           ; 16           ; 7            ; 0                     ; 8                  ; no     ; yes            ; yes             ; yes                    ; no            ; 2         ; yes             ; no         ; no       ; Off          ; 3.3-V LVTTL  ; 8mA              ; Off                ; --                        ; no                         ; User                 ; 0 pF                 ; qsys_core:inst_qsys|qsys_core_sdram:sdram|oe~_Duplicate_1  ;
; SDRAM_DQ[2]  ; AA22  ; 5        ; 78           ; 3            ; 0            ; 0                     ; 8                  ; no     ; yes            ; yes             ; yes                    ; no            ; 2         ; yes             ; no         ; no       ; Off          ; 3.3-V LVTTL  ; 8mA              ; Off                ; --                        ; no                         ; User                 ; 0 pF                 ; qsys_core:inst_qsys|qsys_core_sdram:sdram|oe~_Duplicate_2  ;
; SDRAM_DQ[3]  ; AA21  ; 5        ; 78           ; 3            ; 7            ; 0                     ; 8                  ; no     ; yes            ; yes             ; yes                    ; no            ; 2         ; yes             ; no         ; no       ; Off          ; 3.3-V LVTTL  ; 8mA              ; Off                ; --                        ; no                         ; User                 ; 0 pF                 ; qsys_core:inst_qsys|qsys_core_sdram:sdram|oe~_Duplicate_3  ;
; SDRAM_DQ[4]  ; Y22   ; 5        ; 78           ; 15           ; 7            ; 0                     ; 8                  ; no     ; yes            ; yes             ; yes                    ; no            ; 2         ; yes             ; no         ; no       ; Off          ; 3.3-V LVTTL  ; 8mA              ; Off                ; --                        ; no                         ; User                 ; 0 pF                 ; qsys_core:inst_qsys|qsys_core_sdram:sdram|oe~_Duplicate_4  ;
; SDRAM_DQ[5]  ; W22   ; 5        ; 78           ; 15           ; 0            ; 0                     ; 8                  ; no     ; yes            ; yes             ; yes                    ; no            ; 2         ; yes             ; no         ; no       ; Off          ; 3.3-V LVTTL  ; 8mA              ; Off                ; --                        ; no                         ; User                 ; 0 pF                 ; qsys_core:inst_qsys|qsys_core_sdram:sdram|oe~_Duplicate_5  ;
; SDRAM_DQ[6]  ; W20   ; 5        ; 78           ; 16           ; 14           ; 0                     ; 8                  ; no     ; yes            ; yes             ; yes                    ; no            ; 2         ; yes             ; no         ; no       ; Off          ; 3.3-V LVTTL  ; 8mA              ; Off                ; --                        ; no                         ; User                 ; 0 pF                 ; qsys_core:inst_qsys|qsys_core_sdram:sdram|oe~_Duplicate_6  ;
; SDRAM_DQ[7]  ; V21   ; 5        ; 78           ; 17           ; 7            ; 0                     ; 8                  ; no     ; yes            ; yes             ; yes                    ; no            ; 2         ; yes             ; no         ; no       ; Off          ; 3.3-V LVTTL  ; 8mA              ; Off                ; --                        ; no                         ; User                 ; 0 pF                 ; qsys_core:inst_qsys|qsys_core_sdram:sdram|oe~_Duplicate_7  ;
; SDRAM_DQ[8]  ; P21   ; 5        ; 78           ; 23           ; 7            ; 0                     ; 8                  ; no     ; yes            ; yes             ; yes                    ; no            ; 2         ; yes             ; no         ; no       ; Off          ; 3.3-V LVTTL  ; 8mA              ; Off                ; --                        ; no                         ; User                 ; 0 pF                 ; qsys_core:inst_qsys|qsys_core_sdram:sdram|oe~_Duplicate_8  ;
; SDRAM_DQ[9]  ; J22   ; 6        ; 78           ; 30           ; 7            ; 0                     ; 8                  ; no     ; yes            ; yes             ; yes                    ; no            ; 2         ; yes             ; no         ; no       ; Off          ; 3.3-V LVTTL  ; 8mA              ; Off                ; --                        ; no                         ; User                 ; 0 pF                 ; qsys_core:inst_qsys|qsys_core_sdram:sdram|oe~_Duplicate_9  ;
+--------------+-------+----------+--------------+--------------+--------------+-----------------------+--------------------+--------+----------------+-----------------+------------------------+---------------+-----------+-----------------+------------+----------+--------------+--------------+------------------+--------------------+---------------------------+----------------------------+----------------------+----------------------+------------------------------------------------------------+


+-----------------------------------------------------------------------------------------------------------------------------------------+
; Dual Purpose and Dedicated Pins                                                                                                         ;
+----------+----------------------------------------------------+--------------------------------+---------------------+------------------+
; Location ; Pin Name                                           ; Reserved As                    ; User Signal Name    ; Pin Type         ;
+----------+----------------------------------------------------+--------------------------------+---------------------+------------------+
; H2       ; DIFFIO_RX_L17n, DIFFOUT_L17n, TMS, Low_Speed       ; Reserved as secondary function ; ~ALTERA_TMS~        ; Dual Purpose Pin ;
; G2       ; DIFFIO_RX_L17p, DIFFOUT_L17p, TCK, Low_Speed       ; Reserved as secondary function ; ~ALTERA_TCK~        ; Dual Purpose Pin ;
; L4       ; DIFFIO_RX_L18n, DIFFOUT_L18n, TDI, Low_Speed       ; Reserved as secondary function ; ~ALTERA_TDI~        ; Dual Purpose Pin ;
; M5       ; DIFFIO_RX_L18p, DIFFOUT_L18p, TDO, Low_Speed       ; Reserved as secondary function ; ~ALTERA_TDO~        ; Dual Purpose Pin ;
; H10      ; CONFIG_SEL, Low_Speed                              ; Reserved as secondary function ; ~ALTERA_CONFIG_SEL~ ; Dual Purpose Pin ;
; H9       ; nCONFIG, Low_Speed                                 ; Reserved as secondary function ; ~ALTERA_nCONFIG~    ; Dual Purpose Pin ;
; G9       ; DIFFIO_RX_T50p, DIFFOUT_T50p, nSTATUS, Low_Speed   ; Reserved as secondary function ; ~ALTERA_nSTATUS~    ; Dual Purpose Pin ;
; F8       ; DIFFIO_RX_T50n, DIFFOUT_T50n, CONF_DONE, Low_Speed ; Reserved as secondary function ; ~ALTERA_CONF_DONE~  ; Dual Purpose Pin ;
+----------+----------------------------------------------------+--------------------------------+---------------------+------------------+


+------------------------------------------------------------+
; I/O Bank Usage                                             ;
+----------+------------------+---------------+--------------+
; I/O Bank ; Usage            ; VCCIO Voltage ; VREF Voltage ;
+----------+------------------+---------------+--------------+
; 1A       ; 0 / 16 ( 0 % )   ; 2.5V          ; --           ;
; 1B       ; 4 / 24 ( 17 % )  ; 2.5V          ; --           ;
; 2        ; 0 / 36 ( 0 % )   ; 2.5V          ; --           ;
; 3        ; 8 / 48 ( 17 % )  ; 3.3V          ; --           ;
; 4        ; 0 / 48 ( 0 % )   ; 2.5V          ; --           ;
; 5        ; 30 / 40 ( 75 % ) ; 3.3V          ; --           ;
; 6        ; 9 / 60 ( 15 % )  ; 3.3V          ; --           ;
; 7        ; 12 / 52 ( 23 % ) ; 3.3V          ; --           ;
; 8        ; 4 / 36 ( 11 % )  ; 2.5V          ; --           ;
+----------+------------------+---------------+--------------+


+---------------------------------------------------------------------------------------------------------------------------------------------------------------------------------------+
; All Package Pins                                                                                                                                                                      ;
+----------+------------+----------+------------------------------------------------+--------+-----------------------+---------+------------+-----------------+----------+--------------+
; Location ; Pad Number ; I/O Bank ; Pin Name/Usage                                 ; Dir.   ; I/O Standard          ; Voltage ; I/O Type   ; User Assignment ; Bus Hold ; Weak Pull Up ;
+----------+------------+----------+------------------------------------------------+--------+-----------------------+---------+------------+-----------------+----------+--------------+
; A1       ;            ;          ; GND                                            ; gnd    ;                       ;         ; --         ;                 ; --       ; --           ;
; A2       ; 481        ; 8        ; RESERVED_INPUT_WITH_WEAK_PULLUP                ;        ;                       ;         ; Column I/O ;                 ; no       ; On           ;
; A3       ; 483        ; 8        ; RESERVED_INPUT_WITH_WEAK_PULLUP                ;        ;                       ;         ; Column I/O ;                 ; no       ; On           ;
; A4       ; 475        ; 8        ; RESERVED_INPUT_WITH_WEAK_PULLUP                ;        ;                       ;         ; Column I/O ;                 ; no       ; On           ;
; A5       ; 473        ; 8        ; RESERVED_INPUT_WITH_WEAK_PULLUP                ;        ;                       ;         ; Column I/O ;                 ; no       ; On           ;
; A6       ; 471        ; 8        ; RESERVED_INPUT_WITH_WEAK_PULLUP                ;        ;                       ;         ; Column I/O ;                 ; no       ; On           ;
; A7       ; 445        ; 7        ; KEY[1]                                         ; input  ; 3.3 V Schmitt Trigger ;         ; Column I/O ; Y               ; no       ; Off          ;
; A8       ; 447        ; 7        ; LED[0]                                         ; output ; 3.3-V LVTTL           ;         ; Column I/O ; Y               ; no       ; Off          ;
; A9       ; 449        ; 7        ; LED[1]                                         ; output ; 3.3-V LVTTL           ;         ; Column I/O ; Y               ; no       ; Off          ;
; A10      ; 439        ; 7        ; LED[2]                                         ; output ; 3.3-V LVTTL           ;         ; Column I/O ; Y               ; no       ; Off          ;
; A11      ; 437        ; 7        ; LED[8]                                         ; output ; 3.3-V LVTTL           ;         ; Column I/O ; Y               ; no       ; Off          ;
; A12      ; 435        ; 7        ; RESERVED_INPUT_WITH_WEAK_PULLUP                ;        ;                       ;         ; Column I/O ;                 ; no       ; On           ;
; A13      ; 433        ; 7        ; RESERVED_INPUT_WITH_WEAK_PULLUP                ;        ;                       ;         ; Column I/O ;                 ; no       ; On           ;
; A14      ; 425        ; 7        ; RESERVED_INPUT_WITH_WEAK_PULLUP                ;        ;                       ;         ; Column I/O ;                 ; no       ; On           ;
; A15      ; 421        ; 7        ; RESERVED_INPUT_WITH_WEAK_PULLUP                ;        ;                       ;         ; Column I/O ;                 ; no       ; On           ;
; A16      ; 419        ; 7        ; RESERVED_INPUT_WITH_WEAK_PULLUP                ;        ;                       ;         ; Column I/O ;                 ; no       ; On           ;
; A17      ; 407        ; 7        ; RESERVED_INPUT_WITH_WEAK_PULLUP                ;        ;                       ;         ; Column I/O ;                 ; no       ; On           ;
; A18      ; 405        ; 7        ; RESERVED_INPUT_WITH_WEAK_PULLUP                ;        ;                       ;         ; Column I/O ;                 ; no       ; On           ;
; A19      ; 403        ; 7        ; RESERVED_INPUT_WITH_WEAK_PULLUP                ;        ;                       ;         ; Column I/O ;                 ; no       ; On           ;
; A20      ; 401        ; 7        ; RESERVED_INPUT_WITH_WEAK_PULLUP                ;        ;                       ;         ; Column I/O ;                 ; no       ; On           ;
; A21      ; 371        ; 6        ; RESERVED_INPUT_WITH_WEAK_PULLUP                ;        ;                       ;         ; Row I/O    ;                 ; no       ; On           ;
; A22      ;            ;          ; GND                                            ; gnd    ;                       ;         ; --         ;                 ; --       ; --           ;
; AA1      ; 133        ; 3        ; RESERVED_INPUT_WITH_WEAK_PULLUP                ;        ;                       ;         ; Column I/O ;                 ; no       ; On           ;
; AA2      ; 135        ; 3        ; RESERVED_INPUT_WITH_WEAK_PULLUP                ;        ;                       ;         ; Column I/O ;                 ; no       ; On           ;
; AA3      ; 153        ; 3        ; RESERVED_INPUT_WITH_WEAK_PULLUP                ;        ;                       ;         ; Column I/O ;                 ; --       ; --           ;
; AA4      ;            ;          ; GND                                            ; gnd    ;                       ;         ; --         ;                 ; --       ; --           ;
; AA5      ; 157        ; 3        ; RESERVED_INPUT_WITH_WEAK_PULLUP                ;        ;                       ;         ; Column I/O ;                 ; no       ; On           ;
; AA6      ; 156        ; 3        ; UART0_RXD                                      ; input  ; 3.3-V LVTTL           ;         ; Column I/O ; Y               ; no       ; Off          ;
; AA7      ; 158        ; 3        ; RESERVED_INPUT_WITH_WEAK_PULLUP                ;        ;                       ;         ; Column I/O ;                 ; no       ; On           ;
; AA8      ; 165        ; 3        ; RESERVED_INPUT_WITH_WEAK_PULLUP                ;        ;                       ;         ; Column I/O ;                 ; no       ; On           ;
; AA9      ; 169        ; 3        ; RESERVED_INPUT_WITH_WEAK_PULLUP                ;        ;                       ;         ; Column I/O ;                 ; no       ; On           ;
; AA10     ; 170        ; 3        ; RESERVED_INPUT_WITH_WEAK_PULLUP                ;        ;                       ;         ; Column I/O ;                 ; no       ; On           ;
; AA11     ; 180        ; 4        ; RESERVED_INPUT_WITH_WEAK_PULLUP                ;        ;                       ;         ; Column I/O ;                 ; no       ; On           ;
; AA12     ; 182        ; 4        ; RESERVED_INPUT_WITH_WEAK_PULLUP                ;        ;                       ;         ; Column I/O ;                 ; no       ; On           ;
; AA13     ; 197        ; 4        ; RESERVED_INPUT_WITH_WEAK_PULLUP                ;        ;                       ;         ; Column I/O ;                 ; --       ; --           ;
; AA14     ; 201        ; 4        ; RESERVED_INPUT_WITH_WEAK_PULLUP                ;        ;                       ;         ; Column I/O ;                 ; no       ; On           ;
; AA15     ; 205        ; 4        ; RESERVED_INPUT_WITH_WEAK_PULLUP                ;        ;                       ;         ; Column I/O ;                 ; no       ; On           ;
; AA16     ; 211        ; 4        ; RESERVED_INPUT_WITH_WEAK_PULLUP                ;        ;                       ;         ; Column I/O ;                 ; no       ; On           ;
; AA17     ; 212        ; 4        ; RESERVED_INPUT_WITH_WEAK_PULLUP                ;        ;                       ;         ; Column I/O ;                 ; no       ; On           ;
; AA18     ;            ;          ; GND                                            ; gnd    ;                       ;         ; --         ;                 ; --       ; --           ;
; AA19     ; 217        ; 4        ; RESERVED_INPUT_WITH_WEAK_PULLUP                ;        ;                       ;         ; Column I/O ;                 ; no       ; On           ;
; AA20     ; 227        ; 4        ; RESERVED_INPUT_WITH_WEAK_PULLUP                ;        ;                       ;         ; Column I/O ;                 ; no       ; On           ;
; AA21     ; 245        ; 5        ; SDRAM_DQ[3]                                    ; bidir  ; 3.3-V LVTTL           ;         ; Row I/O    ; Y               ; no       ; Off          ;
; AA22     ; 247        ; 5        ; SDRAM_DQ[2]                                    ; bidir  ; 3.3-V LVTTL           ;         ; Row I/O    ; Y               ; no       ; Off          ;
; AB1      ;            ;          ; GND                                            ; gnd    ;                       ;         ; --         ;                 ; --       ; --           ;
; AB2      ; 145        ; 3        ; RESERVED_INPUT_WITH_WEAK_PULLUP                ;        ;                       ;         ; Column I/O ;                 ; no       ; On           ;
; AB3      ; 147        ; 3        ; RESERVED_INPUT_WITH_WEAK_PULLUP                ;        ;                       ;         ; Column I/O ;                 ; no       ; On           ;
; AB4      ; 155        ; 3        ; RESERVED_INPUT_WITH_WEAK_PULLUP                ;        ;                       ;         ; Column I/O ;                 ; no       ; On           ;
; AB5      ; 159        ; 3        ; RESERVED_INPUT_WITH_WEAK_PULLUP                ;        ;                       ;         ; Column I/O ;                 ; no       ; On           ;
; AB6      ; 161        ; 3        ; RESERVED_INPUT_WITH_WEAK_PULLUP                ;        ;                       ;         ; Column I/O ;                 ; no       ; On           ;
; AB7      ; 163        ; 3        ; RESERVED_INPUT_WITH_WEAK_PULLUP                ;        ;                       ;         ; Column I/O ;                 ; no       ; On           ;
; AB8      ; 167        ; 3        ; RESERVED_INPUT_WITH_WEAK_PULLUP                ;        ;                       ;         ; Column I/O ;                 ; no       ; On           ;
; AB9      ; 171        ; 3        ; RESERVED_INPUT_WITH_WEAK_PULLUP                ;        ;                       ;         ; Column I/O ;                 ; no       ; On           ;
; AB10     ; 177        ; 4        ; RESERVED_INPUT_WITH_WEAK_PULLUP                ;        ;                       ;         ; Column I/O ;                 ; no       ; On           ;
; AB11     ; 179        ; 4        ; RESERVED_INPUT_WITH_WEAK_PULLUP                ;        ;                       ;         ; Column I/O ;                 ; no       ; On           ;
; AB12     ; 181        ; 4        ; RESERVED_INPUT_WITH_WEAK_PULLUP                ;        ;                       ;         ; Column I/O ;                 ; no       ; On           ;
; AB13     ; 183        ; 4        ; RESERVED_INPUT_WITH_WEAK_PULLUP                ;        ;                       ;         ; Column I/O ;                 ; no       ; On           ;
; AB14     ; 199        ; 4        ; RESERVED_INPUT_WITH_WEAK_PULLUP                ;        ;                       ;         ; Column I/O ;                 ; no       ; On           ;
; AB15     ; 203        ; 4        ; RESERVED_INPUT_WITH_WEAK_PULLUP                ;        ;                       ;         ; Column I/O ;                 ; no       ; On           ;
; AB16     ; 209        ; 4        ; RESERVED_INPUT_WITH_WEAK_PULLUP                ;        ;                       ;         ; Column I/O ;                 ; no       ; On           ;
; AB17     ; 241        ; 4        ; RESERVED_INPUT_WITH_WEAK_PULLUP                ;        ;                       ;         ; Column I/O ;                 ; no       ; On           ;
; AB18     ; 243        ; 4        ; RESERVED_INPUT_WITH_WEAK_PULLUP                ;        ;                       ;         ; Column I/O ;                 ; no       ; On           ;
; AB19     ; 213        ; 4        ; RESERVED_INPUT_WITH_WEAK_PULLUP                ;        ;                       ;         ; Column I/O ;                 ; no       ; On           ;
; AB20     ; 215        ; 4        ; RESERVED_INPUT_WITH_WEAK_PULLUP                ;        ;                       ;         ; Column I/O ;                 ; no       ; On           ;
; AB21     ; 225        ; 4        ; RESERVED_INPUT_WITH_WEAK_PULLUP                ;        ;                       ;         ; Column I/O ;                 ; no       ; On           ;
; AB22     ;            ;          ; GND                                            ; gnd    ;                       ;         ; --         ;                 ; --       ; --           ;
; B1       ; 495        ; 8        ; RESERVED_INPUT_WITH_WEAK_PULLUP                ;        ;                       ;         ; Column I/O ;                 ; no       ; On           ;
; B2       ; 493        ; 8        ; RESERVED_INPUT_WITH_WEAK_PULLUP                ;        ;                       ;         ; Column I/O ;                 ; no       ; On           ;
; B3       ; 484        ; 8        ; RESERVED_INPUT_WITH_WEAK_PULLUP                ;        ;                       ;         ; Column I/O ;                 ; no       ; On           ;
; B4       ; 486        ; 8        ; RESERVED_INPUT_WITH_WEAK_PULLUP                ;        ;                       ;         ; Column I/O ;                 ; no       ; On           ;
; B5       ; 485        ; 8        ; RESERVED_INPUT_WITH_WEAK_PULLUP                ;        ;                       ;         ; Column I/O ;                 ; no       ; On           ;
; B6       ;            ;          ; GND                                            ; gnd    ;                       ;         ; --         ;                 ; --       ; --           ;
; B7       ; 469        ; 8        ; RESERVED_INPUT_WITH_WEAK_PULLUP                ;        ;                       ;         ; Column I/O ;                 ; no       ; On           ;
; B8       ; 451        ; 7        ; KEY[0]                                         ; input  ; 3.3 V Schmitt Trigger ;         ; Column I/O ; Y               ; no       ; Off          ;
; B9       ;            ;          ; GND                                            ; gnd    ;                       ;         ; --         ;                 ; --       ; --           ;
; B10      ; 448        ; 7        ; LED[3]                                         ; output ; 3.3-V LVTTL           ;         ; Column I/O ; Y               ; no       ; Off          ;
; B11      ; 443        ; 7        ; LED[9]                                         ; output ; 3.3-V LVTTL           ;         ; Column I/O ; Y               ; no       ; Off          ;
; B12      ; 441        ; 7        ; RESERVED_INPUT_WITH_WEAK_PULLUP                ;        ;                       ;         ; Column I/O ;                 ; no       ; On           ;
; B13      ;            ;          ; GND                                            ; gnd    ;                       ;         ; --         ;                 ; --       ; --           ;
; B14      ; 427        ; 7        ; RESERVED_INPUT_WITH_WEAK_PULLUP                ;        ;                       ;         ; Column I/O ;                 ; no       ; On           ;
; B15      ; 423        ; 7        ; RESERVED_INPUT_WITH_WEAK_PULLUP                ;        ;                       ;         ; Column I/O ;                 ; --       ; --           ;
; B16      ; 417        ; 7        ; RESERVED_INPUT_WITH_WEAK_PULLUP                ;        ;                       ;         ; Column I/O ;                 ; no       ; On           ;
; B17      ; 402        ; 7        ; RESERVED_INPUT_WITH_WEAK_PULLUP                ;        ;                       ;         ; Column I/O ;                 ; no       ; On           ;
; B18      ;            ;          ; GND                                            ; gnd    ;                       ;         ; --         ;                 ; --       ; --           ;
; B19      ; 399        ; 7        ; RESERVED_INPUT_WITH_WEAK_PULLUP                ;        ;                       ;         ; Column I/O ;                 ; no       ; On           ;
; B20      ; 369        ; 6        ; RESERVED_INPUT_WITH_WEAK_PULLUP                ;        ;                       ;         ; Row I/O    ;                 ; no       ; On           ;
; B21      ; 367        ; 6        ; RESERVED_INPUT_WITH_WEAK_PULLUP                ;        ;                       ;         ; Row I/O    ;                 ; no       ; On           ;
; B22      ; 365        ; 6        ; RESERVED_INPUT_WITH_WEAK_PULLUP                ;        ;                       ;         ; Row I/O    ;                 ; no       ; On           ;
; C1       ; 33         ; 1B       ; RESERVED_INPUT_WITH_WEAK_PULLUP                ;        ;                       ;         ; Row I/O    ;                 ; --       ; --           ;
; C2       ; 499        ; 8        ; RESERVED_INPUT_WITH_WEAK_PULLUP                ;        ;                       ;         ; Column I/O ;                 ; no       ; On           ;
; C3       ; 497        ; 8        ; RESERVED_INPUT_WITH_WEAK_PULLUP                ;        ;                       ;         ; Column I/O ;                 ; no       ; On           ;
; C4       ; 487        ; 8        ; RESERVED_INPUT_WITH_WEAK_PULLUP                ;        ;                       ;         ; Column I/O ;                 ; no       ; On           ;
; C5       ; 489        ; 8        ; RESERVED_INPUT_WITH_WEAK_PULLUP                ;        ;                       ;         ; Column I/O ;                 ; no       ; On           ;
; C6       ; 477        ; 8        ; RESERVED_INPUT_WITH_WEAK_PULLUP                ;        ;                       ;         ; Column I/O ;                 ; no       ; On           ;
; C7       ; 467        ; 8        ; RESERVED_INPUT_WITH_WEAK_PULLUP                ;        ;                       ;         ; Column I/O ;                 ; no       ; On           ;
; C8       ; 465        ; 8        ; RESERVED_INPUT_WITH_WEAK_PULLUP                ;        ;                       ;         ; Column I/O ;                 ; no       ; On           ;
; C9       ; 450        ; 7        ; RESERVED_INPUT_WITH_WEAK_PULLUP                ;        ;                       ;         ; Column I/O ;                 ; no       ; On           ;
; C10      ; 442        ; 7        ; RESERVED_INPUT_WITH_WEAK_PULLUP                ;        ;                       ;         ; Column I/O ;                 ; no       ; On           ;
; C11      ; 440        ; 7        ; RESERVED_INPUT_WITH_WEAK_PULLUP                ;        ;                       ;         ; Column I/O ;                 ; no       ; On           ;
; C12      ; 436        ; 7        ; RESERVED_INPUT_WITH_WEAK_PULLUP                ;        ;                       ;         ; Column I/O ;                 ; no       ; On           ;
; C13      ; 426        ; 7        ; LED[5]                                         ; output ; 3.3-V LVTTL           ;         ; Column I/O ; Y               ; no       ; Off          ;
; C14      ; 424        ; 7        ; RESERVED_INPUT_WITH_WEAK_PULLUP                ;        ;                       ;         ; Column I/O ;                 ; no       ; On           ;
; C15      ; 418        ; 7        ; RESERVED_INPUT_WITH_WEAK_PULLUP                ;        ;                       ;         ; Column I/O ;                 ; no       ; On           ;
; C16      ; 416        ; 7        ; RESERVED_INPUT_WITH_WEAK_PULLUP                ;        ;                       ;         ; Column I/O ;                 ; no       ; On           ;
; C17      ; 391        ; 7        ; RESERVED_INPUT_WITH_WEAK_PULLUP                ;        ;                       ;         ; Column I/O ;                 ; no       ; On           ;
; C18      ; 400        ; 7        ; RESERVED_INPUT_WITH_WEAK_PULLUP                ;        ;                       ;         ; Column I/O ;                 ; no       ; On           ;
; C19      ; 397        ; 7        ; RESERVED_INPUT_WITH_WEAK_PULLUP                ;        ;                       ;         ; Column I/O ;                 ; no       ; On           ;
; C20      ; 357        ; 6        ; RESERVED_INPUT_WITH_WEAK_PULLUP                ;        ;                       ;         ; Row I/O    ;                 ; no       ; On           ;
; C21      ; 347        ; 6        ; RESERVED_INPUT_WITH_WEAK_PULLUP                ;        ;                       ;         ; Row I/O    ;                 ; no       ; On           ;
; C22      ; 343        ; 6        ; RESERVED_INPUT_WITH_WEAK_PULLUP                ;        ;                       ;         ; Row I/O    ;                 ; no       ; On           ;
; D1       ; 35         ; 1B       ; RESERVED_INPUT_WITH_WEAK_PULLUP                ;        ;                       ;         ; Row I/O    ;                 ; no       ; On           ;
; D2       ; 31         ; 1B       ; RESERVED_INPUT_WITH_WEAK_PULLUP                ;        ;                       ;         ; Row I/O    ;                 ; no       ; On           ;
; D3       ; 29         ; 1B       ; RESERVED_INPUT_WITH_WEAK_PULLUP                ;        ;                       ;         ; Row I/O    ;                 ; no       ; On           ;
; D4       ;            ;          ; GND                                            ; gnd    ;                       ;         ; --         ;                 ; --       ; --           ;
; D5       ; 491        ; 8        ; RESERVED_INPUT_WITH_WEAK_PULLUP                ;        ;                       ;         ; Column I/O ;                 ; no       ; On           ;
; D6       ; 496        ; 8        ; RESERVED_INPUT_WITH_WEAK_PULLUP                ;        ;                       ;         ; Column I/O ;                 ; no       ; On           ;
; D7       ; 479        ; 8        ; RESERVED_INPUT_WITH_WEAK_PULLUP                ;        ;                       ;         ; Column I/O ;                 ; --       ; --           ;
; D8       ; 472        ; 8        ; RESERVED_INPUT_WITH_WEAK_PULLUP                ;        ;                       ;         ; Column I/O ;                 ; no       ; On           ;
; D9       ; 474        ; 8        ; RESERVED_INPUT_WITH_WEAK_PULLUP                ;        ;                       ;         ; Column I/O ;                 ; no       ; On           ;
; D10      ; 476        ; 8        ; RESERVED_INPUT_WITH_WEAK_PULLUP                ;        ;                       ;         ; Column I/O ;                 ; no       ; On           ;
; D11      ;            ;          ; GND                                            ; gnd    ;                       ;         ; --         ;                 ; --       ; --           ;
; D12      ; 438        ; 7        ; RESERVED_INPUT_WITH_WEAK_PULLUP                ;        ;                       ;         ; Column I/O ;                 ; no       ; On           ;
; D13      ; 431        ; 7        ; LED[4]                                         ; output ; 3.3-V LVTTL           ;         ; Column I/O ; Y               ; no       ; Off          ;
; D14      ; 428        ; 7        ; LED[7]                                         ; output ; 3.3-V LVTTL           ;         ; Column I/O ; Y               ; no       ; Off          ;
; D15      ; 404        ; 7        ; RESERVED_INPUT_WITH_WEAK_PULLUP                ;        ;                       ;         ; Column I/O ;                 ; no       ; On           ;
; D16      ;            ;          ; GND                                            ; gnd    ;                       ;         ; --         ;                 ; --       ; --           ;
; D17      ; 389        ; 7        ; RESERVED_INPUT_WITH_WEAK_PULLUP                ;        ;                       ;         ; Column I/O ;                 ; no       ; On           ;
; D18      ; 385        ; 6        ; RESERVED_INPUT_WITH_WEAK_PULLUP                ;        ;                       ;         ; Row I/O    ;                 ; no       ; On           ;
; D19      ; 359        ; 6        ; RESERVED_INPUT_WITH_WEAK_PULLUP                ;        ;                       ;         ; Row I/O    ;                 ; no       ; On           ;
; D20      ;            ;          ; GND                                            ; gnd    ;                       ;         ; --         ;                 ; --       ; --           ;
; D21      ; 345        ; 6        ; RESERVED_INPUT_WITH_WEAK_PULLUP                ;        ;                       ;         ; Row I/O    ;                 ; --       ; --           ;
; D22      ; 341        ; 6        ; RESERVED_INPUT_WITH_WEAK_PULLUP                ;        ;                       ;         ; Row I/O    ;                 ; no       ; On           ;
; E1       ; 41         ; 1B       ; RESERVED_INPUT_WITH_WEAK_PULLUP                ;        ;                       ;         ; Row I/O    ;                 ; no       ; On           ;
; E2       ;            ;          ; GND                                            ; gnd    ;                       ;         ; --         ;                 ; --       ; --           ;
; E3       ; 3          ; 1A       ; RESERVED_INPUT_WITH_WEAK_PULLUP                ;        ;                       ;         ; Row I/O    ;                 ; no       ; On           ;
; E4       ; 1          ; 1A       ; RESERVED_INPUT_WITH_WEAK_PULLUP                ;        ;                       ;         ; Row I/O    ;                 ; no       ; On           ;
; E5       ;            ;          ; NC                                             ;        ;                       ;         ; --         ;                 ; --       ; --           ;
; E6       ; 498        ; 8        ; RESERVED_INPUT_WITH_WEAK_PULLUP                ;        ;                       ;         ; Column I/O ;                 ; no       ; On           ;
; E7       ;            ;          ; GND                                            ; gnd    ;                       ;         ; --         ;                 ; --       ; --           ;
; E8       ; 488        ; 8        ; RESERVED_INPUT_WITH_WEAK_PULLUP                ;        ;                       ;         ; Column I/O ;                 ; no       ; On           ;
; E9       ; 478        ; 8        ; RESERVED_INPUT_WITH_WEAK_PULLUP                ;        ;                       ;         ; Column I/O ;                 ; no       ; On           ;
; E10      ; 466        ; 8        ; RESERVED_INPUT_WITH_WEAK_PULLUP                ;        ;                       ;         ; Column I/O ;                 ; no       ; On           ;
; E11      ; 464        ; 8        ; RESERVED_INPUT_WITH_WEAK_PULLUP                ;        ;                       ;         ; Column I/O ;                 ; no       ; On           ;
; E12      ; 429        ; 7        ; RESERVED_INPUT_WITH_WEAK_PULLUP                ;        ;                       ;         ; Column I/O ;                 ; no       ; On           ;
; E13      ; 430        ; 7        ; RESERVED_INPUT_WITH_WEAK_PULLUP                ;        ;                       ;         ; Column I/O ;                 ; no       ; On           ;
; E14      ; 406        ; 7        ; LED[6]                                         ; output ; 3.3-V LVTTL           ;         ; Column I/O ; Y               ; no       ; Off          ;
; E15      ; 390        ; 7        ; RESERVED_INPUT_WITH_WEAK_PULLUP                ;        ;                       ;         ; Column I/O ;                 ; no       ; On           ;
; E16      ; 388        ; 7        ; RESERVED_INPUT_WITH_WEAK_PULLUP                ;        ;                       ;         ; Column I/O ;                 ; no       ; On           ;
; E17      ; 366        ; 6        ; RESERVED_INPUT_WITH_WEAK_PULLUP                ;        ;                       ;         ; Row I/O    ;                 ; no       ; On           ;
; E18      ; 387        ; 6        ; RESERVED_INPUT_WITH_WEAK_PULLUP                ;        ;                       ;         ; Row I/O    ;                 ; no       ; On           ;
; E19      ; 352        ; 6        ; RESERVED_INPUT_WITH_WEAK_PULLUP                ;        ;                       ;         ; Row I/O    ;                 ; no       ; On           ;
; E20      ; 355        ; 6        ; RESERVED_INPUT_WITH_WEAK_PULLUP                ;        ;                       ;         ; Row I/O    ;                 ; no       ; On           ;
; E21      ; 335        ; 6        ; RESERVED_INPUT_WITH_WEAK_PULLUP                ;        ;                       ;         ; Row I/O    ;                 ; no       ; On           ;
; E22      ; 333        ; 6        ; RESERVED_INPUT_WITH_WEAK_PULLUP                ;        ;                       ;         ; Row I/O    ;                 ; no       ; On           ;
; F1       ; 47         ; 1B       ; RESERVED_INPUT_WITH_WEAK_PULLUP                ;        ;                       ;         ; Row I/O    ;                 ; no       ; On           ;
; F2       ; 43         ; 1B       ; RESERVED_INPUT_WITH_WEAK_PULLUP                ;        ;                       ;         ; Row I/O    ;                 ; no       ; On           ;
; F3       ; 7          ; 1A       ; RESERVED_INPUT_WITH_WEAK_PULLUP                ;        ;                       ;         ; Row I/O    ;                 ; no       ; On           ;
; F4       ; 2          ; 1A       ; RESERVED_INPUT_WITH_WEAK_PULLUP                ;        ;                       ;         ; Row I/O    ;                 ; no       ; On           ;
; F5       ; 0          ; 1A       ; RESERVED_INPUT_WITH_WEAK_PULLUP                ;        ;                       ;         ; Row I/O    ;                 ; no       ; On           ;
; F6       ;            ;          ; NC                                             ;        ;                       ;         ; --         ;                 ; --       ; --           ;
; F7       ; 490        ; 8        ; RESERVED_INPUT_WITH_WEAK_PULLUP                ;        ;                       ;         ; Column I/O ;                 ; no       ; On           ;
; F8       ; 494        ; 8        ; ~ALTERA_CONF_DONE~ / RESERVED_INPUT            ; input  ; 2.5 V Schmitt Trigger ;         ; Column I/O ; N               ; no       ; Off          ;
; F9       ;            ; 8        ; VCCIO8                                         ; power  ;                       ; 2.5V    ; --         ;                 ; --       ; --           ;
; F10      ;            ;          ; GND                                            ; gnd    ;                       ;         ; --         ;                 ; --       ; --           ;
; F11      ;            ; 8        ; VCCIO8                                         ; power  ;                       ; 2.5V    ; --         ;                 ; --       ; --           ;
; F12      ;            ; 7        ; VCCIO7                                         ; power  ;                       ; 3.3V    ; --         ;                 ; --       ; --           ;
; F13      ;            ;          ; GND                                            ; gnd    ;                       ;         ; --         ;                 ; --       ; --           ;
; F14      ;            ; 7        ; VCCIO7                                         ; power  ;                       ; 3.3V    ; --         ;                 ; --       ; --           ;
; F15      ; 398        ; 7        ; RESERVED_INPUT_WITH_WEAK_PULLUP                ;        ;                       ;         ; Column I/O ;                 ; no       ; On           ;
; F16      ; 396        ; 7        ; RESERVED_INPUT_WITH_WEAK_PULLUP                ;        ;                       ;         ; Column I/O ;                 ; no       ; On           ;
; F17      ; 364        ; 6        ; RESERVED_INPUT_WITH_WEAK_PULLUP                ;        ;                       ;         ; Row I/O    ;                 ; no       ; On           ;
; F18      ; 354        ; 6        ; RESERVED_INPUT_WITH_WEAK_PULLUP                ;        ;                       ;         ; Row I/O    ;                 ; no       ; On           ;
; F19      ; 353        ; 6        ; RESERVED_INPUT_WITH_WEAK_PULLUP                ;        ;                       ;         ; Row I/O    ;                 ; no       ; On           ;
; F20      ; 342        ; 6        ; RESERVED_INPUT_WITH_WEAK_PULLUP                ;        ;                       ;         ; Row I/O    ;                 ; no       ; On           ;
; F21      ; 340        ; 6        ; RESERVED_INPUT_WITH_WEAK_PULLUP                ;        ;                       ;         ; Row I/O    ;                 ; no       ; On           ;
; F22      ; 331        ; 6        ; SDRAM_DQ[15]                                   ; bidir  ; 3.3-V LVTTL           ;         ; Row I/O    ; Y               ; no       ; Off          ;
; G1       ; 45         ; 1B       ; RESERVED_INPUT_WITH_WEAK_PULLUP                ;        ;                       ;         ; Row I/O    ;                 ; no       ; On           ;
; G2       ; 34         ; 1B       ; ~ALTERA_TCK~ / RESERVED_INPUT                  ; input  ; 2.5 V Schmitt Trigger ;         ; Row I/O    ; N               ; no       ; Off          ;
; G3       ; 11         ; 1A       ; RESERVED_INPUT_WITH_WEAK_PULLUP                ;        ;                       ;         ; Row I/O    ;                 ; no       ; On           ;
; G4       ; 5          ; 1A       ; RESERVED_INPUT_WITH_WEAK_PULLUP                ;        ;                       ;         ; Row I/O    ;                 ; no       ; On           ;
; G5       ;            ;          ; ANAIN1                                         ;        ;                       ;         ; --         ;                 ; --       ; --           ;
; G6       ;            ;          ; GND                                            ; gnd    ;                       ;         ; --         ;                 ; --       ; --           ;
; G7       ;            ;          ; VCCD_PLL3                                      ; power  ;                       ; 1.2V    ; --         ;                 ; --       ; --           ;
; G8       ;            ;          ; GND                                            ; gnd    ;                       ;         ; --         ;                 ; --       ; --           ;
; G9       ; 492        ; 8        ; ~ALTERA_nSTATUS~ / RESERVED_INPUT              ; input  ; 2.5 V Schmitt Trigger ;         ; Column I/O ; N               ; no       ; Off          ;
; G10      ;            ; 8        ; VCCIO8                                         ; power  ;                       ; 2.5V    ; --         ;                 ; --       ; --           ;
; G11      ;            ; 8        ; VCCIO8                                         ; power  ;                       ; 2.5V    ; --         ;                 ; --       ; --           ;
; G12      ;            ; 7        ; VCCIO7                                         ; power  ;                       ; 3.3V    ; --         ;                 ; --       ; --           ;
; G13      ;            ; 7        ; VCCIO7                                         ; power  ;                       ; 3.3V    ; --         ;                 ; --       ; --           ;
; G14      ;            ; 7        ; VCCIO7                                         ; power  ;                       ; 3.3V    ; --         ;                 ; --       ; --           ;
; G15      ;            ;          ; GND                                            ; gnd    ;                       ;         ; --         ;                 ; --       ; --           ;
; G16      ;            ;          ; VCCD_PLL2                                      ; power  ;                       ; 1.2V    ; --         ;                 ; --       ; --           ;
; G17      ; 386        ; 6        ; RESERVED_INPUT_WITH_WEAK_PULLUP                ;        ;                       ;         ; Row I/O    ;                 ; no       ; On           ;
; G18      ;            ;          ; GND                                            ; gnd    ;                       ;         ; --         ;                 ; --       ; --           ;
; G19      ; 330        ; 6        ; SDRAM_DQ[14]                                   ; bidir  ; 3.3-V LVTTL           ;         ; Row I/O    ; Y               ; no       ; Off          ;
; G20      ; 328        ; 6        ; SDRAM_DQ[13]                                   ; bidir  ; 3.3-V LVTTL           ;         ; Row I/O    ; Y               ; no       ; Off          ;
; G21      ;            ;          ; GND                                            ; gnd    ;                       ;         ; --         ;                 ; --       ; --           ;
; G22      ; 329        ; 6        ; SDRAM_DQ[12]                                   ; bidir  ; 3.3-V LVTTL           ;         ; Row I/O    ; Y               ; no       ; Off          ;
; H1       ; 44         ; 1B       ; RESERVED_INPUT_WITH_WEAK_PULLUP                ;        ;                       ;         ; Row I/O    ;                 ; no       ; On           ;
; H2       ; 32         ; 1B       ; ~ALTERA_TMS~ / RESERVED_INPUT_WITH_WEAK_PULLUP ; input  ; 2.5 V Schmitt Trigger ;         ; Row I/O    ; N               ; no       ; On           ;
; H3       ; 10         ; 1A       ; RESERVED_INPUT_WITH_WEAK_PULLUP                ;        ;                       ;         ; Row I/O    ;                 ; no       ; On           ;
; H4       ; 9          ; 1A       ; RESERVED_INPUT_WITH_WEAK_PULLUP                ;        ;                       ;         ; Row I/O    ;                 ; no       ; On           ;
; H5       ;            ;          ; REFGND                                         ;        ;                       ;         ; --         ;                 ; --       ; --           ;
; H6       ;            ;          ; ADC_VREF                                       ;        ;                       ;         ; --         ;                 ; --       ; --           ;
; H7       ;            ; --       ; VCCA_ADC                                       ; power  ;                       ; 2.5V    ; --         ;                 ; --       ; --           ;
; H8       ;            ; --       ; VCCA3                                          ; power  ;                       ; 2.5V    ; --         ;                 ; --       ; --           ;
; H9       ; 482        ; 8        ; ~ALTERA_nCONFIG~ / RESERVED_INPUT              ; input  ; 2.5 V Schmitt Trigger ;         ; Column I/O ; N               ; no       ; Off          ;
; H10      ; 480        ; 8        ; ~ALTERA_CONFIG_SEL~ / RESERVED_INPUT           ; input  ; 2.5 V                 ;         ; Column I/O ; N               ; no       ; Off          ;
; H11      ; 470        ; 8        ; RESERVED_INPUT_WITH_WEAK_PULLUP                ;        ;                       ;         ; Column I/O ;                 ; no       ; On           ;
; H12      ; 444        ; 7        ; RESERVED_INPUT_WITH_WEAK_PULLUP                ;        ;                       ;         ; Column I/O ;                 ; no       ; On           ;
; H13      ; 432        ; 7        ; RESERVED_INPUT_WITH_WEAK_PULLUP                ;        ;                       ;         ; Column I/O ;                 ; no       ; On           ;
; H14      ; 420        ; 7        ; RESERVED_INPUT_WITH_WEAK_PULLUP                ;        ;                       ;         ; Column I/O ;                 ; no       ; On           ;
; H15      ;            ; --       ; VCCA2                                          ; power  ;                       ; 2.5V    ; --         ;                 ; --       ; --           ;
; H16      ;            ; 6        ; VCCIO6                                         ; power  ;                       ; 3.3V    ; --         ;                 ; --       ; --           ;
; H17      ; 384        ; 6        ; RESERVED_INPUT_WITH_WEAK_PULLUP                ;        ;                       ;         ; Row I/O    ;                 ; no       ; On           ;
; H18      ; 374        ; 6        ; RESERVED_INPUT_WITH_WEAK_PULLUP                ;        ;                       ;         ; Row I/O    ;                 ; no       ; On           ;
; H19      ; 372        ; 6        ; RESERVED_INPUT_WITH_WEAK_PULLUP                ;        ;                       ;         ; Row I/O    ;                 ; no       ; On           ;
; H20      ; 375        ; 6        ; RESERVED_INPUT_WITH_WEAK_PULLUP                ;        ;                       ;         ; Row I/O    ;                 ; no       ; On           ;
; H21      ; 323        ; 6        ; SDRAM_DQ[10]                                   ; bidir  ; 3.3-V LVTTL           ;         ; Row I/O    ; Y               ; no       ; Off          ;
; H22      ; 321        ; 6        ; SDRAM_DQ[11]                                   ; bidir  ; 3.3-V LVTTL           ;         ; Row I/O    ; Y               ; no       ; Off          ;
; J1       ; 46         ; 1B       ; RESERVED_INPUT_WITH_WEAK_PULLUP                ;        ;                       ;         ; Row I/O    ;                 ; no       ; On           ;
; J2       ;            ;          ; GND                                            ; gnd    ;                       ;         ; --         ;                 ; --       ; --           ;
; J3       ; 15         ; 1A       ; RESERVED_INPUT_WITH_WEAK_PULLUP                ;        ;                       ;         ; Row I/O    ;                 ; no       ; On           ;
; J4       ; 8          ; 1A       ; RESERVED_INPUT_WITH_WEAK_PULLUP                ;        ;                       ;         ; Row I/O    ;                 ; no       ; On           ;
; J5       ;            ;          ; ANAIN2                                         ;        ;                       ;         ; --         ;                 ; --       ; --           ;
; J6       ;            ;          ; GND                                            ; gnd    ;                       ;         ; --         ;                 ; --       ; --           ;
; J7       ;            ;          ; VCCINT                                         ; power  ;                       ; 1.2V    ; --         ;                 ; --       ; --           ;
; J8       ; 4          ; 1A       ; RESERVED_INPUT_WITH_WEAK_PULLUP                ;        ;                       ;         ; Row I/O    ;                 ; no       ; On           ;
; J9       ; 6          ; 1A       ; RESERVED_INPUT_WITH_WEAK_PULLUP                ;        ;                       ;         ; Row I/O    ;                 ; no       ; On           ;
; J10      ; 468        ; 8        ; RESERVED_INPUT_WITH_WEAK_PULLUP                ;        ;                       ;         ; Column I/O ;                 ; no       ; On           ;
; J11      ; 446        ; 7        ; RESERVED_INPUT_WITH_WEAK_PULLUP                ;        ;                       ;         ; Column I/O ;                 ; no       ; On           ;
; J12      ; 434        ; 7        ; RESERVED_INPUT_WITH_WEAK_PULLUP                ;        ;                       ;         ; Column I/O ;                 ; no       ; On           ;
; J13      ; 422        ; 7        ; RESERVED_INPUT_WITH_WEAK_PULLUP                ;        ;                       ;         ; Column I/O ;                 ; no       ; On           ;
; J14      ; 368        ; 6        ; RESERVED_INPUT_WITH_WEAK_PULLUP                ;        ;                       ;         ; Row I/O    ;                 ; no       ; On           ;
; J15      ; 370        ; 6        ; RESERVED_INPUT_WITH_WEAK_PULLUP                ;        ;                       ;         ; Row I/O    ;                 ; no       ; On           ;
; J16      ;            ;          ; GND                                            ; gnd    ;                       ;         ; --         ;                 ; --       ; --           ;
; J17      ;            ; 6        ; VCCIO6                                         ; power  ;                       ; 3.3V    ; --         ;                 ; --       ; --           ;
; J18      ; 362        ; 6        ; RESERVED_INPUT_WITH_WEAK_PULLUP                ;        ;                       ;         ; Row I/O    ;                 ; no       ; On           ;
; J19      ;            ;          ; GND                                            ; gnd    ;                       ;         ; --         ;                 ; --       ; --           ;
; J20      ; 373        ; 6        ; RESERVED_INPUT_WITH_WEAK_PULLUP                ;        ;                       ;         ; Row I/O    ;                 ; no       ; On           ;
; J21      ; 327        ; 6        ; SDRAM_DQMU                                     ; output ; 3.3-V LVTTL           ;         ; Row I/O    ; Y               ; no       ; Off          ;
; J22      ; 325        ; 6        ; SDRAM_DQ[9]                                    ; bidir  ; 3.3-V LVTTL           ;         ; Row I/O    ; Y               ; no       ; Off          ;
; K1       ; 49         ; 1B       ; RESERVED_INPUT_WITH_WEAK_PULLUP                ;        ;                       ;         ; Row I/O    ;                 ; no       ; On           ;
; K2       ; 37         ; 1B       ; RESERVED_INPUT_WITH_WEAK_PULLUP                ;        ;                       ;         ; Row I/O    ;                 ; no       ; On           ;
; K3       ;            ;          ; GND                                            ; gnd    ;                       ;         ; --         ;                 ; --       ; --           ;
; K4       ; 13         ; 1A       ; RESERVED_INPUT_WITH_WEAK_PULLUP                ;        ;                       ;         ; Row I/O    ;                 ; no       ; On           ;
; K5       ; 12         ; 1A       ; RESERVED_INPUT_WITH_WEAK_PULLUP                ;        ;                       ;         ; Row I/O    ;                 ; no       ; On           ;
; K6       ; 14         ; 1A       ; RESERVED_INPUT_WITH_WEAK_PULLUP                ;        ;                       ;         ; Row I/O    ;                 ; no       ; On           ;
; K7       ;            ; 1A       ; VCCIO1A                                        ; power  ;                       ; 2.5V    ; --         ;                 ; --       ; --           ;
; K8       ; 28         ; 1B       ; RESERVED_INPUT_WITH_WEAK_PULLUP                ;        ;                       ;         ; Row I/O    ;                 ; no       ; On           ;
; K9       ; 30         ; 1B       ; RESERVED_INPUT_WITH_WEAK_PULLUP                ;        ;                       ;         ; Row I/O    ;                 ; no       ; On           ;
; K10      ;            ;          ; GND                                            ; gnd    ;                       ;         ; --         ;                 ; --       ; --           ;
; K11      ;            ; --       ; VCC                                            ; power  ;                       ; 1.2V    ; --         ;                 ; --       ; --           ;
; K12      ;            ;          ; GND                                            ; gnd    ;                       ;         ; --         ;                 ; --       ; --           ;
; K13      ;            ; --       ; VCC                                            ; power  ;                       ; 1.2V    ; --         ;                 ; --       ; --           ;
; K14      ; 356        ; 6        ; RESERVED_INPUT_WITH_WEAK_PULLUP                ;        ;                       ;         ; Row I/O    ;                 ; no       ; On           ;
; K15      ; 358        ; 6        ; RESERVED_INPUT_WITH_WEAK_PULLUP                ;        ;                       ;         ; Row I/O    ;                 ; no       ; On           ;
; K16      ;            ; 6        ; VCCIO6                                         ; power  ;                       ; 3.3V    ; --         ;                 ; --       ; --           ;
; K17      ;            ; 6        ; VCCIO6                                         ; power  ;                       ; 3.3V    ; --         ;                 ; --       ; --           ;
; K18      ; 360        ; 6        ; RESERVED_INPUT_WITH_WEAK_PULLUP                ;        ;                       ;         ; Row I/O    ;                 ; no       ; On           ;
; K19      ; 361        ; 6        ; RESERVED_INPUT_WITH_WEAK_PULLUP                ;        ;                       ;         ; Row I/O    ;                 ; no       ; On           ;
; K20      ; 363        ; 6        ; RESERVED_INPUT_WITH_WEAK_PULLUP                ;        ;                       ;         ; Row I/O    ;                 ; no       ; On           ;
; K21      ; 326        ; 6        ; RESERVED_INPUT_WITH_WEAK_PULLUP                ;        ;                       ;         ; Row I/O    ;                 ; no       ; On           ;
; K22      ; 324        ; 6        ; RESERVED_INPUT_WITH_WEAK_PULLUP                ;        ;                       ;         ; Row I/O    ;                 ; no       ; On           ;
; L1       ; 51         ; 1B       ; RESERVED_INPUT_WITH_WEAK_PULLUP                ;        ;                       ;         ; Row I/O    ;                 ; no       ; On           ;
; L2       ; 39         ; 1B       ; RESERVED_INPUT_WITH_WEAK_PULLUP                ;        ;                       ;         ; Row I/O    ;                 ; no       ; On           ;
; L3       ;            ;          ; DNU                                            ;        ;                       ;         ; --         ;                 ; --       ; --           ;
; L4       ; 36         ; 1B       ; ~ALTERA_TDI~ / RESERVED_INPUT_WITH_WEAK_PULLUP ; input  ; 2.5 V Schmitt Trigger ;         ; Row I/O    ; N               ; no       ; On           ;
; L5       ;            ;          ; GND                                            ; gnd    ;                       ;         ; --         ;                 ; --       ; --           ;
; L6       ;            ; 1A       ; VCCIO1A                                        ; power  ;                       ; 2.5V    ; --         ;                 ; --       ; --           ;
; L7       ;            ; 1B       ; VCCIO1B                                        ; power  ;                       ; 2.5V    ; --         ;                 ; --       ; --           ;
; L8       ; 40         ; 1B       ; RESERVED_INPUT_WITH_WEAK_PULLUP                ;        ;                       ;         ; Row I/O    ;                 ; no       ; On           ;
; L9       ; 42         ; 1B       ; RESERVED_INPUT_WITH_WEAK_PULLUP                ;        ;                       ;         ; Row I/O    ;                 ; no       ; On           ;
; L10      ;            ; --       ; VCC                                            ; power  ;                       ; 1.2V    ; --         ;                 ; --       ; --           ;
; L11      ;            ; --       ; VCC                                            ; power  ;                       ; 1.2V    ; --         ;                 ; --       ; --           ;
; L12      ;            ; --       ; VCC                                            ; power  ;                       ; 1.2V    ; --         ;                 ; --       ; --           ;
; L13      ;            ;          ; GND                                            ; gnd    ;                       ;         ; --         ;                 ; --       ; --           ;
; L14      ; 344        ; 6        ; SDRAM_CLK                                      ; output ; 3.3-V LVTTL           ;         ; Row I/O    ; Y               ; no       ; Off          ;
; L15      ; 346        ; 6        ; RESERVED_INPUT_WITH_WEAK_PULLUP                ;        ;                       ;         ; Row I/O    ;                 ; no       ; On           ;
; L16      ;            ; 6        ; VCCIO6                                         ; power  ;                       ; 3.3V    ; --         ;                 ; --       ; --           ;
; L17      ;            ;          ; GND                                            ; gnd    ;                       ;         ; --         ;                 ; --       ; --           ;
; L18      ; 350        ; 6        ; RESERVED_INPUT_WITH_WEAK_PULLUP                ;        ;                       ;         ; Row I/O    ;                 ; no       ; On           ;
; L19      ; 349        ; 6        ; RESERVED_INPUT_WITH_WEAK_PULLUP                ;        ;                       ;         ; Row I/O    ;                 ; no       ; On           ;
; L20      ; 351        ; 6        ; RESERVED_INPUT_WITH_WEAK_PULLUP                ;        ;                       ;         ; Row I/O    ;                 ; no       ; On           ;
; L21      ;            ;          ; GND                                            ; gnd    ;                       ;         ; --         ;                 ; --       ; --           ;
; L22      ; 314        ; 5        ; RESERVED_INPUT_WITH_WEAK_PULLUP                ;        ;                       ;         ; Row I/O    ;                 ; no       ; On           ;
; M1       ; 79         ; 2        ; RESERVED_INPUT_WITH_WEAK_PULLUP                ;        ;                       ;         ; Row I/O    ;                 ; no       ; On           ;
; M2       ; 77         ; 2        ; RESERVED_INPUT_WITH_WEAK_PULLUP                ;        ;                       ;         ; Row I/O    ;                 ; --       ; --           ;
; M3       ; 50         ; 1B       ; RESERVED_INPUT_WITH_WEAK_PULLUP                ;        ;                       ;         ; Row I/O    ;                 ; no       ; On           ;
; M4       ; 48         ; 1B       ; RESERVED_INPUT_WITH_WEAK_PULLUP                ;        ;                       ;         ; Row I/O    ;                 ; no       ; On           ;
; M5       ; 38         ; 1B       ; ~ALTERA_TDO~                                   ; output ; 2.5 V                 ;         ; Row I/O    ; N               ; no       ; Off          ;
; M6       ;            ; 1B       ; VCCIO1B                                        ; power  ;                       ; 2.5V    ; --         ;                 ; --       ; --           ;
; M7       ;            ;          ; GND                                            ; gnd    ;                       ;         ; --         ;                 ; --       ; --           ;
; M8       ; 72         ; 2        ; RESERVED_INPUT_WITH_WEAK_PULLUP                ;        ;                       ;         ; Row I/O    ;                 ; no       ; On           ;
; M9       ; 74         ; 2        ; RESERVED_INPUT_WITH_WEAK_PULLUP                ;        ;                       ;         ; Row I/O    ;                 ; no       ; On           ;
; M10      ;            ;          ; GND                                            ; gnd    ;                       ;         ; --         ;                 ; --       ; --           ;
; M11      ;            ; --       ; VCC                                            ; power  ;                       ; 1.2V    ; --         ;                 ; --       ; --           ;
; M12      ;            ; --       ; VCC                                            ; power  ;                       ; 1.2V    ; --         ;                 ; --       ; --           ;
; M13      ;            ; --       ; VCC                                            ; power  ;                       ; 1.2V    ; --         ;                 ; --       ; --           ;
; M14      ; 334        ; 6        ; RESERVED_INPUT_WITH_WEAK_PULLUP                ;        ;                       ;         ; Row I/O    ;                 ; no       ; On           ;
; M15      ; 332        ; 6        ; RESERVED_INPUT_WITH_WEAK_PULLUP                ;        ;                       ;         ; Row I/O    ;                 ; no       ; On           ;
; M16      ;            ;          ; GND                                            ; gnd    ;                       ;         ; --         ;                 ; --       ; --           ;
; M17      ;            ; 6        ; VCCIO6                                         ; power  ;                       ; 3.3V    ; --         ;                 ; --       ; --           ;
; M18      ; 348        ; 6        ; RESERVED_INPUT_WITH_WEAK_PULLUP                ;        ;                       ;         ; Row I/O    ;                 ; no       ; On           ;
; M19      ;            ;          ; GND                                            ; gnd    ;                       ;         ; --         ;                 ; --       ; --           ;
; M20      ; 337        ; 6        ; RESERVED_INPUT_WITH_WEAK_PULLUP                ;        ;                       ;         ; Row I/O    ;                 ; no       ; On           ;
; M21      ; 312        ; 5        ; RESERVED_INPUT_WITH_WEAK_PULLUP                ;        ;                       ;         ; Row I/O    ;                 ; no       ; On           ;
; M22      ; 315        ; 5        ; RESERVED_INPUT_WITH_WEAK_PULLUP                ;        ;                       ;         ; Row I/O    ;                 ; no       ; On           ;
; N1       ; 87         ; 2        ; RESERVED_INPUT_WITH_WEAK_PULLUP                ;        ;                       ;         ; Row I/O    ;                 ; no       ; On           ;
; N2       ; 75         ; 2        ; RESERVED_INPUT_WITH_WEAK_PULLUP                ;        ;                       ;         ; Row I/O    ;                 ; no       ; On           ;
; N3       ; 73         ; 2        ; RESERVED_INPUT_WITH_WEAK_PULLUP                ;        ;                       ;         ; Row I/O    ;                 ; no       ; On           ;
; N4       ; 56         ; 2        ; RESERVED_INPUT_WITH_WEAK_PULLUP                ;        ;                       ;         ; Row I/O    ;                 ; no       ; On           ;
; N5       ; 58         ; 2        ; RESERVED_INPUT_WITH_WEAK_PULLUP                ;        ;                       ;         ; Row I/O    ;                 ; no       ; On           ;
; N6       ;            ; 2        ; VCCIO2                                         ; power  ;                       ; 2.5V    ; --         ;                 ; --       ; --           ;
; N7       ;            ; 2        ; VCCIO2                                         ; power  ;                       ; 2.5V    ; --         ;                 ; --       ; --           ;
; N8       ; 84         ; 2        ; RESERVED_INPUT_WITH_WEAK_PULLUP                ;        ;                       ;         ; Row I/O    ;                 ; no       ; On           ;
; N9       ; 86         ; 2        ; RESERVED_INPUT_WITH_WEAK_PULLUP                ;        ;                       ;         ; Row I/O    ;                 ; no       ; On           ;
; N10      ;            ; --       ; VCC                                            ; power  ;                       ; 1.2V    ; --         ;                 ; --       ; --           ;
; N11      ;            ;          ; GND                                            ; gnd    ;                       ;         ; --         ;                 ; --       ; --           ;
; N12      ;            ; --       ; VCC                                            ; power  ;                       ; 1.2V    ; --         ;                 ; --       ; --           ;
; N13      ;            ;          ; GND                                            ; gnd    ;                       ;         ; --         ;                 ; --       ; --           ;
; N14      ; 320        ; 6        ; RESERVED_INPUT_WITH_WEAK_PULLUP                ;        ;                       ;         ; Row I/O    ;                 ; no       ; On           ;
; N15      ; 322        ; 6        ; RESERVED_INPUT_WITH_WEAK_PULLUP                ;        ;                       ;         ; Row I/O    ;                 ; no       ; On           ;
; N16      ;            ; 5        ; VCCIO5                                         ; power  ;                       ; 3.3V    ; --         ;                 ; --       ; --           ;
; N17      ;            ; 6        ; VCCIO6                                         ; power  ;                       ; 3.3V    ; --         ;                 ; --       ; --           ;
; N18      ; 336        ; 6        ; RESERVED_INPUT_WITH_WEAK_PULLUP                ;        ;                       ;         ; Row I/O    ;                 ; no       ; On           ;
; N19      ; 338        ; 6        ; RESERVED_INPUT_WITH_WEAK_PULLUP                ;        ;                       ;         ; Row I/O    ;                 ; no       ; On           ;
; N20      ; 339        ; 6        ; RESERVED_INPUT_WITH_WEAK_PULLUP                ;        ;                       ;         ; Row I/O    ;                 ; no       ; On           ;
; N21      ; 313        ; 5        ; RESERVED_INPUT_WITH_WEAK_PULLUP                ;        ;                       ;         ; Row I/O    ;                 ; no       ; On           ;
; N22      ; 307        ; 5        ; SDRAM_CKE                                      ; output ; 3.3-V LVTTL           ;         ; Row I/O    ; Y               ; no       ; Off          ;
; P1       ; 85         ; 2        ; RESERVED_INPUT_WITH_WEAK_PULLUP                ;        ;                       ;         ; Row I/O    ;                 ; no       ; On           ;
; P2       ;            ;          ; GND                                            ; gnd    ;                       ;         ; --         ;                 ; --       ; --           ;
; P3       ; 76         ; 2        ; RESERVED_INPUT_WITH_WEAK_PULLUP                ;        ;                       ;         ; Row I/O    ;                 ; no       ; On           ;
; P4       ; 57         ; 2        ; RESERVED_INPUT_WITH_WEAK_PULLUP                ;        ;                       ;         ; Row I/O    ;                 ; no       ; On           ;
; P5       ; 59         ; 2        ; RESERVED_INPUT_WITH_WEAK_PULLUP                ;        ;                       ;         ; Row I/O    ;                 ; no       ; On           ;
; P6       ;            ;          ; GND                                            ; gnd    ;                       ;         ; --         ;                 ; --       ; --           ;
; P7       ;            ; 2        ; VCCIO2                                         ; power  ;                       ; 2.5V    ; --         ;                 ; --       ; --           ;
; P8       ; 96         ; 2        ; RESERVED_INPUT_WITH_WEAK_PULLUP                ;        ;                       ;         ; Row I/O    ;                 ; no       ; On           ;
; P9       ; 142        ; 3        ; RESERVED_INPUT_WITH_WEAK_PULLUP                ;        ;                       ;         ; Column I/O ;                 ; no       ; On           ;
; P10      ; 154        ; 3        ; RESERVED_INPUT_WITH_WEAK_PULLUP                ;        ;                       ;         ; Column I/O ;                 ; no       ; On           ;
; P11      ; 166        ; 3        ; MAX10_CLK1_50                                  ; input  ; 3.3-V LVTTL           ;         ; Column I/O ; Y               ; no       ; Off          ;
; P12      ; 178        ; 4        ; RESERVED_INPUT_WITH_WEAK_PULLUP                ;        ;                       ;         ; Column I/O ;                 ; no       ; On           ;
; P13      ; 198        ; 4        ; RESERVED_INPUT_WITH_WEAK_PULLUP                ;        ;                       ;         ; Column I/O ;                 ; no       ; On           ;
; P14      ; 306        ; 5        ; RESERVED_INPUT_WITH_WEAK_PULLUP                ;        ;                       ;         ; Row I/O    ;                 ; no       ; On           ;
; P15      ; 304        ; 5        ; RESERVED_INPUT_WITH_WEAK_PULLUP                ;        ;                       ;         ; Row I/O    ;                 ; no       ; On           ;
; P16      ;            ; 5        ; VCCIO5                                         ; power  ;                       ; 3.3V    ; --         ;                 ; --       ; --           ;
; P17      ;            ;          ; GND                                            ; gnd    ;                       ;         ; --         ;                 ; --       ; --           ;
; P18      ; 310        ; 5        ; SDRAM_ADDR[8]                                  ; output ; 3.3-V LVTTL           ;         ; Row I/O    ; Y               ; no       ; Off          ;
; P19      ; 309        ; 5        ; SDRAM_ADDR[9]                                  ; output ; 3.3-V LVTTL           ;         ; Row I/O    ; Y               ; no       ; Off          ;
; P20      ; 311        ; 5        ; SDRAM_ADDR[11]                                 ; output ; 3.3-V LVTTL           ;         ; Row I/O    ; Y               ; no       ; Off          ;
; P21      ; 305        ; 5        ; SDRAM_DQ[8]                                    ; bidir  ; 3.3-V LVTTL           ;         ; Row I/O    ; Y               ; no       ; Off          ;
; P22      ; 303        ; 5        ; RESERVED_INPUT_WITH_WEAK_PULLUP                ;        ;                       ;         ; Row I/O    ;                 ; --       ; --           ;
; R1       ; 121        ; 2        ; RESERVED_INPUT_WITH_WEAK_PULLUP                ;        ;                       ;         ; Row I/O    ;                 ; no       ; On           ;
; R2       ; 123        ; 2        ; RESERVED_INPUT_WITH_WEAK_PULLUP                ;        ;                       ;         ; Row I/O    ;                 ; no       ; On           ;
; R3       ; 78         ; 2        ; RESERVED_INPUT_WITH_WEAK_PULLUP                ;        ;                       ;         ; Row I/O    ;                 ; no       ; On           ;
; R4       ; 80         ; 2        ; RESERVED_INPUT_WITH_WEAK_PULLUP                ;        ;                       ;         ; Row I/O    ;                 ; no       ; On           ;
; R5       ; 82         ; 2        ; RESERVED_INPUT_WITH_WEAK_PULLUP                ;        ;                       ;         ; Row I/O    ;                 ; no       ; On           ;
; R6       ;            ; 2        ; VCCIO2                                         ; power  ;                       ; 2.5V    ; --         ;                 ; --       ; --           ;
; R7       ; 98         ; 2        ; RESERVED_INPUT_WITH_WEAK_PULLUP                ;        ;                       ;         ; Row I/O    ;                 ; no       ; On           ;
; R8       ;            ; --       ; VCCA1                                          ; power  ;                       ; 2.5V    ; --         ;                 ; --       ; --           ;
; R9       ; 140        ; 3        ; RESERVED_INPUT_WITH_WEAK_PULLUP                ;        ;                       ;         ; Column I/O ;                 ; no       ; On           ;
; R10      ; 152        ; 3        ; RESERVED_INPUT_WITH_WEAK_PULLUP                ;        ;                       ;         ; Column I/O ;                 ; no       ; On           ;
; R11      ; 164        ; 3        ; RESERVED_INPUT_WITH_WEAK_PULLUP                ;        ;                       ;         ; Column I/O ;                 ; no       ; On           ;
; R12      ; 176        ; 4        ; RESERVED_INPUT_WITH_WEAK_PULLUP                ;        ;                       ;         ; Column I/O ;                 ; no       ; On           ;
; R13      ; 196        ; 4        ; RESERVED_INPUT_WITH_WEAK_PULLUP                ;        ;                       ;         ; Column I/O ;                 ; no       ; On           ;
; R14      ; 294        ; 5        ; RESERVED_INPUT_WITH_WEAK_PULLUP                ;        ;                       ;         ; Row I/O    ;                 ; no       ; On           ;
; R15      ; 292        ; 5        ; RESERVED_INPUT_WITH_WEAK_PULLUP                ;        ;                       ;         ; Row I/O    ;                 ; no       ; On           ;
; R16      ;            ; 5        ; VCCIO5                                         ; power  ;                       ; 3.3V    ; --         ;                 ; --       ; --           ;
; R17      ;            ; 5        ; VCCIO5                                         ; power  ;                       ; 3.3V    ; --         ;                 ; --       ; --           ;
; R18      ; 308        ; 5        ; SDRAM_ADDR[7]                                  ; output ; 3.3-V LVTTL           ;         ; Row I/O    ; Y               ; no       ; Off          ;
; R19      ;            ;          ; GND                                            ; gnd    ;                       ;         ; --         ;                 ; --       ; --           ;
; R20      ; 299        ; 5        ; SDRAM_ADDR[12]                                 ; output ; 3.3-V LVTTL           ;         ; Row I/O    ; Y               ; no       ; Off          ;
; R21      ;            ;          ; GND                                            ; gnd    ;                       ;         ; --         ;                 ; --       ; --           ;
; R22      ; 301        ; 5        ; RESERVED_INPUT_WITH_WEAK_PULLUP                ;        ;                       ;         ; Row I/O    ;                 ; no       ; On           ;
; T1       ; 81         ; 2        ; RESERVED_INPUT_WITH_WEAK_PULLUP                ;        ;                       ;         ; Row I/O    ;                 ; no       ; On           ;
; T2       ; 83         ; 2        ; RESERVED_INPUT_WITH_WEAK_PULLUP                ;        ;                       ;         ; Row I/O    ;                 ; no       ; On           ;
; T3       ; 88         ; 2        ; RESERVED_INPUT_WITH_WEAK_PULLUP                ;        ;                       ;         ; Row I/O    ;                 ; no       ; On           ;
; T4       ;            ;          ; GND                                            ; gnd    ;                       ;         ; --         ;                 ; --       ; --           ;
; T5       ; 120        ; 2        ; RESERVED_INPUT_WITH_WEAK_PULLUP                ;        ;                       ;         ; Row I/O    ;                 ; no       ; On           ;
; T6       ; 122        ; 2        ; RESERVED_INPUT_WITH_WEAK_PULLUP                ;        ;                       ;         ; Row I/O    ;                 ; no       ; On           ;
; T7       ;            ;          ; VCCD_PLL1                                      ; power  ;                       ; 1.2V    ; --         ;                 ; --       ; --           ;
; T8       ;            ;          ; GND                                            ; gnd    ;                       ;         ; --         ;                 ; --       ; --           ;
; T9       ;            ; 3        ; VCCIO3                                         ; power  ;                       ; 3.3V    ; --         ;                 ; --       ; --           ;
; T10      ;            ; 3        ; VCCIO3                                         ; power  ;                       ; 3.3V    ; --         ;                 ; --       ; --           ;
; T11      ;            ; 3        ; VCCIO3                                         ; power  ;                       ; 3.3V    ; --         ;                 ; --       ; --           ;
; T12      ;            ; 4        ; VCCIO4                                         ; power  ;                       ; 2.5V    ; --         ;                 ; --       ; --           ;
; T13      ;            ; 4        ; VCCIO4                                         ; power  ;                       ; 2.5V    ; --         ;                 ; --       ; --           ;
; T14      ;            ;          ; GND                                            ; gnd    ;                       ;         ; --         ;                 ; --       ; --           ;
; T15      ;            ; --       ; VCCA4                                          ; power  ;                       ; 2.5V    ; --         ;                 ; --       ; --           ;
; T16      ;            ;          ; GND                                            ; gnd    ;                       ;         ; --         ;                 ; --       ; --           ;
; T17      ;            ; 5        ; VCCIO5                                         ; power  ;                       ; 3.3V    ; --         ;                 ; --       ; --           ;
; T18      ; 298        ; 5        ; SDRAM_ADDR[5]                                  ; output ; 3.3-V LVTTL           ;         ; Row I/O    ; Y               ; no       ; Off          ;
; T19      ; 296        ; 5        ; SDRAM_ADDR[6]                                  ; output ; 3.3-V LVTTL           ;         ; Row I/O    ; Y               ; no       ; Off          ;
; T20      ; 297        ; 5        ; SDRAM_ADDR[10]                                 ; output ; 3.3-V LVTTL           ;         ; Row I/O    ; Y               ; no       ; Off          ;
; T21      ; 293        ; 5        ; SDRAM_BA_0                                     ; output ; 3.3-V LVTTL           ;         ; Row I/O    ; Y               ; no       ; Off          ;
; T22      ; 295        ; 5        ; SDRAM_BA_1                                     ; output ; 3.3-V LVTTL           ;         ; Row I/O    ; Y               ; no       ; Off          ;
; U1       ; 89         ; 2        ; RESERVED_INPUT_WITH_WEAK_PULLUP                ;        ;                       ;         ; Row I/O    ;                 ; no       ; On           ;
; U2       ; 90         ; 2        ; RESERVED_INPUT_WITH_WEAK_PULLUP                ;        ;                       ;         ; Row I/O    ;                 ; no       ; On           ;
; U3       ; 93         ; 2        ; RESERVED_INPUT_WITH_WEAK_PULLUP                ;        ;                       ;         ; Row I/O    ;                 ; no       ; On           ;
; U4       ; 92         ; 2        ; RESERVED_INPUT_WITH_WEAK_PULLUP                ;        ;                       ;         ; Row I/O    ;                 ; no       ; On           ;
; U5       ; 94         ; 2        ; RESERVED_INPUT_WITH_WEAK_PULLUP                ;        ;                       ;         ; Row I/O    ;                 ; no       ; On           ;
; U6       ; 128        ; 3        ; RESERVED_INPUT_WITH_WEAK_PULLUP                ;        ;                       ;         ; Column I/O ;                 ; no       ; On           ;
; U7       ; 130        ; 3        ; RESERVED_INPUT_WITH_WEAK_PULLUP                ;        ;                       ;         ; Column I/O ;                 ; no       ; On           ;
; U8       ;            ; 3        ; VCCIO3                                         ; power  ;                       ; 3.3V    ; --         ;                 ; --       ; --           ;
; U9       ;            ; 3        ; VCCIO3                                         ; power  ;                       ; 3.3V    ; --         ;                 ; --       ; --           ;
; U10      ;            ;          ; GND                                            ; gnd    ;                       ;         ; --         ;                 ; --       ; --           ;
; U11      ;            ; 4        ; VCCIO4                                         ; power  ;                       ; 2.5V    ; --         ;                 ; --       ; --           ;
; U12      ;            ; 4        ; VCCIO4                                         ; power  ;                       ; 2.5V    ; --         ;                 ; --       ; --           ;
; U13      ;            ;          ; GND                                            ; gnd    ;                       ;         ; --         ;                 ; --       ; --           ;
; U14      ;            ; 4        ; VCCIO4                                         ; power  ;                       ; 2.5V    ; --         ;                 ; --       ; --           ;
; U15      ; 208        ; 4        ; RESERVED_INPUT_WITH_WEAK_PULLUP                ;        ;                       ;         ; Column I/O ;                 ; no       ; On           ;
; U16      ;            ;          ; VCCD_PLL4                                      ; power  ;                       ; 1.2V    ; --         ;                 ; --       ; --           ;
; U17      ; 246        ; 5        ; SDRAM_ADDR[0]                                  ; output ; 3.3-V LVTTL           ;         ; Row I/O    ; Y               ; no       ; Off          ;
; U18      ; 244        ; 5        ; SDRAM_ADDR[3]                                  ; output ; 3.3-V LVTTL           ;         ; Row I/O    ; Y               ; no       ; Off          ;
; U19      ; 282        ; 5        ; SDRAM_ADDR[4]                                  ; output ; 3.3-V LVTTL           ;         ; Row I/O    ; Y               ; no       ; Off          ;
; U20      ; 290        ; 5        ; SDRAM_CS_N                                     ; output ; 3.3-V LVTTL           ;         ; Row I/O    ; Y               ; no       ; Off          ;
; U21      ; 300        ; 5        ; SDRAM_CAS_N                                    ; output ; 3.3-V LVTTL           ;         ; Row I/O    ; Y               ; no       ; Off          ;
; U22      ; 302        ; 5        ; SDRAM_RAS_N                                    ; output ; 3.3-V LVTTL           ;         ; Row I/O    ; Y               ; no       ; Off          ;
; V1       ; 91         ; 2        ; RESERVED_INPUT_WITH_WEAK_PULLUP                ;        ;                       ;         ; Row I/O    ;                 ; no       ; On           ;
; V2       ;            ;          ; GND                                            ; gnd    ;                       ;         ; --         ;                 ; --       ; --           ;
; V3       ; 95         ; 2        ; RESERVED_INPUT_WITH_WEAK_PULLUP                ;        ;                       ;         ; Row I/O    ;                 ; no       ; On           ;
; V4       ; 125        ; 3        ; RESERVED_INPUT_WITH_WEAK_PULLUP                ;        ;                       ;         ; Column I/O ;                 ; no       ; On           ;
; V5       ; 127        ; 3        ; RESERVED_INPUT_WITH_WEAK_PULLUP                ;        ;                       ;         ; Column I/O ;                 ; no       ; On           ;
; V6       ;            ;          ; GND                                            ; gnd    ;                       ;         ; --         ;                 ; --       ; --           ;
; V7       ; 136        ; 3        ; RESERVED_INPUT_WITH_WEAK_PULLUP                ;        ;                       ;         ; Column I/O ;                 ; no       ; On           ;
; V8       ; 138        ; 3        ; TMS_i                                          ; input  ; 3.3-V LVTTL           ;         ; Column I/O ; Y               ; no       ; Off          ;
; V9       ; 160        ; 3        ; RESERVED_INPUT_WITH_WEAK_PULLUP                ;        ;                       ;         ; Column I/O ;                 ; no       ; On           ;
; V10      ; 162        ; 3        ; TCK_i                                          ; input  ; 3.3-V LVTTL           ;         ; Column I/O ; Y               ; no       ; Off          ;
; V11      ; 172        ; 4        ; RESERVED_INPUT_WITH_WEAK_PULLUP                ;        ;                       ;         ; Column I/O ;                 ; no       ; On           ;
; V12      ; 174        ; 4        ; RESERVED_INPUT_WITH_WEAK_PULLUP                ;        ;                       ;         ; Column I/O ;                 ; no       ; On           ;
; V13      ; 192        ; 4        ; RESERVED_INPUT_WITH_WEAK_PULLUP                ;        ;                       ;         ; Column I/O ;                 ; no       ; On           ;
; V14      ; 204        ; 4        ; RESERVED_INPUT_WITH_WEAK_PULLUP                ;        ;                       ;         ; Column I/O ;                 ; no       ; On           ;
; V15      ; 216        ; 4        ; RESERVED_INPUT_WITH_WEAK_PULLUP                ;        ;                       ;         ; Column I/O ;                 ; no       ; On           ;
; V16      ; 210        ; 4        ; RESERVED_INPUT_WITH_WEAK_PULLUP                ;        ;                       ;         ; Column I/O ;                 ; no       ; On           ;
; V17      ; 242        ; 4        ; RESERVED_INPUT_WITH_WEAK_PULLUP                ;        ;                       ;         ; Column I/O ;                 ; no       ; On           ;
; V18      ; 280        ; 5        ; SDRAM_ADDR[2]                                  ; output ; 3.3-V LVTTL           ;         ; Row I/O    ; Y               ; no       ; Off          ;
; V19      ;            ;          ; GND                                            ; gnd    ;                       ;         ; --         ;                 ; --       ; --           ;
; V20      ; 288        ; 5        ; SDRAM_WE_N                                     ; output ; 3.3-V LVTTL           ;         ; Row I/O    ; Y               ; no       ; Off          ;
; V21      ; 289        ; 5        ; SDRAM_DQ[7]                                    ; bidir  ; 3.3-V LVTTL           ;         ; Row I/O    ; Y               ; no       ; Off          ;
; V22      ; 291        ; 5        ; SDRAM_DQML                                     ; output ; 3.3-V LVTTL           ;         ; Row I/O    ; Y               ; no       ; Off          ;
; W1       ; 97         ; 2        ; RESERVED_INPUT_WITH_WEAK_PULLUP                ;        ;                       ;         ; Row I/O    ;                 ; no       ; On           ;
; W2       ; 99         ; 2        ; RESERVED_INPUT_WITH_WEAK_PULLUP                ;        ;                       ;         ; Row I/O    ;                 ; no       ; On           ;
; W3       ; 134        ; 3        ; RESERVED_INPUT_WITH_WEAK_PULLUP                ;        ;                       ;         ; Column I/O ;                 ; no       ; On           ;
; W4       ; 132        ; 3        ; RESERVED_INPUT_WITH_WEAK_PULLUP                ;        ;                       ;         ; Column I/O ;                 ; no       ; On           ;
; W5       ; 124        ; 3        ; RESERVED_INPUT_WITH_WEAK_PULLUP                ;        ;                       ;         ; Column I/O ;                 ; no       ; On           ;
; W6       ; 126        ; 3        ; RESERVED_INPUT_WITH_WEAK_PULLUP                ;        ;                       ;         ; Column I/O ;                 ; no       ; On           ;
; W7       ; 148        ; 3        ; RESERVED_INPUT_WITH_WEAK_PULLUP                ;        ;                       ;         ; Column I/O ;                 ; no       ; On           ;
; W8       ; 150        ; 3        ; TDO_o                                          ; output ; 3.3-V LVTTL           ;         ; Column I/O ; Y               ; no       ; Off          ;
; W9       ; 144        ; 3        ; TDI_i                                          ; input  ; 3.3-V LVTTL           ;         ; Column I/O ; Y               ; no       ; Off          ;
; W10      ; 146        ; 3        ; nTRST_i                                        ; input  ; 3.3-V LVTTL           ;         ; Column I/O ; Y               ; no       ; Off          ;
; W11      ; 173        ; 4        ; RESERVED_INPUT_WITH_WEAK_PULLUP                ;        ;                       ;         ; Column I/O ;                 ; no       ; On           ;
; W12      ; 193        ; 4        ; RESERVED_INPUT_WITH_WEAK_PULLUP                ;        ;                       ;         ; Column I/O ;                 ; no       ; On           ;
; W13      ; 195        ; 4        ; RESERVED_INPUT_WITH_WEAK_PULLUP                ;        ;                       ;         ; Column I/O ;                 ; no       ; On           ;
; W14      ; 194        ; 4        ; RESERVED_INPUT_WITH_WEAK_PULLUP                ;        ;                       ;         ; Column I/O ;                 ; no       ; On           ;
; W15      ; 206        ; 4        ; RESERVED_INPUT_WITH_WEAK_PULLUP                ;        ;                       ;         ; Column I/O ;                 ; no       ; On           ;
; W16      ; 218        ; 4        ; RESERVED_INPUT_WITH_WEAK_PULLUP                ;        ;                       ;         ; Column I/O ;                 ; no       ; On           ;
; W17      ; 240        ; 4        ; RESERVED_INPUT_WITH_WEAK_PULLUP                ;        ;                       ;         ; Column I/O ;                 ; no       ; On           ;
; W18      ; 226        ; 4        ; RESERVED_INPUT_WITH_WEAK_PULLUP                ;        ;                       ;         ; Column I/O ;                 ; no       ; On           ;
; W19      ; 284        ; 5        ; SDRAM_ADDR[1]                                  ; output ; 3.3-V LVTTL           ;         ; Row I/O    ; Y               ; no       ; Off          ;
; W20      ; 286        ; 5        ; SDRAM_DQ[6]                                    ; bidir  ; 3.3-V LVTTL           ;         ; Row I/O    ; Y               ; no       ; Off          ;
; W21      ;            ;          ; GND                                            ; gnd    ;                       ;         ; --         ;                 ; --       ; --           ;
; W22      ; 283        ; 5        ; SDRAM_DQ[5]                                    ; bidir  ; 3.3-V LVTTL           ;         ; Row I/O    ; Y               ; no       ; Off          ;
; Y1       ; 129        ; 3        ; RESERVED_INPUT_WITH_WEAK_PULLUP                ;        ;                       ;         ; Column I/O ;                 ; no       ; On           ;
; Y2       ; 131        ; 3        ; RESERVED_INPUT_WITH_WEAK_PULLUP                ;        ;                       ;         ; Column I/O ;                 ; no       ; On           ;
; Y3       ; 149        ; 3        ; RESERVED_INPUT_WITH_WEAK_PULLUP                ;        ;                       ;         ; Column I/O ;                 ; no       ; On           ;
; Y4       ; 151        ; 3        ; RESERVED_INPUT_WITH_WEAK_PULLUP                ;        ;                       ;         ; Column I/O ;                 ; no       ; On           ;
; Y5       ; 137        ; 3        ; UART0_TXD                                      ; output ; 3.3-V LVTTL           ;         ; Column I/O ; Y               ; no       ; Off          ;
; Y6       ; 139        ; 3        ; RESERVED_INPUT_WITH_WEAK_PULLUP                ;        ;                       ;         ; Column I/O ;                 ; no       ; On           ;
; Y7       ; 141        ; 3        ; RESERVED_INPUT_WITH_WEAK_PULLUP                ;        ;                       ;         ; Column I/O ;                 ; no       ; On           ;
; Y8       ; 143        ; 3        ; RESERVED_INPUT_WITH_WEAK_PULLUP                ;        ;                       ;         ; Column I/O ;                 ; no       ; On           ;
; Y9       ;            ;          ; GND                                            ; gnd    ;                       ;         ; --         ;                 ; --       ; --           ;
; Y10      ; 168        ; 3        ; RESERVED_INPUT_WITH_WEAK_PULLUP                ;        ;                       ;         ; Column I/O ;                 ; no       ; On           ;
; Y11      ; 175        ; 4        ; RESERVED_INPUT_WITH_WEAK_PULLUP                ;        ;                       ;         ; Column I/O ;                 ; no       ; On           ;
; Y12      ;            ;          ; GND                                            ; gnd    ;                       ;         ; --         ;                 ; --       ; --           ;
; Y13      ; 200        ; 4        ; RESERVED_INPUT_WITH_WEAK_PULLUP                ;        ;                       ;         ; Column I/O ;                 ; no       ; On           ;
; Y14      ; 202        ; 4        ; RESERVED_INPUT_WITH_WEAK_PULLUP                ;        ;                       ;         ; Column I/O ;                 ; no       ; On           ;
; Y15      ;            ;          ; GND                                            ; gnd    ;                       ;         ; --         ;                 ; --       ; --           ;
; Y16      ; 207        ; 4        ; RESERVED_INPUT_WITH_WEAK_PULLUP                ;        ;                       ;         ; Column I/O ;                 ; no       ; On           ;
; Y17      ; 214        ; 4        ; RESERVED_INPUT_WITH_WEAK_PULLUP                ;        ;                       ;         ; Column I/O ;                 ; no       ; On           ;
; Y18      ; 219        ; 4        ; RESERVED_INPUT_WITH_WEAK_PULLUP                ;        ;                       ;         ; Column I/O ;                 ; no       ; On           ;
; Y19      ; 224        ; 4        ; RESERVED_INPUT_WITH_WEAK_PULLUP                ;        ;                       ;         ; Column I/O ;                 ; no       ; On           ;
; Y20      ; 285        ; 5        ; SDRAM_DQ[1]                                    ; bidir  ; 3.3-V LVTTL           ;         ; Row I/O    ; Y               ; no       ; Off          ;
; Y21      ; 287        ; 5        ; SDRAM_DQ[0]                                    ; bidir  ; 3.3-V LVTTL           ;         ; Row I/O    ; Y               ; no       ; Off          ;
; Y22      ; 281        ; 5        ; SDRAM_DQ[4]                                    ; bidir  ; 3.3-V LVTTL           ;         ; Row I/O    ; Y               ; no       ; Off          ;
+----------+------------+----------+------------------------------------------------+--------+-----------------------+---------+------------+-----------------+----------+--------------+
Note: Pin directions (input, output or bidir) are based on device operating in user mode.


+-----------------------------------------------------------------------------------------------------------------+
; PLL Summary                                                                                                     ;
+-------------------------------+---------------------------------------------------------------------------------+
; Name                          ; pll_sys:inst_pll_sys|altpll:altpll_component|pll_sys_altpll:auto_generated|pll1 ;
+-------------------------------+---------------------------------------------------------------------------------+
; SDC pin name                  ; inst_pll_sys|altpll_component|auto_generated|pll1                               ;
; PLL mode                      ; Normal                                                                          ;
; Compensate clock              ; clock0                                                                          ;
; Compensated input/output pins ; --                                                                              ;
; Switchover type               ; --                                                                              ;
; Input frequency 0             ; 50.0 MHz                                                                        ;
; Input frequency 1             ; --                                                                              ;
; Nominal PFD frequency         ; 50.0 MHz                                                                        ;
; Nominal VCO frequency         ; 450.0 MHz                                                                       ;
; VCO post scale K counter      ; 2                                                                               ;
; VCO frequency control         ; Auto                                                                            ;
; VCO phase shift step          ; 277 ps                                                                          ;
; VCO multiply                  ; --                                                                              ;
; VCO divide                    ; --                                                                              ;
; Freq min lock                 ; 33.34 MHz                                                                       ;
; Freq max lock                 ; 72.24 MHz                                                                       ;
; M VCO Tap                     ; 4                                                                               ;
; M Initial                     ; 2                                                                               ;
; M value                       ; 9                                                                               ;
; N value                       ; 1                                                                               ;
; Charge pump current           ; setting 1                                                                       ;
; Loop filter resistance        ; setting 27                                                                      ;
; Loop filter capacitance       ; setting 0                                                                       ;
; Bandwidth                     ; 1.03 MHz to 1.97 MHz                                                            ;
; Bandwidth type                ; Medium                                                                          ;
; Real time reconfigurable      ; Off                                                                             ;
; Scan chain MIF file           ; --                                                                              ;
; Preserve PLL counter order    ; Off                                                                             ;
; PLL location                  ; PLL_1                                                                           ;
; Inclk0 signal                 ; MAX10_CLK1_50                                                                   ;
; Inclk1 signal                 ; --                                                                              ;
; Inclk0 signal type            ; Dedicated Pin                                                                   ;
; Inclk1 signal type            ; --                                                                              ;
+-------------------------------+---------------------------------------------------------------------------------+


+------------------------------------------------------------------------------------------------------------------------------------------------------------------------------------------------------------------------------------------------------------------------------------------------------------------------------------+
; PLL Usage                                                                                                                                                                                                                                                                                                                          ;
+---------------------------------------------------------------------------------------------+--------------+------+-----+------------------+-----------------+------------------+------------+---------+---------------+------------+---------------+---------+---------+----------------------------------------------------------+
; Name                                                                                        ; Output Clock ; Mult ; Div ; Output Frequency ; Phase Shift     ; Phase Shift Step ; Duty Cycle ; Counter ; Counter Value ; High / Low ; Cascade Input ; Initial ; VCO Tap ; SDC Pin Name                                             ;
+---------------------------------------------------------------------------------------------+--------------+------+-----+------------------+-----------------+------------------+------------+---------+---------------+------------+---------------+---------+---------+----------------------------------------------------------+
; pll_sys:inst_pll_sys|altpll:altpll_component|pll_sys_altpll:auto_generated|wire_pll1_clk[0] ; clock0       ; 9    ; 5   ; 90.0 MHz         ; 0 (0 ps)        ; 9.00 (277 ps)    ; 50/50      ; C0      ; 5             ; 3/2 Odd    ; --            ; 2       ; 4       ; inst_pll_sys|altpll_component|auto_generated|pll1|clk[0] ;
; pll_sys:inst_pll_sys|altpll:altpll_component|pll_sys_altpll:auto_generated|wire_pll1_clk[1] ; clock1       ; 9    ; 5   ; 90.0 MHz         ; -108 (-3333 ps) ; 9.00 (277 ps)    ; 50/50      ; C1      ; 5             ; 3/2 Odd    ; --            ; 1       ; 0       ; inst_pll_sys|altpll_component|auto_generated|pll1|clk[1] ;
+---------------------------------------------------------------------------------------------+--------------+------+-----+------------------+-----------------+------------------+------------+---------+---------------+------------+---------------+---------+---------+----------------------------------------------------------+


+------------------------------------------------------------------------------------------------------------------------------------------------------------------------------------------------------------------------------------------------------------------------------------------------------------------------------------------------------------------------------------------------------------------------------------------------------------------------------------------------------------------------------------------------------------------------------------------------------------------------------+
; Fitter Resource Utilization by Entity                                                                                                                                                                                                                                                                                                                                                                                                                                                                                                                                                                                        ;
+-------------------------------------------------------------------------------------------------+-------------+---------------------------+---------------+-------------+------+------------+--------------+---------+-----------+------+--------------+--------------+-------------------+------------------+------------+----------------------------------------------------------------------------------------------------------------------------------------------------------------------------------------------------------------------------------------------+------------------------------------+--------------+
; Compilation Hierarchy Node                                                                      ; Logic Cells ; Dedicated Logic Registers ; I/O Registers ; Memory Bits ; M9Ks ; UFM Blocks ; DSP Elements ; DSP 9x9 ; DSP 18x18 ; Pins ; Virtual Pins ; LUT-Only LCs ; Register-Only LCs ; LUT/Register LCs ; ADC blocks ; Full Hierarchy Name                                                                                                                                                                                                                          ; Entity Name                        ; Library Name ;
+-------------------------------------------------------------------------------------------------+-------------+---------------------------+---------------+-------------+------+------------+--------------+---------+-----------+------+--------------+--------------+-------------------+------------------+------------+----------------------------------------------------------------------------------------------------------------------------------------------------------------------------------------------------------------------------------------------+------------------------------------+--------------+
; |top                                                                                            ; 7616 (5)    ; 2587 (3)                  ; 69 (69)       ; 788480      ; 98   ; 1          ; 0            ; 0       ; 0         ; 59   ; 0            ; 5029 (2)     ; 457 (2)           ; 2130 (1)         ; 0          ; |top                                                                                                                                                                                                                                         ; top                                ; work         ;
;    |neorv32_top:neorv32_top_inst|                                                               ; 6877 (0)    ; 2015 (0)                  ; 0 (0)         ; 788480      ; 98   ; 0          ; 0            ; 0       ; 0         ; 0    ; 0            ; 4848 (0)     ; 322 (0)           ; 1707 (0)         ; 0          ; |top|neorv32_top:neorv32_top_inst                                                                                                                                                                                                            ; neorv32_top                        ; neorv32      ;
;       |neorv32_boot_rom:\io_system:neorv32_boot_rom_enabled:neorv32_boot_rom_inst|              ; 2862 (2862) ; 33 (33)                   ; 0 (0)         ; 0           ; 0    ; 0          ; 0            ; 0       ; 0         ; 0    ; 0            ; 2827 (2827)  ; 0 (0)             ; 35 (35)          ; 0          ; |top|neorv32_top:neorv32_top_inst|neorv32_boot_rom:\io_system:neorv32_boot_rom_enabled:neorv32_boot_rom_inst                                                                                                                                 ; neorv32_boot_rom                   ; neorv32      ;
;       |neorv32_bus_gateway:neorv32_bus_gateway_inst|                                            ; 141 (141)   ; 15 (15)                   ; 0 (0)         ; 0           ; 0    ; 0          ; 0            ; 0       ; 0         ; 0    ; 0            ; 103 (103)    ; 0 (0)             ; 38 (38)          ; 0          ; |top|neorv32_top:neorv32_top_inst|neorv32_bus_gateway:neorv32_bus_gateway_inst                                                                                                                                                               ; neorv32_bus_gateway                ; neorv32      ;
;       |neorv32_bus_io_switch:\io_system:neorv32_bus_io_switch_inst|                             ; 201 (109)   ; 92 (0)                    ; 0 (0)         ; 0           ; 0    ; 0          ; 0            ; 0       ; 0         ; 0    ; 0            ; 100 (100)    ; 39 (0)            ; 62 (46)          ; 0          ; |top|neorv32_top:neorv32_top_inst|neorv32_bus_io_switch:\io_system:neorv32_bus_io_switch_inst                                                                                                                                                ; neorv32_bus_io_switch              ; neorv32      ;
;          |neorv32_bus_reg:neorv32_bus_reg_inst|                                                 ; 92 (92)     ; 92 (92)                   ; 0 (0)         ; 0           ; 0    ; 0          ; 0            ; 0       ; 0         ; 0    ; 0            ; 0 (0)        ; 39 (39)           ; 53 (53)          ; 0          ; |top|neorv32_top:neorv32_top_inst|neorv32_bus_io_switch:\io_system:neorv32_bus_io_switch_inst|neorv32_bus_reg:neorv32_bus_reg_inst                                                                                                           ; neorv32_bus_reg                    ; neorv32      ;
;       |neorv32_bus_switch:\core_complex_gen:0:neorv32_core_bus_switch_inst|                     ; 46 (46)     ; 5 (5)                     ; 0 (0)         ; 0           ; 0    ; 0          ; 0            ; 0       ; 0         ; 0    ; 0            ; 19 (19)      ; 0 (0)             ; 27 (27)          ; 0          ; |top|neorv32_top:neorv32_top_inst|neorv32_bus_switch:\core_complex_gen:0:neorv32_core_bus_switch_inst                                                                                                                                        ; neorv32_bus_switch                 ; neorv32      ;
;       |neorv32_clint:\io_system:neorv32_clint_enabled:neorv32_clint_inst|                       ; 267 (15)    ; 140 (1)                   ; 0 (0)         ; 0           ; 0    ; 0          ; 0            ; 0       ; 0         ; 0    ; 0            ; 122 (10)     ; 36 (0)            ; 109 (6)          ; 0          ; |top|neorv32_top:neorv32_top_inst|neorv32_clint:\io_system:neorv32_clint_enabled:neorv32_clint_inst                                                                                                                                          ; neorv32_clint                      ; neorv32      ;
;          |neorv32_clint_mtime:neorv32_clint_mtime_inst|                                         ; 101 (101)   ; 69 (69)                   ; 0 (0)         ; 0           ; 0    ; 0          ; 0            ; 0       ; 0         ; 0    ; 0            ; 30 (30)      ; 0 (0)             ; 71 (71)          ; 0          ; |top|neorv32_top:neorv32_top_inst|neorv32_clint:\io_system:neorv32_clint_enabled:neorv32_clint_inst|neorv32_clint_mtime:neorv32_clint_mtime_inst                                                                                             ; neorv32_clint_mtime                ; neorv32      ;
;          |neorv32_clint_mtimecmp:\neorv32_clint_mtimecmp_gen:0:neorv32_clint_mtimecmp_inst|     ; 151 (151)   ; 68 (68)                   ; 0 (0)         ; 0           ; 0    ; 0          ; 0            ; 0       ; 0         ; 0    ; 0            ; 82 (82)      ; 36 (36)           ; 33 (33)          ; 0          ; |top|neorv32_top:neorv32_top_inst|neorv32_clint:\io_system:neorv32_clint_enabled:neorv32_clint_inst|neorv32_clint_mtimecmp:\neorv32_clint_mtimecmp_gen:0:neorv32_clint_mtimecmp_inst                                                         ; neorv32_clint_mtimecmp             ; neorv32      ;
;          |neorv32_clint_swi:\neorv32_clint_swi_gen:0:neorv32_clint_swi_inst|                    ; 2 (2)       ; 2 (2)                     ; 0 (0)         ; 0           ; 0    ; 0          ; 0            ; 0       ; 0         ; 0    ; 0            ; 0 (0)        ; 0 (0)             ; 2 (2)            ; 0          ; |top|neorv32_top:neorv32_top_inst|neorv32_clint:\io_system:neorv32_clint_enabled:neorv32_clint_inst|neorv32_clint_swi:\neorv32_clint_swi_gen:0:neorv32_clint_swi_inst                                                                        ; neorv32_clint_swi                  ; neorv32      ;
;       |neorv32_cpu:\core_complex_gen:0:neorv32_cpu_inst|                                        ; 2495 (102)  ; 1079 (0)                  ; 0 (0)         ; 2048        ; 2    ; 0          ; 0            ; 0       ; 0         ; 0    ; 0            ; 1413 (102)   ; 120 (0)           ; 962 (4)          ; 0          ; |top|neorv32_top:neorv32_top_inst|neorv32_cpu:\core_complex_gen:0:neorv32_cpu_inst                                                                                                                                                           ; neorv32_cpu                        ; neorv32      ;
;          |neorv32_cpu_alu:neorv32_cpu_alu_inst|                                                 ; 701 (226)   ; 209 (0)                   ; 0 (0)         ; 0           ; 0    ; 0          ; 0            ; 0       ; 0         ; 0    ; 0            ; 443 (177)    ; 3 (0)             ; 255 (49)         ; 0          ; |top|neorv32_top:neorv32_top_inst|neorv32_cpu:\core_complex_gen:0:neorv32_cpu_inst|neorv32_cpu_alu:neorv32_cpu_alu_inst                                                                                                                      ; neorv32_cpu_alu                    ; neorv32      ;
;             |neorv32_cpu_cp_muldiv:\neorv32_cpu_cp_muldiv_inst_true:neorv32_cpu_cp_muldiv_inst| ; 429 (429)   ; 170 (170)                 ; 0 (0)         ; 0           ; 0    ; 0          ; 0            ; 0       ; 0         ; 0    ; 0            ; 259 (259)    ; 3 (3)             ; 167 (167)        ; 0          ; |top|neorv32_top:neorv32_top_inst|neorv32_cpu:\core_complex_gen:0:neorv32_cpu_inst|neorv32_cpu_alu:neorv32_cpu_alu_inst|neorv32_cpu_cp_muldiv:\neorv32_cpu_cp_muldiv_inst_true:neorv32_cpu_cp_muldiv_inst                                    ; neorv32_cpu_cp_muldiv              ; neorv32      ;
;             |neorv32_cpu_cp_shifter:neorv32_cpu_cp_shifter_inst|                                ; 46 (46)     ; 39 (39)                   ; 0 (0)         ; 0           ; 0    ; 0          ; 0            ; 0       ; 0         ; 0    ; 0            ; 7 (7)        ; 0 (0)             ; 39 (39)          ; 0          ; |top|neorv32_top:neorv32_top_inst|neorv32_cpu:\core_complex_gen:0:neorv32_cpu_inst|neorv32_cpu_alu:neorv32_cpu_alu_inst|neorv32_cpu_cp_shifter:neorv32_cpu_cp_shifter_inst                                                                   ; neorv32_cpu_cp_shifter             ; neorv32      ;
;          |neorv32_cpu_control:neorv32_cpu_control_inst|                                         ; 1062 (1062) ; 522 (522)                 ; 0 (0)         ; 0           ; 0    ; 0          ; 0            ; 0       ; 0         ; 0    ; 0            ; 538 (538)    ; 63 (63)           ; 461 (461)        ; 0          ; |top|neorv32_top:neorv32_top_inst|neorv32_cpu:\core_complex_gen:0:neorv32_cpu_inst|neorv32_cpu_control:neorv32_cpu_control_inst                                                                                                              ; neorv32_cpu_control                ; neorv32      ;
;          |neorv32_cpu_counters:\cnts_enabled:neorv32_cpu_counters_inst|                         ; 236 (6)     ; 132 (2)                   ; 0 (0)         ; 0           ; 0    ; 0          ; 0            ; 0       ; 0         ; 0    ; 0            ; 77 (2)       ; 32 (0)            ; 127 (4)          ; 0          ; |top|neorv32_top:neorv32_top_inst|neorv32_cpu:\core_complex_gen:0:neorv32_cpu_inst|neorv32_cpu_counters:\cnts_enabled:neorv32_cpu_counters_inst                                                                                              ; neorv32_cpu_counters               ; neorv32      ;
;             |neorv32_cpu_counters_cnt:\base_enabled:cycle_inst|                                 ; 131 (131)   ; 65 (65)                   ; 0 (0)         ; 0           ; 0    ; 0          ; 0            ; 0       ; 0         ; 0    ; 0            ; 41 (41)      ; 32 (32)           ; 58 (58)          ; 0          ; |top|neorv32_top:neorv32_top_inst|neorv32_cpu:\core_complex_gen:0:neorv32_cpu_inst|neorv32_cpu_counters:\cnts_enabled:neorv32_cpu_counters_inst|neorv32_cpu_counters_cnt:\base_enabled:cycle_inst                                            ; neorv32_cpu_counters_cnt           ; neorv32      ;
;             |neorv32_cpu_counters_cnt:\base_enabled:instret_inst|                               ; 99 (99)     ; 65 (65)                   ; 0 (0)         ; 0           ; 0    ; 0          ; 0            ; 0       ; 0         ; 0    ; 0            ; 34 (34)      ; 0 (0)             ; 65 (65)          ; 0          ; |top|neorv32_top:neorv32_top_inst|neorv32_cpu:\core_complex_gen:0:neorv32_cpu_inst|neorv32_cpu_counters:\cnts_enabled:neorv32_cpu_counters_inst|neorv32_cpu_counters_cnt:\base_enabled:instret_inst                                          ; neorv32_cpu_counters_cnt           ; neorv32      ;
;          |neorv32_cpu_frontend:neorv32_cpu_frontend_inst|                                       ; 320 (69)    ; 112 (36)                  ; 0 (0)         ; 0           ; 0    ; 0          ; 0            ; 0       ; 0         ; 0    ; 0            ; 206 (31)     ; 13 (0)            ; 101 (41)         ; 0          ; |top|neorv32_top:neorv32_top_inst|neorv32_cpu:\core_complex_gen:0:neorv32_cpu_inst|neorv32_cpu_frontend:neorv32_cpu_frontend_inst                                                                                                            ; neorv32_cpu_frontend               ; neorv32      ;
;             |neorv32_cpu_decompressor:\issue_enabled:neorv32_cpu_decompressor_inst|             ; 162 (162)   ; 0 (0)                     ; 0 (0)         ; 0           ; 0    ; 0          ; 0            ; 0       ; 0         ; 0    ; 0            ; 162 (162)    ; 0 (0)             ; 0 (0)            ; 0          ; |top|neorv32_top:neorv32_top_inst|neorv32_cpu:\core_complex_gen:0:neorv32_cpu_inst|neorv32_cpu_frontend:neorv32_cpu_frontend_inst|neorv32_cpu_decompressor:\issue_enabled:neorv32_cpu_decompressor_inst                                      ; neorv32_cpu_decompressor           ; neorv32      ;
;             |neorv32_cpu_frontend_ipb:\prefetch_buffer:0:ipb_inst|                              ; 44 (44)     ; 38 (38)                   ; 0 (0)         ; 0           ; 0    ; 0          ; 0            ; 0       ; 0         ; 0    ; 0            ; 6 (6)        ; 5 (5)             ; 33 (33)          ; 0          ; |top|neorv32_top:neorv32_top_inst|neorv32_cpu:\core_complex_gen:0:neorv32_cpu_inst|neorv32_cpu_frontend:neorv32_cpu_frontend_inst|neorv32_cpu_frontend_ipb:\prefetch_buffer:0:ipb_inst                                                       ; neorv32_cpu_frontend_ipb           ; neorv32      ;
;             |neorv32_cpu_frontend_ipb:\prefetch_buffer:1:ipb_inst|                              ; 45 (45)     ; 38 (38)                   ; 0 (0)         ; 0           ; 0    ; 0          ; 0            ; 0       ; 0         ; 0    ; 0            ; 7 (7)        ; 8 (8)             ; 30 (30)          ; 0          ; |top|neorv32_top:neorv32_top_inst|neorv32_cpu:\core_complex_gen:0:neorv32_cpu_inst|neorv32_cpu_frontend:neorv32_cpu_frontend_inst|neorv32_cpu_frontend_ipb:\prefetch_buffer:1:ipb_inst                                                       ; neorv32_cpu_frontend_ipb           ; neorv32      ;
;          |neorv32_cpu_lsu:neorv32_cpu_lsu_inst|                                                 ; 143 (143)   ; 104 (104)                 ; 0 (0)         ; 0           ; 0    ; 0          ; 0            ; 0       ; 0         ; 0    ; 0            ; 39 (39)      ; 9 (9)             ; 95 (95)          ; 0          ; |top|neorv32_top:neorv32_top_inst|neorv32_cpu:\core_complex_gen:0:neorv32_cpu_inst|neorv32_cpu_lsu:neorv32_cpu_lsu_inst                                                                                                                      ; neorv32_cpu_lsu                    ; neorv32      ;
;          |neorv32_cpu_regfile:neorv32_cpu_regfile_inst|                                         ; 8 (8)       ; 0 (0)                     ; 0 (0)         ; 2048        ; 2    ; 0          ; 0            ; 0       ; 0         ; 0    ; 0            ; 8 (8)        ; 0 (0)             ; 0 (0)            ; 0          ; |top|neorv32_top:neorv32_top_inst|neorv32_cpu:\core_complex_gen:0:neorv32_cpu_inst|neorv32_cpu_regfile:neorv32_cpu_regfile_inst                                                                                                              ; neorv32_cpu_regfile                ; neorv32      ;
;             |neorv32_prim_sdpram:\register_file_fpga:reg_file_inst|                             ; 0 (0)       ; 0 (0)                     ; 0 (0)         ; 2048        ; 2    ; 0          ; 0            ; 0       ; 0         ; 0    ; 0            ; 0 (0)        ; 0 (0)             ; 0 (0)            ; 0          ; |top|neorv32_top:neorv32_top_inst|neorv32_cpu:\core_complex_gen:0:neorv32_cpu_inst|neorv32_cpu_regfile:neorv32_cpu_regfile_inst|neorv32_prim_sdpram:\register_file_fpga:reg_file_inst                                                        ; neorv32_prim_sdpram                ; neorv32      ;
;                |altsyncram:sdpram_rtl_0|                                                        ; 0 (0)       ; 0 (0)                     ; 0 (0)         ; 1024        ; 1    ; 0          ; 0            ; 0       ; 0         ; 0    ; 0            ; 0 (0)        ; 0 (0)             ; 0 (0)            ; 0          ; |top|neorv32_top:neorv32_top_inst|neorv32_cpu:\core_complex_gen:0:neorv32_cpu_inst|neorv32_cpu_regfile:neorv32_cpu_regfile_inst|neorv32_prim_sdpram:\register_file_fpga:reg_file_inst|altsyncram:sdpram_rtl_0                                ; altsyncram                         ; work         ;
;                   |altsyncram_q3d1:auto_generated|                                              ; 0 (0)       ; 0 (0)                     ; 0 (0)         ; 1024        ; 1    ; 0          ; 0            ; 0       ; 0         ; 0    ; 0            ; 0 (0)        ; 0 (0)             ; 0 (0)            ; 0          ; |top|neorv32_top:neorv32_top_inst|neorv32_cpu:\core_complex_gen:0:neorv32_cpu_inst|neorv32_cpu_regfile:neorv32_cpu_regfile_inst|neorv32_prim_sdpram:\register_file_fpga:reg_file_inst|altsyncram:sdpram_rtl_0|altsyncram_q3d1:auto_generated ; altsyncram_q3d1                    ; work         ;
;                |altsyncram:sdpram_rtl_1|                                                        ; 0 (0)       ; 0 (0)                     ; 0 (0)         ; 1024        ; 1    ; 0          ; 0            ; 0       ; 0         ; 0    ; 0            ; 0 (0)        ; 0 (0)             ; 0 (0)            ; 0          ; |top|neorv32_top:neorv32_top_inst|neorv32_cpu:\core_complex_gen:0:neorv32_cpu_inst|neorv32_cpu_regfile:neorv32_cpu_regfile_inst|neorv32_prim_sdpram:\register_file_fpga:reg_file_inst|altsyncram:sdpram_rtl_1                                ; altsyncram                         ; work         ;
;                   |altsyncram_47g1:auto_generated|                                              ; 0 (0)       ; 0 (0)                     ; 0 (0)         ; 1024        ; 1    ; 0          ; 0            ; 0       ; 0         ; 0    ; 0            ; 0 (0)        ; 0 (0)             ; 0 (0)            ; 0          ; |top|neorv32_top:neorv32_top_inst|neorv32_cpu:\core_complex_gen:0:neorv32_cpu_inst|neorv32_cpu_regfile:neorv32_cpu_regfile_inst|neorv32_prim_sdpram:\register_file_fpga:reg_file_inst|altsyncram:sdpram_rtl_1|altsyncram_47g1:auto_generated ; altsyncram_47g1                    ; work         ;
;       |neorv32_debug_dm:\neorv32_ocd_enabled:neorv32_debug_dm_inst|                             ; 429 (429)   ; 250 (250)                 ; 0 (0)         ; 0           ; 0    ; 0          ; 0            ; 0       ; 0         ; 0    ; 0            ; 174 (174)    ; 40 (40)           ; 215 (215)        ; 0          ; |top|neorv32_top:neorv32_top_inst|neorv32_debug_dm:\neorv32_ocd_enabled:neorv32_debug_dm_inst                                                                                                                                                ; neorv32_debug_dm                   ; neorv32      ;
;       |neorv32_debug_dtm:\neorv32_ocd_enabled:neorv32_debug_dtm_inst|                           ; 133 (133)   ; 114 (114)                 ; 0 (0)         ; 0           ; 0    ; 0          ; 0            ; 0       ; 0         ; 0    ; 0            ; 19 (19)      ; 14 (14)           ; 100 (100)        ; 0          ; |top|neorv32_top:neorv32_top_inst|neorv32_debug_dtm:\neorv32_ocd_enabled:neorv32_debug_dtm_inst                                                                                                                                              ; neorv32_debug_dtm                  ; neorv32      ;
;       |neorv32_dmem:\memory_system:neorv32_dmem_enabled:neorv32_dmem_inst|                      ; 10 (2)      ; 2 (2)                     ; 0 (0)         ; 262144      ; 32   ; 0          ; 0            ; 0       ; 0         ; 0    ; 0            ; 8 (0)        ; 0 (0)             ; 2 (1)            ; 0          ; |top|neorv32_top:neorv32_top_inst|neorv32_dmem:\memory_system:neorv32_dmem_enabled:neorv32_dmem_inst                                                                                                                                         ; neorv32_dmem                       ; neorv32      ;
;          |neorv32_prim_spram:\dmem_ram_gen:0:ram_inst|                                          ; 3 (3)       ; 0 (0)                     ; 0 (0)         ; 65536       ; 8    ; 0          ; 0            ; 0       ; 0         ; 0    ; 0            ; 2 (2)        ; 0 (0)             ; 1 (1)            ; 0          ; |top|neorv32_top:neorv32_top_inst|neorv32_dmem:\memory_system:neorv32_dmem_enabled:neorv32_dmem_inst|neorv32_prim_spram:\dmem_ram_gen:0:ram_inst                                                                                             ; neorv32_prim_spram                 ; neorv32      ;
;             |altsyncram:spram_rtl_0|                                                            ; 0 (0)       ; 0 (0)                     ; 0 (0)         ; 65536       ; 8    ; 0          ; 0            ; 0       ; 0         ; 0    ; 0            ; 0 (0)        ; 0 (0)             ; 0 (0)            ; 0          ; |top|neorv32_top:neorv32_top_inst|neorv32_dmem:\memory_system:neorv32_dmem_enabled:neorv32_dmem_inst|neorv32_prim_spram:\dmem_ram_gen:0:ram_inst|altsyncram:spram_rtl_0                                                                      ; altsyncram                         ; work         ;
;                |altsyncram_sad1:auto_generated|                                                 ; 0 (0)       ; 0 (0)                     ; 0 (0)         ; 65536       ; 8    ; 0          ; 0            ; 0       ; 0         ; 0    ; 0            ; 0 (0)        ; 0 (0)             ; 0 (0)            ; 0          ; |top|neorv32_top:neorv32_top_inst|neorv32_dmem:\memory_system:neorv32_dmem_enabled:neorv32_dmem_inst|neorv32_prim_spram:\dmem_ram_gen:0:ram_inst|altsyncram:spram_rtl_0|altsyncram_sad1:auto_generated                                       ; altsyncram_sad1                    ; work         ;
;          |neorv32_prim_spram:\dmem_ram_gen:1:ram_inst|                                          ; 2 (2)       ; 0 (0)                     ; 0 (0)         ; 65536       ; 8    ; 0          ; 0            ; 0       ; 0         ; 0    ; 0            ; 2 (2)        ; 0 (0)             ; 0 (0)            ; 0          ; |top|neorv32_top:neorv32_top_inst|neorv32_dmem:\memory_system:neorv32_dmem_enabled:neorv32_dmem_inst|neorv32_prim_spram:\dmem_ram_gen:1:ram_inst                                                                                             ; neorv32_prim_spram                 ; neorv32      ;
;             |altsyncram:spram_rtl_0|                                                            ; 0 (0)       ; 0 (0)                     ; 0 (0)         ; 65536       ; 8    ; 0          ; 0            ; 0       ; 0         ; 0    ; 0            ; 0 (0)        ; 0 (0)             ; 0 (0)            ; 0          ; |top|neorv32_top:neorv32_top_inst|neorv32_dmem:\memory_system:neorv32_dmem_enabled:neorv32_dmem_inst|neorv32_prim_spram:\dmem_ram_gen:1:ram_inst|altsyncram:spram_rtl_0                                                                      ; altsyncram                         ; work         ;
;                |altsyncram_sad1:auto_generated|                                                 ; 0 (0)       ; 0 (0)                     ; 0 (0)         ; 65536       ; 8    ; 0          ; 0            ; 0       ; 0         ; 0    ; 0            ; 0 (0)        ; 0 (0)             ; 0 (0)            ; 0          ; |top|neorv32_top:neorv32_top_inst|neorv32_dmem:\memory_system:neorv32_dmem_enabled:neorv32_dmem_inst|neorv32_prim_spram:\dmem_ram_gen:1:ram_inst|altsyncram:spram_rtl_0|altsyncram_sad1:auto_generated                                       ; altsyncram_sad1                    ; work         ;
;          |neorv32_prim_spram:\dmem_ram_gen:2:ram_inst|                                          ; 2 (2)       ; 0 (0)                     ; 0 (0)         ; 65536       ; 8    ; 0          ; 0            ; 0       ; 0         ; 0    ; 0            ; 2 (2)        ; 0 (0)             ; 0 (0)            ; 0          ; |top|neorv32_top:neorv32_top_inst|neorv32_dmem:\memory_system:neorv32_dmem_enabled:neorv32_dmem_inst|neorv32_prim_spram:\dmem_ram_gen:2:ram_inst                                                                                             ; neorv32_prim_spram                 ; neorv32      ;
;             |altsyncram:spram_rtl_0|                                                            ; 0 (0)       ; 0 (0)                     ; 0 (0)         ; 65536       ; 8    ; 0          ; 0            ; 0       ; 0         ; 0    ; 0            ; 0 (0)        ; 0 (0)             ; 0 (0)            ; 0          ; |top|neorv32_top:neorv32_top_inst|neorv32_dmem:\memory_system:neorv32_dmem_enabled:neorv32_dmem_inst|neorv32_prim_spram:\dmem_ram_gen:2:ram_inst|altsyncram:spram_rtl_0                                                                      ; altsyncram                         ; work         ;
;                |altsyncram_sad1:auto_generated|                                                 ; 0 (0)       ; 0 (0)                     ; 0 (0)         ; 65536       ; 8    ; 0          ; 0            ; 0       ; 0         ; 0    ; 0            ; 0 (0)        ; 0 (0)             ; 0 (0)            ; 0          ; |top|neorv32_top:neorv32_top_inst|neorv32_dmem:\memory_system:neorv32_dmem_enabled:neorv32_dmem_inst|neorv32_prim_spram:\dmem_ram_gen:2:ram_inst|altsyncram:spram_rtl_0|altsyncram_sad1:auto_generated                                       ; altsyncram_sad1                    ; work         ;
;          |neorv32_prim_spram:\dmem_ram_gen:3:ram_inst|                                          ; 2 (2)       ; 0 (0)                     ; 0 (0)         ; 65536       ; 8    ; 0          ; 0            ; 0       ; 0         ; 0    ; 0            ; 2 (2)        ; 0 (0)             ; 0 (0)            ; 0          ; |top|neorv32_top:neorv32_top_inst|neorv32_dmem:\memory_system:neorv32_dmem_enabled:neorv32_dmem_inst|neorv32_prim_spram:\dmem_ram_gen:3:ram_inst                                                                                             ; neorv32_prim_spram                 ; neorv32      ;
;             |altsyncram:spram_rtl_0|                                                            ; 0 (0)       ; 0 (0)                     ; 0 (0)         ; 65536       ; 8    ; 0          ; 0            ; 0       ; 0         ; 0    ; 0            ; 0 (0)        ; 0 (0)             ; 0 (0)            ; 0          ; |top|neorv32_top:neorv32_top_inst|neorv32_dmem:\memory_system:neorv32_dmem_enabled:neorv32_dmem_inst|neorv32_prim_spram:\dmem_ram_gen:3:ram_inst|altsyncram:spram_rtl_0                                                                      ; altsyncram                         ; work         ;
;                |altsyncram_sad1:auto_generated|                                                 ; 0 (0)       ; 0 (0)                     ; 0 (0)         ; 65536       ; 8    ; 0          ; 0            ; 0       ; 0         ; 0    ; 0            ; 0 (0)        ; 0 (0)             ; 0 (0)            ; 0          ; |top|neorv32_top:neorv32_top_inst|neorv32_dmem:\memory_system:neorv32_dmem_enabled:neorv32_dmem_inst|neorv32_prim_spram:\dmem_ram_gen:3:ram_inst|altsyncram:spram_rtl_0|altsyncram_sad1:auto_generated                                       ; altsyncram_sad1                    ; work         ;
;       |neorv32_gpio:\io_system:neorv32_gpio_enabled:neorv32_gpio_inst|                          ; 66 (66)     ; 58 (58)                   ; 0 (0)         ; 0           ; 0    ; 0          ; 0            ; 0       ; 0         ; 0    ; 0            ; 8 (8)        ; 8 (8)             ; 50 (50)          ; 0          ; |top|neorv32_top:neorv32_top_inst|neorv32_gpio:\io_system:neorv32_gpio_enabled:neorv32_gpio_inst                                                                                                                                             ; neorv32_gpio                       ; neorv32      ;
;       |neorv32_imem:\memory_system:neorv32_imem_enabled:neorv32_imem_inst|                      ; 24 (3)      ; 6 (2)                     ; 0 (0)         ; 524288      ; 64   ; 0          ; 0            ; 0       ; 0         ; 0    ; 0            ; 18 (1)       ; 2 (0)             ; 4 (1)            ; 0          ; |top|neorv32_top:neorv32_top_inst|neorv32_imem:\memory_system:neorv32_imem_enabled:neorv32_imem_inst                                                                                                                                         ; neorv32_imem                       ; neorv32      ;
;          |neorv32_prim_spram:\imem_ram:imem_ram_gen:0:ram_inst|                                 ; 7 (2)       ; 1 (0)                     ; 0 (0)         ; 131072      ; 16   ; 0          ; 0            ; 0       ; 0         ; 0    ; 0            ; 5 (2)        ; 0 (0)             ; 2 (0)            ; 0          ; |top|neorv32_top:neorv32_top_inst|neorv32_imem:\memory_system:neorv32_imem_enabled:neorv32_imem_inst|neorv32_prim_spram:\imem_ram:imem_ram_gen:0:ram_inst                                                                                    ; neorv32_prim_spram                 ; neorv32      ;
;             |altsyncram:spram_rtl_0|                                                            ; 5 (0)       ; 1 (0)                     ; 0 (0)         ; 131072      ; 16   ; 0          ; 0            ; 0       ; 0         ; 0    ; 0            ; 3 (0)        ; 0 (0)             ; 2 (0)            ; 0          ; |top|neorv32_top:neorv32_top_inst|neorv32_imem:\memory_system:neorv32_imem_enabled:neorv32_imem_inst|neorv32_prim_spram:\imem_ram:imem_ram_gen:0:ram_inst|altsyncram:spram_rtl_0                                                             ; altsyncram                         ; work         ;
;                |altsyncram_2ed1:auto_generated|                                                 ; 5 (1)       ; 1 (1)                     ; 0 (0)         ; 131072      ; 16   ; 0          ; 0            ; 0       ; 0         ; 0    ; 0            ; 3 (0)        ; 0 (0)             ; 2 (1)            ; 0          ; |top|neorv32_top:neorv32_top_inst|neorv32_imem:\memory_system:neorv32_imem_enabled:neorv32_imem_inst|neorv32_prim_spram:\imem_ram:imem_ram_gen:0:ram_inst|altsyncram:spram_rtl_0|altsyncram_2ed1:auto_generated                              ; altsyncram_2ed1                    ; work         ;
;                   |decode_97a:decode2|                                                          ; 4 (4)       ; 0 (0)                     ; 0 (0)         ; 0           ; 0    ; 0          ; 0            ; 0       ; 0         ; 0    ; 0            ; 3 (3)        ; 0 (0)             ; 1 (1)            ; 0          ; |top|neorv32_top:neorv32_top_inst|neorv32_imem:\memory_system:neorv32_imem_enabled:neorv32_imem_inst|neorv32_prim_spram:\imem_ram:imem_ram_gen:0:ram_inst|altsyncram:spram_rtl_0|altsyncram_2ed1:auto_generated|decode_97a:decode2           ; decode_97a                         ; work         ;
;          |neorv32_prim_spram:\imem_ram:imem_ram_gen:1:ram_inst|                                 ; 5 (2)       ; 1 (0)                     ; 0 (0)         ; 131072      ; 16   ; 0          ; 0            ; 0       ; 0         ; 0    ; 0            ; 4 (2)        ; 0 (0)             ; 1 (0)            ; 0          ; |top|neorv32_top:neorv32_top_inst|neorv32_imem:\memory_system:neorv32_imem_enabled:neorv32_imem_inst|neorv32_prim_spram:\imem_ram:imem_ram_gen:1:ram_inst                                                                                    ; neorv32_prim_spram                 ; neorv32      ;
;             |altsyncram:spram_rtl_0|                                                            ; 3 (0)       ; 1 (0)                     ; 0 (0)         ; 131072      ; 16   ; 0          ; 0            ; 0       ; 0         ; 0    ; 0            ; 2 (0)        ; 0 (0)             ; 1 (0)            ; 0          ; |top|neorv32_top:neorv32_top_inst|neorv32_imem:\memory_system:neorv32_imem_enabled:neorv32_imem_inst|neorv32_prim_spram:\imem_ram:imem_ram_gen:1:ram_inst|altsyncram:spram_rtl_0                                                             ; altsyncram                         ; work         ;
;                |altsyncram_2ed1:auto_generated|                                                 ; 3 (1)       ; 1 (1)                     ; 0 (0)         ; 131072      ; 16   ; 0          ; 0            ; 0       ; 0         ; 0    ; 0            ; 2 (0)        ; 0 (0)             ; 1 (1)            ; 0          ; |top|neorv32_top:neorv32_top_inst|neorv32_imem:\memory_system:neorv32_imem_enabled:neorv32_imem_inst|neorv32_prim_spram:\imem_ram:imem_ram_gen:1:ram_inst|altsyncram:spram_rtl_0|altsyncram_2ed1:auto_generated                              ; altsyncram_2ed1                    ; work         ;
;                   |decode_97a:decode2|                                                          ; 2 (2)       ; 0 (0)                     ; 0 (0)         ; 0           ; 0    ; 0          ; 0            ; 0       ; 0         ; 0    ; 0            ; 2 (2)        ; 0 (0)             ; 0 (0)            ; 0          ; |top|neorv32_top:neorv32_top_inst|neorv32_imem:\memory_system:neorv32_imem_enabled:neorv32_imem_inst|neorv32_prim_spram:\imem_ram:imem_ram_gen:1:ram_inst|altsyncram:spram_rtl_0|altsyncram_2ed1:auto_generated|decode_97a:decode2           ; decode_97a                         ; work         ;
;          |neorv32_prim_spram:\imem_ram:imem_ram_gen:2:ram_inst|                                 ; 5 (2)       ; 1 (0)                     ; 0 (0)         ; 131072      ; 16   ; 0          ; 0            ; 0       ; 0         ; 0    ; 0            ; 4 (2)        ; 1 (0)             ; 0 (0)            ; 0          ; |top|neorv32_top:neorv32_top_inst|neorv32_imem:\memory_system:neorv32_imem_enabled:neorv32_imem_inst|neorv32_prim_spram:\imem_ram:imem_ram_gen:2:ram_inst                                                                                    ; neorv32_prim_spram                 ; neorv32      ;
;             |altsyncram:spram_rtl_0|                                                            ; 3 (0)       ; 1 (0)                     ; 0 (0)         ; 131072      ; 16   ; 0          ; 0            ; 0       ; 0         ; 0    ; 0            ; 2 (0)        ; 1 (0)             ; 0 (0)            ; 0          ; |top|neorv32_top:neorv32_top_inst|neorv32_imem:\memory_system:neorv32_imem_enabled:neorv32_imem_inst|neorv32_prim_spram:\imem_ram:imem_ram_gen:2:ram_inst|altsyncram:spram_rtl_0                                                             ; altsyncram                         ; work         ;
;                |altsyncram_2ed1:auto_generated|                                                 ; 3 (1)       ; 1 (1)                     ; 0 (0)         ; 131072      ; 16   ; 0          ; 0            ; 0       ; 0         ; 0    ; 0            ; 2 (0)        ; 1 (1)             ; 0 (0)            ; 0          ; |top|neorv32_top:neorv32_top_inst|neorv32_imem:\memory_system:neorv32_imem_enabled:neorv32_imem_inst|neorv32_prim_spram:\imem_ram:imem_ram_gen:2:ram_inst|altsyncram:spram_rtl_0|altsyncram_2ed1:auto_generated                              ; altsyncram_2ed1                    ; work         ;
;                   |decode_97a:decode2|                                                          ; 2 (2)       ; 0 (0)                     ; 0 (0)         ; 0           ; 0    ; 0          ; 0            ; 0       ; 0         ; 0    ; 0            ; 2 (2)        ; 0 (0)             ; 0 (0)            ; 0          ; |top|neorv32_top:neorv32_top_inst|neorv32_imem:\memory_system:neorv32_imem_enabled:neorv32_imem_inst|neorv32_prim_spram:\imem_ram:imem_ram_gen:2:ram_inst|altsyncram:spram_rtl_0|altsyncram_2ed1:auto_generated|decode_97a:decode2           ; decode_97a                         ; work         ;
;          |neorv32_prim_spram:\imem_ram:imem_ram_gen:3:ram_inst|                                 ; 5 (2)       ; 1 (0)                     ; 0 (0)         ; 131072      ; 16   ; 0          ; 0            ; 0       ; 0         ; 0    ; 0            ; 4 (2)        ; 1 (0)             ; 0 (0)            ; 0          ; |top|neorv32_top:neorv32_top_inst|neorv32_imem:\memory_system:neorv32_imem_enabled:neorv32_imem_inst|neorv32_prim_spram:\imem_ram:imem_ram_gen:3:ram_inst                                                                                    ; neorv32_prim_spram                 ; neorv32      ;
;             |altsyncram:spram_rtl_0|                                                            ; 3 (0)       ; 1 (0)                     ; 0 (0)         ; 131072      ; 16   ; 0          ; 0            ; 0       ; 0         ; 0    ; 0            ; 2 (0)        ; 1 (0)             ; 0 (0)            ; 0          ; |top|neorv32_top:neorv32_top_inst|neorv32_imem:\memory_system:neorv32_imem_enabled:neorv32_imem_inst|neorv32_prim_spram:\imem_ram:imem_ram_gen:3:ram_inst|altsyncram:spram_rtl_0                                                             ; altsyncram                         ; work         ;
;                |altsyncram_2ed1:auto_generated|                                                 ; 3 (1)       ; 1 (1)                     ; 0 (0)         ; 131072      ; 16   ; 0          ; 0            ; 0       ; 0         ; 0    ; 0            ; 2 (0)        ; 1 (1)             ; 0 (0)            ; 0          ; |top|neorv32_top:neorv32_top_inst|neorv32_imem:\memory_system:neorv32_imem_enabled:neorv32_imem_inst|neorv32_prim_spram:\imem_ram:imem_ram_gen:3:ram_inst|altsyncram:spram_rtl_0|altsyncram_2ed1:auto_generated                              ; altsyncram_2ed1                    ; work         ;
;                   |decode_97a:decode2|                                                          ; 2 (2)       ; 0 (0)                     ; 0 (0)         ; 0           ; 0    ; 0          ; 0            ; 0       ; 0         ; 0    ; 0            ; 2 (2)        ; 0 (0)             ; 0 (0)            ; 0          ; |top|neorv32_top:neorv32_top_inst|neorv32_imem:\memory_system:neorv32_imem_enabled:neorv32_imem_inst|neorv32_prim_spram:\imem_ram:imem_ram_gen:3:ram_inst|altsyncram:spram_rtl_0|altsyncram_2ed1:auto_generated|decode_97a:decode2           ; decode_97a                         ; work         ;
;       |neorv32_sys_clock:\soc_generators:neorv32_sys_clock_inst|                                ; 20 (20)     ; 20 (20)                   ; 0 (0)         ; 0           ; 0    ; 0          ; 0            ; 0       ; 0         ; 0    ; 0            ; 0 (0)        ; 1 (1)             ; 19 (19)          ; 0          ; |top|neorv32_top:neorv32_top_inst|neorv32_sys_clock:\soc_generators:neorv32_sys_clock_inst                                                                                                                                                   ; neorv32_sys_clock                  ; neorv32      ;
;       |neorv32_sys_reset:\soc_generators:neorv32_sys_reset_inst|                                ; 10 (10)     ; 10 (10)                   ; 0 (0)         ; 0           ; 0    ; 0          ; 0            ; 0       ; 0         ; 0    ; 0            ; 0 (0)        ; 3 (3)             ; 7 (7)            ; 0          ; |top|neorv32_top:neorv32_top_inst|neorv32_sys_reset:\soc_generators:neorv32_sys_reset_inst                                                                                                                                                   ; neorv32_sys_reset                  ; neorv32      ;
;       |neorv32_sysinfo:\io_system:neorv32_sysinfo_enabled:neorv32_sysinfo_inst|                 ; 67 (67)     ; 66 (66)                   ; 0 (0)         ; 0           ; 0    ; 0          ; 0            ; 0       ; 0         ; 0    ; 0            ; 1 (1)        ; 19 (19)           ; 47 (47)          ; 0          ; |top|neorv32_top:neorv32_top_inst|neorv32_sysinfo:\io_system:neorv32_sysinfo_enabled:neorv32_sysinfo_inst                                                                                                                                    ; neorv32_sysinfo                    ; neorv32      ;
;       |neorv32_uart:\io_system:neorv32_uart0_enabled:neorv32_uart0_inst|                        ; 165 (139)   ; 124 (104)                 ; 0 (0)         ; 0           ; 0    ; 0          ; 0            ; 0       ; 0         ; 0    ; 0            ; 34 (29)      ; 40 (25)           ; 91 (86)          ; 0          ; |top|neorv32_top:neorv32_top_inst|neorv32_uart:\io_system:neorv32_uart0_enabled:neorv32_uart0_inst                                                                                                                                           ; neorv32_uart                       ; neorv32      ;
;          |neorv32_prim_fifo:rx_engine_fifo_inst|                                                ; 14 (14)     ; 10 (10)                   ; 0 (0)         ; 0           ; 0    ; 0          ; 0            ; 0       ; 0         ; 0    ; 0            ; 3 (3)        ; 8 (8)             ; 3 (3)            ; 0          ; |top|neorv32_top:neorv32_top_inst|neorv32_uart:\io_system:neorv32_uart0_enabled:neorv32_uart0_inst|neorv32_prim_fifo:rx_engine_fifo_inst                                                                                                     ; neorv32_prim_fifo                  ; neorv32      ;
;          |neorv32_prim_fifo:tx_engine_fifo_inst|                                                ; 12 (12)     ; 10 (10)                   ; 0 (0)         ; 0           ; 0    ; 0          ; 0            ; 0       ; 0         ; 0    ; 0            ; 2 (2)        ; 7 (7)             ; 3 (3)            ; 0          ; |top|neorv32_top:neorv32_top_inst|neorv32_uart:\io_system:neorv32_uart0_enabled:neorv32_uart0_inst|neorv32_prim_fifo:tx_engine_fifo_inst                                                                                                     ; neorv32_prim_fifo                  ; neorv32      ;
;       |neorv32_xbus:\memory_system:neorv32_xbus_enabled:neorv32_xbus_inst|                      ; 3 (3)       ; 1 (1)                     ; 0 (0)         ; 0           ; 0    ; 0          ; 0            ; 0       ; 0         ; 0    ; 0            ; 2 (2)        ; 0 (0)             ; 1 (1)            ; 0          ; |top|neorv32_top:neorv32_top_inst|neorv32_xbus:\memory_system:neorv32_xbus_enabled:neorv32_xbus_inst                                                                                                                                         ; neorv32_xbus                       ; neorv32      ;
;    |pll_sys:inst_pll_sys|                                                                       ; 0 (0)       ; 0 (0)                     ; 0 (0)         ; 0           ; 0    ; 0          ; 0            ; 0       ; 0         ; 0    ; 0            ; 0 (0)        ; 0 (0)             ; 0 (0)            ; 0          ; |top|pll_sys:inst_pll_sys                                                                                                                                                                                                                    ; pll_sys                            ; work         ;
;       |altpll:altpll_component|                                                                 ; 0 (0)       ; 0 (0)                     ; 0 (0)         ; 0           ; 0    ; 0          ; 0            ; 0       ; 0         ; 0    ; 0            ; 0 (0)        ; 0 (0)             ; 0 (0)            ; 0          ; |top|pll_sys:inst_pll_sys|altpll:altpll_component                                                                                                                                                                                            ; altpll                             ; work         ;
;          |pll_sys_altpll:auto_generated|                                                        ; 0 (0)       ; 0 (0)                     ; 0 (0)         ; 0           ; 0    ; 0          ; 0            ; 0       ; 0         ; 0    ; 0            ; 0 (0)        ; 0 (0)             ; 0 (0)            ; 0          ; |top|pll_sys:inst_pll_sys|altpll:altpll_component|pll_sys_altpll:auto_generated                                                                                                                                                              ; pll_sys_altpll                     ; work         ;
;    |qsys_core:inst_qsys|                                                                        ; 716 (0)     ; 518 (0)                   ; 0 (0)         ; 0           ; 0    ; 0          ; 0            ; 0       ; 0         ; 0    ; 0            ; 166 (0)      ; 133 (0)           ; 417 (0)          ; 0          ; |top|qsys_core:inst_qsys                                                                                                                                                                                                                     ; qsys_core                          ; qsys_core    ;
;       |qsys_core_mm_interconnect_0:mm_interconnect_0|                                           ; 408 (0)     ; 293 (0)                   ; 0 (0)         ; 0           ; 0    ; 0          ; 0            ; 0       ; 0         ; 0    ; 0            ; 42 (0)       ; 97 (0)            ; 269 (0)          ; 0          ; |top|qsys_core:inst_qsys|qsys_core_mm_interconnect_0:mm_interconnect_0                                                                                                                                                                       ; qsys_core_mm_interconnect_0        ; qsys_core    ;
;          |altera_avalon_sc_fifo:sdram_s1_agent_rdata_fifo|                                      ; 186 (186)   ; 170 (170)                 ; 0 (0)         ; 0           ; 0    ; 0          ; 0            ; 0       ; 0         ; 0    ; 0            ; 15 (15)      ; 81 (81)           ; 90 (90)          ; 0          ; |top|qsys_core:inst_qsys|qsys_core_mm_interconnect_0:mm_interconnect_0|altera_avalon_sc_fifo:sdram_s1_agent_rdata_fifo                                                                                                                       ; altera_avalon_sc_fifo              ; qsys_core    ;
;          |altera_avalon_sc_fifo:sdram_s1_agent_rsp_fifo|                                        ; 66 (66)     ; 56 (56)                   ; 0 (0)         ; 0           ; 0    ; 0          ; 0            ; 0       ; 0         ; 0    ; 0            ; 10 (10)      ; 6 (6)             ; 50 (50)          ; 0          ; |top|qsys_core:inst_qsys|qsys_core_mm_interconnect_0:mm_interconnect_0|altera_avalon_sc_fifo:sdram_s1_agent_rsp_fifo                                                                                                                         ; altera_avalon_sc_fifo              ; qsys_core    ;
;          |altera_merlin_master_agent:wb_avm_bridge_m0_agent|                                    ; 2 (2)       ; 1 (1)                     ; 0 (0)         ; 0           ; 0    ; 0          ; 0            ; 0       ; 0         ; 0    ; 0            ; 1 (1)        ; 0 (0)             ; 1 (1)            ; 0          ; |top|qsys_core:inst_qsys|qsys_core_mm_interconnect_0:mm_interconnect_0|altera_merlin_master_agent:wb_avm_bridge_m0_agent                                                                                                                     ; altera_merlin_master_agent         ; qsys_core    ;
;          |altera_merlin_master_translator:wb_avm_bridge_m0_translator|                          ; 3 (3)       ; 1 (1)                     ; 0 (0)         ; 0           ; 0    ; 0          ; 0            ; 0       ; 0         ; 0    ; 0            ; 2 (2)        ; 0 (0)             ; 1 (1)            ; 0          ; |top|qsys_core:inst_qsys|qsys_core_mm_interconnect_0:mm_interconnect_0|altera_merlin_master_translator:wb_avm_bridge_m0_translator                                                                                                           ; altera_merlin_master_translator    ; qsys_core    ;
;          |altera_merlin_slave_agent:sdram_s1_agent|                                             ; 14 (8)      ; 3 (0)                     ; 0 (0)         ; 0           ; 0    ; 0          ; 0            ; 0       ; 0         ; 0    ; 0            ; 11 (8)       ; 0 (0)             ; 3 (0)            ; 0          ; |top|qsys_core:inst_qsys|qsys_core_mm_interconnect_0:mm_interconnect_0|altera_merlin_slave_agent:sdram_s1_agent                                                                                                                              ; altera_merlin_slave_agent          ; qsys_core    ;
;             |altera_merlin_burst_uncompressor:uncompressor|                                     ; 6 (6)       ; 3 (3)                     ; 0 (0)         ; 0           ; 0    ; 0          ; 0            ; 0       ; 0         ; 0    ; 0            ; 3 (3)        ; 0 (0)             ; 3 (3)            ; 0          ; |top|qsys_core:inst_qsys|qsys_core_mm_interconnect_0:mm_interconnect_0|altera_merlin_slave_agent:sdram_s1_agent|altera_merlin_burst_uncompressor:uncompressor                                                                                ; altera_merlin_burst_uncompressor   ; qsys_core    ;
;          |altera_merlin_width_adapter:sdram_s1_cmd_width_adapter|                               ; 88 (88)     ; 46 (46)                   ; 0 (0)         ; 0           ; 0    ; 0          ; 0            ; 0       ; 0         ; 0    ; 0            ; 2 (2)        ; 10 (10)           ; 76 (76)          ; 0          ; |top|qsys_core:inst_qsys|qsys_core_mm_interconnect_0:mm_interconnect_0|altera_merlin_width_adapter:sdram_s1_cmd_width_adapter                                                                                                                ; altera_merlin_width_adapter        ; qsys_core    ;
;          |altera_merlin_width_adapter:sdram_s1_rsp_width_adapter|                               ; 49 (49)     ; 16 (16)                   ; 0 (0)         ; 0           ; 0    ; 0          ; 0            ; 0       ; 0         ; 0    ; 0            ; 1 (1)        ; 0 (0)             ; 48 (48)          ; 0          ; |top|qsys_core:inst_qsys|qsys_core_mm_interconnect_0:mm_interconnect_0|altera_merlin_width_adapter:sdram_s1_rsp_width_adapter                                                                                                                ; altera_merlin_width_adapter        ; qsys_core    ;
;       |qsys_core_sdram:sdram|                                                                   ; 349 (234)   ; 225 (133)                 ; 0 (0)         ; 0           ; 0    ; 0          ; 0            ; 0       ; 0         ; 0    ; 0            ; 124 (119)    ; 36 (5)            ; 189 (101)        ; 0          ; |top|qsys_core:inst_qsys|qsys_core_sdram:sdram                                                                                                                                                                                               ; qsys_core_sdram                    ; qsys_core    ;
;          |qsys_core_sdram_input_efifo_module:the_qsys_core_sdram_input_efifo_module|            ; 126 (126)   ; 92 (92)                   ; 0 (0)         ; 0           ; 0    ; 0          ; 0            ; 0       ; 0         ; 0    ; 0            ; 5 (5)        ; 31 (31)           ; 90 (90)          ; 0          ; |top|qsys_core:inst_qsys|qsys_core_sdram:sdram|qsys_core_sdram_input_efifo_module:the_qsys_core_sdram_input_efifo_module                                                                                                                     ; qsys_core_sdram_input_efifo_module ; qsys_core    ;
;    |wb_av_master:inst_wb_av_master|                                                             ; 63 (63)     ; 51 (51)                   ; 0 (0)         ; 0           ; 0    ; 0          ; 0            ; 0       ; 0         ; 0    ; 0            ; 12 (12)      ; 0 (0)             ; 51 (51)          ; 0          ; |top|wb_av_master:inst_wb_av_master                                                                                                                                                                                                          ; wb_av_master                       ; work         ;
;    |wb_intercon:inst_wb_intercon|                                                               ; 1 (1)       ; 0 (0)                     ; 0 (0)         ; 0           ; 0    ; 0          ; 0            ; 0       ; 0         ; 0    ; 0            ; 1 (1)        ; 0 (0)             ; 0 (0)            ; 0          ; |top|wb_intercon:inst_wb_intercon                                                                                                                                                                                                            ; wb_intercon                        ; work         ;
+-------------------------------------------------------------------------------------------------+-------------+---------------------------+---------------+-------------+------+------------+--------------+---------+-----------+------+--------------+--------------+-------------------+------------------+------------+----------------------------------------------------------------------------------------------------------------------------------------------------------------------------------------------------------------------------------------------+------------------------------------+--------------+
Note: For table entries with two numbers listed, the numbers in parentheses indicate the number of resources of the given type used by the specific entity alone. The numbers listed outside of parentheses indicate the total resources of the given type used by the specific entity and all of its sub-entities in the hierarchy.


+---------------------------------------------------------------------------------------------------------+
; Delay Chain Summary                                                                                     ;
+----------------+----------+---------------+---------------+-----------------------+----------+----------+
; Name           ; Pin Type ; Pad to Core 0 ; Pad to Core 1 ; Pad to Input Register ; TCO      ; TCOE     ;
+----------------+----------+---------------+---------------+-----------------------+----------+----------+
; nTRST_i        ; Input    ; --            ; --            ; --                    ; --       ; --       ;
; TDO_o          ; Output   ; --            ; --            ; --                    ; --       ; --       ;
; SDRAM_CLK      ; Output   ; --            ; --            ; --                    ; --       ; --       ;
; SDRAM_CKE      ; Output   ; --            ; --            ; --                    ; --       ; --       ;
; SDRAM_CS_N     ; Output   ; --            ; --            ; --                    ; (0) 0 ps ; --       ;
; SDRAM_RAS_N    ; Output   ; --            ; --            ; --                    ; (0) 0 ps ; --       ;
; SDRAM_CAS_N    ; Output   ; --            ; --            ; --                    ; (0) 0 ps ; --       ;
; SDRAM_WE_N     ; Output   ; --            ; --            ; --                    ; (0) 0 ps ; --       ;
; SDRAM_DQML     ; Output   ; --            ; --            ; --                    ; (0) 0 ps ; --       ;
; SDRAM_DQMU     ; Output   ; --            ; --            ; --                    ; (0) 0 ps ; --       ;
; SDRAM_ADDR[0]  ; Output   ; --            ; --            ; --                    ; (0) 0 ps ; --       ;
; SDRAM_ADDR[1]  ; Output   ; --            ; --            ; --                    ; (0) 0 ps ; --       ;
; SDRAM_ADDR[2]  ; Output   ; --            ; --            ; --                    ; (0) 0 ps ; --       ;
; SDRAM_ADDR[3]  ; Output   ; --            ; --            ; --                    ; (0) 0 ps ; --       ;
; SDRAM_ADDR[4]  ; Output   ; --            ; --            ; --                    ; (0) 0 ps ; --       ;
; SDRAM_ADDR[5]  ; Output   ; --            ; --            ; --                    ; (0) 0 ps ; --       ;
; SDRAM_ADDR[6]  ; Output   ; --            ; --            ; --                    ; (0) 0 ps ; --       ;
; SDRAM_ADDR[7]  ; Output   ; --            ; --            ; --                    ; (0) 0 ps ; --       ;
; SDRAM_ADDR[8]  ; Output   ; --            ; --            ; --                    ; (0) 0 ps ; --       ;
; SDRAM_ADDR[9]  ; Output   ; --            ; --            ; --                    ; (0) 0 ps ; --       ;
; SDRAM_ADDR[10] ; Output   ; --            ; --            ; --                    ; (0) 0 ps ; --       ;
; SDRAM_ADDR[11] ; Output   ; --            ; --            ; --                    ; (0) 0 ps ; --       ;
; SDRAM_ADDR[12] ; Output   ; --            ; --            ; --                    ; (0) 0 ps ; --       ;
; SDRAM_BA_0     ; Output   ; --            ; --            ; --                    ; (0) 0 ps ; --       ;
; SDRAM_BA_1     ; Output   ; --            ; --            ; --                    ; (0) 0 ps ; --       ;
; LED[0]         ; Output   ; --            ; --            ; --                    ; --       ; --       ;
; LED[1]         ; Output   ; --            ; --            ; --                    ; --       ; --       ;
; LED[2]         ; Output   ; --            ; --            ; --                    ; --       ; --       ;
; LED[3]         ; Output   ; --            ; --            ; --                    ; --       ; --       ;
; LED[4]         ; Output   ; --            ; --            ; --                    ; --       ; --       ;
; LED[5]         ; Output   ; --            ; --            ; --                    ; --       ; --       ;
; LED[6]         ; Output   ; --            ; --            ; --                    ; --       ; --       ;
; LED[7]         ; Output   ; --            ; --            ; --                    ; --       ; --       ;
; LED[8]         ; Output   ; --            ; --            ; --                    ; --       ; --       ;
; LED[9]         ; Output   ; --            ; --            ; --                    ; --       ; --       ;
; UART0_TXD      ; Output   ; --            ; --            ; --                    ; --       ; --       ;
; SDRAM_DQ[0]    ; Bidir    ; --            ; --            ; (0) 0 ps              ; (0) 0 ps ; (0) 0 ps ;
; SDRAM_DQ[1]    ; Bidir    ; --            ; --            ; (0) 0 ps              ; (0) 0 ps ; (0) 0 ps ;
; SDRAM_DQ[2]    ; Bidir    ; --            ; --            ; (0) 0 ps              ; (0) 0 ps ; (0) 0 ps ;
; SDRAM_DQ[3]    ; Bidir    ; --            ; --            ; (0) 0 ps              ; (0) 0 ps ; (0) 0 ps ;
; SDRAM_DQ[4]    ; Bidir    ; --            ; --            ; (0) 0 ps              ; (0) 0 ps ; (0) 0 ps ;
; SDRAM_DQ[5]    ; Bidir    ; --            ; --            ; (0) 0 ps              ; (0) 0 ps ; (0) 0 ps ;
; SDRAM_DQ[6]    ; Bidir    ; --            ; --            ; (0) 0 ps              ; (0) 0 ps ; (0) 0 ps ;
; SDRAM_DQ[7]    ; Bidir    ; --            ; --            ; (0) 0 ps              ; (0) 0 ps ; (0) 0 ps ;
; SDRAM_DQ[8]    ; Bidir    ; --            ; --            ; (0) 0 ps              ; (0) 0 ps ; (0) 0 ps ;
; SDRAM_DQ[9]    ; Bidir    ; --            ; --            ; (0) 0 ps              ; (0) 0 ps ; (0) 0 ps ;
; SDRAM_DQ[10]   ; Bidir    ; --            ; --            ; (0) 0 ps              ; (0) 0 ps ; (0) 0 ps ;
; SDRAM_DQ[11]   ; Bidir    ; --            ; --            ; (0) 0 ps              ; (0) 0 ps ; (0) 0 ps ;
; SDRAM_DQ[12]   ; Bidir    ; --            ; --            ; (0) 0 ps              ; (0) 0 ps ; (0) 0 ps ;
; SDRAM_DQ[13]   ; Bidir    ; --            ; --            ; (0) 0 ps              ; (0) 0 ps ; (0) 0 ps ;
; SDRAM_DQ[14]   ; Bidir    ; --            ; --            ; (0) 0 ps              ; (0) 0 ps ; (0) 0 ps ;
; SDRAM_DQ[15]   ; Bidir    ; --            ; --            ; (0) 0 ps              ; (0) 0 ps ; (0) 0 ps ;
; MAX10_CLK1_50  ; Input    ; --            ; --            ; --                    ; --       ; --       ;
; KEY[0]         ; Input    ; (6) 868 ps    ; --            ; --                    ; --       ; --       ;
; KEY[1]         ; Input    ; (6) 868 ps    ; --            ; --                    ; --       ; --       ;
; TCK_i          ; Input    ; --            ; (0) 0 ps      ; --                    ; --       ; --       ;
; TDI_i          ; Input    ; --            ; (6) 868 ps    ; --                    ; --       ; --       ;
; TMS_i          ; Input    ; (6) 868 ps    ; --            ; --                    ; --       ; --       ;
; UART0_RXD      ; Input    ; (6) 868 ps    ; --            ; --                    ; --       ; --       ;
+----------------+----------+---------------+---------------+-----------------------+----------+----------+


+------------------------------------------------------------------------------------------------------------------------------------------------------+
; Pad To Core Delay Chain Fanout                                                                                                                       ;
+------------------------------------------------------------------------------------------------------------------------+-------------------+---------+
; Source Pin / Fanout                                                                                                    ; Pad To Core Index ; Setting ;
+------------------------------------------------------------------------------------------------------------------------+-------------------+---------+
; nTRST_i                                                                                                                ;                   ;         ;
; SDRAM_DQ[0]                                                                                                            ;                   ;         ;
; SDRAM_DQ[1]                                                                                                            ;                   ;         ;
; SDRAM_DQ[2]                                                                                                            ;                   ;         ;
; SDRAM_DQ[3]                                                                                                            ;                   ;         ;
; SDRAM_DQ[4]                                                                                                            ;                   ;         ;
; SDRAM_DQ[5]                                                                                                            ;                   ;         ;
; SDRAM_DQ[6]                                                                                                            ;                   ;         ;
; SDRAM_DQ[7]                                                                                                            ;                   ;         ;
; SDRAM_DQ[8]                                                                                                            ;                   ;         ;
; SDRAM_DQ[9]                                                                                                            ;                   ;         ;
; SDRAM_DQ[10]                                                                                                           ;                   ;         ;
; SDRAM_DQ[11]                                                                                                           ;                   ;         ;
; SDRAM_DQ[12]                                                                                                           ;                   ;         ;
; SDRAM_DQ[13]                                                                                                           ;                   ;         ;
; SDRAM_DQ[14]                                                                                                           ;                   ;         ;
; SDRAM_DQ[15]                                                                                                           ;                   ;         ;
; MAX10_CLK1_50                                                                                                          ;                   ;         ;
; KEY[0]                                                                                                                 ;                   ;         ;
;      - reset~0                                                                                                         ; 0                 ; 6       ;
; KEY[1]                                                                                                                 ;                   ;         ;
;      - reset~0                                                                                                         ; 0                 ; 6       ;
; TCK_i                                                                                                                  ;                   ;         ;
;      - neorv32_top:neorv32_top_inst|neorv32_debug_dtm:\neorv32_ocd_enabled:neorv32_debug_dtm_inst|tck_ff[0]            ; 1                 ; 0       ;
; TDI_i                                                                                                                  ;                   ;         ;
;      - neorv32_top:neorv32_top_inst|neorv32_debug_dtm:\neorv32_ocd_enabled:neorv32_debug_dtm_inst|tdi_ff[0]~feeder     ; 1                 ; 6       ;
; TMS_i                                                                                                                  ;                   ;         ;
;      - neorv32_top:neorv32_top_inst|neorv32_debug_dtm:\neorv32_ocd_enabled:neorv32_debug_dtm_inst|tms_ff[0]~feeder     ; 0                 ; 6       ;
; UART0_RXD                                                                                                              ;                   ;         ;
;      - neorv32_top:neorv32_top_inst|neorv32_uart:\io_system:neorv32_uart0_enabled:neorv32_uart0_inst|rx_engine.sync[0] ; 0                 ; 6       ;
+------------------------------------------------------------------------------------------------------------------------+-------------------+---------+


+-------------------------------------------------------------------------------------------------------------------------------------------------------------------------------------------------------------------------------------------------------------------------------------------------------------------------------------------------------------------------------------------+
; Control Signals                                                                                                                                                                                                                                                                                                                                                                           ;
+--------------------------------------------------------------------------------------------------------------------------------------------------------------------------------------------------------------------------------------------+------------------------+---------+----------------------------+--------+----------------------+------------------+---------------------------+
; Name                                                                                                                                                                                                                                       ; Location               ; Fan-Out ; Usage                      ; Global ; Global Resource Used ; Global Line Name ; Enable Signal Source Name ;
+--------------------------------------------------------------------------------------------------------------------------------------------------------------------------------------------------------------------------------------------+------------------------+---------+----------------------------+--------+----------------------+------------------+---------------------------+
; MAX10_CLK1_50                                                                                                                                                                                                                              ; PIN_P11                ; 1       ; Clock                      ; no     ; --                   ; --               ; --                        ;
; neorv32_top:neorv32_top_inst|neorv32_bus_gateway:neorv32_bus_gateway_inst|c_req_o.stb                                                                                                                                                      ; LCCOMB_X52_Y23_N2      ; 58      ; Clock enable               ; no     ; --                   ; --               ; --                        ;
; neorv32_top:neorv32_top_inst|neorv32_bus_gateway:neorv32_bus_gateway_inst|keeper.cnt[9]~36                                                                                                                                                 ; LCCOMB_X49_Y20_N6      ; 12      ; Sync. clear                ; no     ; --                   ; --               ; --                        ;
; neorv32_top:neorv32_top_inst|neorv32_bus_gateway:neorv32_bus_gateway_inst|keeper.state[1]                                                                                                                                                  ; FF_X49_Y20_N5          ; 21      ; Clock enable               ; no     ; --                   ; --               ; --                        ;
; neorv32_top:neorv32_top_inst|neorv32_bus_io_switch:\io_system:neorv32_bus_io_switch_inst|dev_00_req_o.stb~1                                                                                                                                ; LCCOMB_X52_Y23_N20     ; 32      ; Clock enable               ; no     ; --                   ; --               ; --                        ;
; neorv32_top:neorv32_top_inst|neorv32_bus_io_switch:\io_system:neorv32_bus_io_switch_inst|neorv32_bus_reg:neorv32_bus_reg_inst|device_req_o.addr[8]                                                                                         ; FF_X56_Y21_N25         ; 757     ; Sync. load                 ; no     ; --                   ; --               ; --                        ;
; neorv32_top:neorv32_top_inst|neorv32_bus_switch:\core_complex_gen:0:neorv32_core_bus_switch_inst|Selector2~4                                                                                                                               ; LCCOMB_X47_Y19_N18     ; 2       ; Clock enable               ; no     ; --                   ; --               ; --                        ;
; neorv32_top:neorv32_top_inst|neorv32_clint:\io_system:neorv32_clint_enabled:neorv32_clint_inst|neorv32_clint_mtime:neorv32_clint_mtime_inst|we_q[1]                                                                                        ; FF_X50_Y26_N17         ; 32      ; Sync. load                 ; no     ; --                   ; --               ; --                        ;
; neorv32_top:neorv32_top_inst|neorv32_clint:\io_system:neorv32_clint_enabled:neorv32_clint_inst|neorv32_clint_mtimecmp:\neorv32_clint_mtimecmp_gen:0:neorv32_clint_mtimecmp_inst|mtimecmp_q[0]~1                                            ; LCCOMB_X50_Y26_N18     ; 32      ; Clock enable               ; no     ; --                   ; --               ; --                        ;
; neorv32_top:neorv32_top_inst|neorv32_clint:\io_system:neorv32_clint_enabled:neorv32_clint_inst|neorv32_clint_mtimecmp:\neorv32_clint_mtimecmp_gen:0:neorv32_clint_mtimecmp_inst|mtimecmp_q[32]~0                                           ; LCCOMB_X50_Y26_N4      ; 32      ; Clock enable               ; no     ; --                   ; --               ; --                        ;
; neorv32_top:neorv32_top_inst|neorv32_cpu:\core_complex_gen:0:neorv32_cpu_inst|neorv32_cpu_alu:neorv32_cpu_alu_inst|neorv32_cpu_cp_muldiv:\neorv32_cpu_cp_muldiv_inst_true:neorv32_cpu_cp_muldiv_inst|ctrl.state.S_BUSY                     ; FF_X39_Y19_N27         ; 7       ; Sync. load                 ; no     ; --                   ; --               ; --                        ;
; neorv32_top:neorv32_top_inst|neorv32_cpu:\core_complex_gen:0:neorv32_cpu_inst|neorv32_cpu_alu:neorv32_cpu_alu_inst|neorv32_cpu_cp_muldiv:\neorv32_cpu_cp_muldiv_inst_true:neorv32_cpu_cp_muldiv_inst|div.remainder[6]~0                    ; LCCOMB_X39_Y19_N14     ; 64      ; Clock enable               ; no     ; --                   ; --               ; --                        ;
; neorv32_top:neorv32_top_inst|neorv32_cpu:\core_complex_gen:0:neorv32_cpu_inst|neorv32_cpu_alu:neorv32_cpu_alu_inst|neorv32_cpu_cp_muldiv:\neorv32_cpu_cp_muldiv_inst_true:neorv32_cpu_cp_muldiv_inst|div.start                             ; LCCOMB_X38_Y18_N30     ; 97      ; Clock enable, Sync. load   ; no     ; --                   ; --               ; --                        ;
; neorv32_top:neorv32_top_inst|neorv32_cpu:\core_complex_gen:0:neorv32_cpu_inst|neorv32_cpu_alu:neorv32_cpu_alu_inst|neorv32_cpu_cp_muldiv:\neorv32_cpu_cp_muldiv_inst_true:neorv32_cpu_cp_muldiv_inst|mul.res[18]~1                         ; LCCOMB_X39_Y16_N10     ; 63      ; Clock enable               ; no     ; --                   ; --               ; --                        ;
; neorv32_top:neorv32_top_inst|neorv32_cpu:\core_complex_gen:0:neorv32_cpu_inst|neorv32_cpu_alu:neorv32_cpu_alu_inst|neorv32_cpu_cp_muldiv:\neorv32_cpu_cp_muldiv_inst_true:neorv32_cpu_cp_muldiv_inst|mul.start                             ; LCCOMB_X39_Y16_N12     ; 33      ; Sync. load                 ; no     ; --                   ; --               ; --                        ;
; neorv32_top:neorv32_top_inst|neorv32_cpu:\core_complex_gen:0:neorv32_cpu_inst|neorv32_cpu_alu:neorv32_cpu_alu_inst|neorv32_cpu_cp_shifter:neorv32_cpu_cp_shifter_inst|shifter.cnt[0]~5                                                     ; LCCOMB_X37_Y23_N16     ; 36      ; Clock enable               ; no     ; --                   ; --               ; --                        ;
; neorv32_top:neorv32_top_inst|neorv32_cpu:\core_complex_gen:0:neorv32_cpu_inst|neorv32_cpu_alu:neorv32_cpu_alu_inst|neorv32_cpu_cp_shifter:neorv32_cpu_cp_shifter_inst|valid_cmd~1                                                          ; LCCOMB_X37_Y23_N2      ; 38      ; Sync. load                 ; no     ; --                   ; --               ; --                        ;
; neorv32_top:neorv32_top_inst|neorv32_cpu:\core_complex_gen:0:neorv32_cpu_inst|neorv32_cpu_control:neorv32_cpu_control_inst|Equal52~1                                                                                                       ; LCCOMB_X31_Y21_N22     ; 12      ; Clock enable               ; no     ; --                   ; --               ; --                        ;
; neorv32_top:neorv32_top_inst|neorv32_cpu:\core_complex_gen:0:neorv32_cpu_inst|neorv32_cpu_control:neorv32_cpu_control_inst|csr.dcsr_step~0                                                                                                 ; LCCOMB_X27_Y19_N4      ; 2       ; Clock enable               ; no     ; --                   ; --               ; --                        ;
; neorv32_top:neorv32_top_inst|neorv32_cpu:\core_complex_gen:0:neorv32_cpu_inst|neorv32_cpu_control:neorv32_cpu_control_inst|csr.dscratch0[0]~0                                                                                              ; LCCOMB_X25_Y18_N8      ; 32      ; Clock enable               ; no     ; --                   ; --               ; --                        ;
; neorv32_top:neorv32_top_inst|neorv32_cpu:\core_complex_gen:0:neorv32_cpu_inst|neorv32_cpu_control:neorv32_cpu_control_inst|csr.mcountinhibit[0]~0                                                                                          ; LCCOMB_X29_Y21_N2      ; 2       ; Clock enable               ; no     ; --                   ; --               ; --                        ;
; neorv32_top:neorv32_top_inst|neorv32_cpu:\core_complex_gen:0:neorv32_cpu_inst|neorv32_cpu_control:neorv32_cpu_control_inst|csr.mie_firq[8]~2                                                                                               ; LCCOMB_X31_Y19_N28     ; 19      ; Clock enable               ; no     ; --                   ; --               ; --                        ;
; neorv32_top:neorv32_top_inst|neorv32_cpu:\core_complex_gen:0:neorv32_cpu_inst|neorv32_cpu_control:neorv32_cpu_control_inst|csr.mscratch[0]~0                                                                                               ; LCCOMB_X30_Y22_N20     ; 32      ; Clock enable               ; no     ; --                   ; --               ; --                        ;
; neorv32_top:neorv32_top_inst|neorv32_cpu:\core_complex_gen:0:neorv32_cpu_inst|neorv32_cpu_control:neorv32_cpu_control_inst|csr.mtvec[0]~0                                                                                                  ; LCCOMB_X31_Y19_N12     ; 31      ; Clock enable               ; no     ; --                   ; --               ; --                        ;
; neorv32_top:neorv32_top_inst|neorv32_cpu:\core_complex_gen:0:neorv32_cpu_inst|neorv32_cpu_control:neorv32_cpu_control_inst|csr.re                                                                                                          ; FF_X37_Y21_N21         ; 34      ; Sync. clear                ; no     ; --                   ; --               ; --                        ;
; neorv32_top:neorv32_top_inst|neorv32_cpu:\core_complex_gen:0:neorv32_cpu_inst|neorv32_cpu_control:neorv32_cpu_control_inst|csr.we                                                                                                          ; FF_X36_Y23_N17         ; 80      ; Sync. load                 ; no     ; --                   ; --               ; --                        ;
; neorv32_top:neorv32_top_inst|neorv32_cpu:\core_complex_gen:0:neorv32_cpu_inst|neorv32_cpu_control:neorv32_cpu_control_inst|csr~201                                                                                                         ; LCCOMB_X29_Y23_N18     ; 2       ; Clock enable               ; no     ; --                   ; --               ; --                        ;
; neorv32_top:neorv32_top_inst|neorv32_cpu:\core_complex_gen:0:neorv32_cpu_inst|neorv32_cpu_control:neorv32_cpu_control_inst|csr~3                                                                                                           ; LCCOMB_X32_Y22_N12     ; 4       ; Clock enable               ; no     ; --                   ; --               ; --                        ;
; neorv32_top:neorv32_top_inst|neorv32_cpu:\core_complex_gen:0:neorv32_cpu_inst|neorv32_cpu_control:neorv32_cpu_control_inst|csr~4                                                                                                           ; LCCOMB_X29_Y19_N22     ; 31      ; Clock enable               ; no     ; --                   ; --               ; --                        ;
; neorv32_top:neorv32_top_inst|neorv32_cpu:\core_complex_gen:0:neorv32_cpu_inst|neorv32_cpu_control:neorv32_cpu_control_inst|csr~5                                                                                                           ; LCCOMB_X32_Y22_N14     ; 71      ; Clock enable               ; no     ; --                   ; --               ; --                        ;
; neorv32_top:neorv32_top_inst|neorv32_cpu:\core_complex_gen:0:neorv32_cpu_inst|neorv32_cpu_control:neorv32_cpu_control_inst|csr~6                                                                                                           ; LCCOMB_X34_Y20_N26     ; 31      ; Clock enable               ; no     ; --                   ; --               ; --                        ;
; neorv32_top:neorv32_top_inst|neorv32_cpu:\core_complex_gen:0:neorv32_cpu_inst|neorv32_cpu_control:neorv32_cpu_control_inst|exe_engine.ir[13]                                                                                               ; FF_X40_Y20_N21         ; 161     ; Sync. load                 ; no     ; --                   ; --               ; --                        ;
; neorv32_top:neorv32_top_inst|neorv32_cpu:\core_complex_gen:0:neorv32_cpu_inst|neorv32_cpu_control:neorv32_cpu_control_inst|exe_engine.ir[31]~31                                                                                            ; LCCOMB_X35_Y22_N6      ; 65      ; Clock enable               ; no     ; --                   ; --               ; --                        ;
; neorv32_top:neorv32_top_inst|neorv32_cpu:\core_complex_gen:0:neorv32_cpu_inst|neorv32_cpu_control:neorv32_cpu_control_inst|exe_engine.pc2[21]~3                                                                                            ; LCCOMB_X32_Y15_N20     ; 30      ; Clock enable               ; no     ; --                   ; --               ; --                        ;
; neorv32_top:neorv32_top_inst|neorv32_cpu:\core_complex_gen:0:neorv32_cpu_inst|neorv32_cpu_control:neorv32_cpu_control_inst|exe_engine.pc2[3]~8                                                                                             ; LCCOMB_X32_Y22_N6      ; 5       ; Sync. load                 ; no     ; --                   ; --               ; --                        ;
; neorv32_top:neorv32_top_inst|neorv32_cpu:\core_complex_gen:0:neorv32_cpu_inst|neorv32_cpu_control:neorv32_cpu_control_inst|exe_engine.state.EX_ALU_WAIT                                                                                    ; FF_X37_Y21_N15         ; 16      ; Sync. clear                ; no     ; --                   ; --               ; --                        ;
; neorv32_top:neorv32_top_inst|neorv32_cpu:\core_complex_gen:0:neorv32_cpu_inst|neorv32_cpu_control:neorv32_cpu_control_inst|exe_engine.state.EX_DISPATCH                                                                                    ; FF_X35_Y22_N5          ; 42      ; Sync. clear, Sync. load    ; no     ; --                   ; --               ; --                        ;
; neorv32_top:neorv32_top_inst|neorv32_cpu:\core_complex_gen:0:neorv32_cpu_inst|neorv32_cpu_control:neorv32_cpu_control_inst|exe_engine.state.EX_EXECUTE                                                                                     ; FF_X35_Y22_N9          ; 19      ; Sync. clear                ; no     ; --                   ; --               ; --                        ;
; neorv32_top:neorv32_top_inst|neorv32_cpu:\core_complex_gen:0:neorv32_cpu_inst|neorv32_cpu_control:neorv32_cpu_control_inst|exe_engine.state.EX_MEM_REQ                                                                                     ; FF_X40_Y18_N11         ; 74      ; Clock enable               ; no     ; --                   ; --               ; --                        ;
; neorv32_top:neorv32_top_inst|neorv32_cpu:\core_complex_gen:0:neorv32_cpu_inst|neorv32_cpu_control:neorv32_cpu_control_inst|exe_engine.state.EX_TRAP_ENTER                                                                                  ; FF_X35_Y22_N27         ; 35      ; Sync. clear                ; no     ; --                   ; --               ; --                        ;
; neorv32_top:neorv32_top_inst|neorv32_cpu:\core_complex_gen:0:neorv32_cpu_inst|neorv32_cpu_counters:\cnts_enabled:neorv32_cpu_counters_inst|neorv32_cpu_counters_cnt:\base_enabled:cycle_inst|high_reg~0                                    ; LCCOMB_X25_Y17_N18     ; 32      ; Sync. load                 ; no     ; --                   ; --               ; --                        ;
; neorv32_top:neorv32_top_inst|neorv32_cpu:\core_complex_gen:0:neorv32_cpu_inst|neorv32_cpu_counters:\cnts_enabled:neorv32_cpu_counters_inst|neorv32_cpu_counters_cnt:\base_enabled:cycle_inst|low_reg~0                                     ; LCCOMB_X25_Y17_N20     ; 32      ; Sync. load                 ; no     ; --                   ; --               ; --                        ;
; neorv32_top:neorv32_top_inst|neorv32_cpu:\core_complex_gen:0:neorv32_cpu_inst|neorv32_cpu_counters:\cnts_enabled:neorv32_cpu_counters_inst|neorv32_cpu_counters_cnt:\base_enabled:instret_inst|high_reg~0                                  ; LCCOMB_X25_Y17_N6      ; 32      ; Sync. load                 ; no     ; --                   ; --               ; --                        ;
; neorv32_top:neorv32_top_inst|neorv32_cpu:\core_complex_gen:0:neorv32_cpu_inst|neorv32_cpu_frontend:neorv32_cpu_frontend_inst|fetch.pc[30]~50                                                                                               ; LCCOMB_X45_Y20_N6      ; 30      ; Clock enable               ; no     ; --                   ; --               ; --                        ;
; neorv32_top:neorv32_top_inst|neorv32_cpu:\core_complex_gen:0:neorv32_cpu_inst|neorv32_cpu_frontend:neorv32_cpu_frontend_inst|fetch.state.S_PENDING                                                                                         ; FF_X45_Y20_N17         ; 41      ; Sync. load                 ; no     ; --                   ; --               ; --                        ;
; neorv32_top:neorv32_top_inst|neorv32_cpu:\core_complex_gen:0:neorv32_cpu_inst|neorv32_cpu_frontend:neorv32_cpu_frontend_inst|issue_valid~3                                                                                                 ; LCCOMB_X44_Y20_N4      ; 37      ; Sync. load                 ; no     ; --                   ; --               ; --                        ;
; neorv32_top:neorv32_top_inst|neorv32_cpu:\core_complex_gen:0:neorv32_cpu_inst|neorv32_cpu_frontend:neorv32_cpu_frontend_inst|neorv32_cpu_frontend_ipb:\prefetch_buffer:0:ipb_inst|ipb~70                                                   ; LCCOMB_X45_Y20_N10     ; 17      ; Clock enable               ; no     ; --                   ; --               ; --                        ;
; neorv32_top:neorv32_top_inst|neorv32_cpu:\core_complex_gen:0:neorv32_cpu_inst|neorv32_cpu_frontend:neorv32_cpu_frontend_inst|neorv32_cpu_frontend_ipb:\prefetch_buffer:0:ipb_inst|ipb~71                                                   ; LCCOMB_X45_Y20_N12     ; 17      ; Clock enable               ; no     ; --                   ; --               ; --                        ;
; neorv32_top:neorv32_top_inst|neorv32_cpu:\core_complex_gen:0:neorv32_cpu_inst|neorv32_cpu_frontend:neorv32_cpu_frontend_inst|neorv32_cpu_frontend_ipb:\prefetch_buffer:0:ipb_inst|r_pnt[1]~1                                               ; LCCOMB_X44_Y20_N16     ; 2       ; Clock enable               ; no     ; --                   ; --               ; --                        ;
; neorv32_top:neorv32_top_inst|neorv32_cpu:\core_complex_gen:0:neorv32_cpu_inst|neorv32_cpu_frontend:neorv32_cpu_frontend_inst|neorv32_cpu_frontend_ipb:\prefetch_buffer:0:ipb_inst|w_pnt[1]~1                                               ; LCCOMB_X45_Y18_N28     ; 2       ; Clock enable               ; no     ; --                   ; --               ; --                        ;
; neorv32_top:neorv32_top_inst|neorv32_cpu:\core_complex_gen:0:neorv32_cpu_inst|neorv32_cpu_frontend:neorv32_cpu_frontend_inst|neorv32_cpu_frontend_ipb:\prefetch_buffer:1:ipb_inst|ipb~69                                                   ; LCCOMB_X45_Y15_N0      ; 17      ; Clock enable               ; no     ; --                   ; --               ; --                        ;
; neorv32_top:neorv32_top_inst|neorv32_cpu:\core_complex_gen:0:neorv32_cpu_inst|neorv32_cpu_frontend:neorv32_cpu_frontend_inst|neorv32_cpu_frontend_ipb:\prefetch_buffer:1:ipb_inst|ipb~70                                                   ; LCCOMB_X45_Y15_N22     ; 17      ; Clock enable               ; no     ; --                   ; --               ; --                        ;
; neorv32_top:neorv32_top_inst|neorv32_cpu:\core_complex_gen:0:neorv32_cpu_inst|neorv32_cpu_frontend:neorv32_cpu_frontend_inst|neorv32_cpu_frontend_ipb:\prefetch_buffer:1:ipb_inst|r_pnt[1]~1                                               ; LCCOMB_X44_Y20_N22     ; 2       ; Clock enable               ; no     ; --                   ; --               ; --                        ;
; neorv32_top:neorv32_top_inst|neorv32_cpu:\core_complex_gen:0:neorv32_cpu_inst|neorv32_cpu_frontend:neorv32_cpu_frontend_inst|neorv32_cpu_frontend_ipb:\prefetch_buffer:1:ipb_inst|w_pnt[1]~1                                               ; LCCOMB_X45_Y15_N26     ; 2       ; Clock enable               ; no     ; --                   ; --               ; --                        ;
; neorv32_top:neorv32_top_inst|neorv32_cpu:\core_complex_gen:0:neorv32_cpu_inst|neorv32_cpu_lsu:neorv32_cpu_lsu_inst|pending                                                                                                                 ; FF_X38_Y21_N17         ; 37      ; Sync. clear, Sync. load    ; no     ; --                   ; --               ; --                        ;
; neorv32_top:neorv32_top_inst|neorv32_cpu:\core_complex_gen:0:neorv32_cpu_inst|neorv32_cpu_regfile:neorv32_cpu_regfile_inst|rf_we                                                                                                           ; LCCOMB_X32_Y21_N4      ; 2       ; Clock enable, Write enable ; no     ; --                   ; --               ; --                        ;
; neorv32_top:neorv32_top_inst|neorv32_debug_dm:\neorv32_ocd_enabled:neorv32_debug_dm_inst|bus_rsp_o.data[19]~12                                                                                                                             ; LCCOMB_X57_Y25_N26     ; 4       ; Sync. clear                ; no     ; --                   ; --               ; --                        ;
; neorv32_top:neorv32_top_inst|neorv32_debug_dm:\neorv32_ocd_enabled:neorv32_debug_dm_inst|dci.data_reg[29]~1                                                                                                                                ; LCCOMB_X55_Y25_N2      ; 32      ; Clock enable               ; no     ; --                   ; --               ; --                        ;
; neorv32_top:neorv32_top_inst|neorv32_debug_dm:\neorv32_ocd_enabled:neorv32_debug_dm_inst|dm_ctrl.ldsw_progbuf[1]~0                                                                                                                         ; LCCOMB_X58_Y27_N28     ; 19      ; Clock enable               ; no     ; --                   ; --               ; --                        ;
; neorv32_top:neorv32_top_inst|neorv32_debug_dm:\neorv32_ocd_enabled:neorv32_debug_dm_inst|dm_reg.dmcontrol_dmactive                                                                                                                         ; FF_X58_Y31_N27         ; 33      ; Sync. clear, Sync. load    ; no     ; --                   ; --               ; --                        ;
; neorv32_top:neorv32_top_inst|neorv32_debug_dm:\neorv32_ocd_enabled:neorv32_debug_dm_inst|dm_reg.hartsel[2]~2                                                                                                                               ; LCCOMB_X54_Y28_N4      ; 8       ; Clock enable               ; no     ; --                   ; --               ; --                        ;
; neorv32_top:neorv32_top_inst|neorv32_debug_dm:\neorv32_ocd_enabled:neorv32_debug_dm_inst|dmi_write_access~15                                                                                                                               ; LCCOMB_X54_Y28_N10     ; 3       ; Clock enable               ; no     ; --                   ; --               ; --                        ;
; neorv32_top:neorv32_top_inst|neorv32_debug_dm:\neorv32_ocd_enabled:neorv32_debug_dm_inst|dmi_write_access~22                                                                                                                               ; LCCOMB_X57_Y26_N26     ; 32      ; Clock enable               ; no     ; --                   ; --               ; --                        ;
; neorv32_top:neorv32_top_inst|neorv32_debug_dm:\neorv32_ocd_enabled:neorv32_debug_dm_inst|dmi_write_access~23                                                                                                                               ; LCCOMB_X57_Y26_N28     ; 32      ; Clock enable               ; no     ; --                   ; --               ; --                        ;
; neorv32_top:neorv32_top_inst|neorv32_debug_dm:\neorv32_ocd_enabled:neorv32_debug_dm_inst|dmi_write_access~24                                                                                                                               ; LCCOMB_X59_Y28_N20     ; 32      ; Clock enable               ; no     ; --                   ; --               ; --                        ;
; neorv32_top:neorv32_top_inst|neorv32_debug_dtm:\neorv32_ocd_enabled:neorv32_debug_dtm_inst|Equal0~0                                                                                                                                        ; LCCOMB_X50_Y32_N8      ; 17      ; Clock enable               ; no     ; --                   ; --               ; --                        ;
; neorv32_top:neorv32_top_inst|neorv32_debug_dtm:\neorv32_ocd_enabled:neorv32_debug_dtm_inst|busy~5                                                                                                                                          ; LCCOMB_X58_Y29_N20     ; 32      ; Clock enable               ; no     ; --                   ; --               ; --                        ;
; neorv32_top:neorv32_top_inst|neorv32_debug_dtm:\neorv32_ocd_enabled:neorv32_debug_dtm_inst|dmi.addr[5]                                                                                                                                     ; FF_X57_Y29_N3          ; 9       ; Sync. clear                ; no     ; --                   ; --               ; --                        ;
; neorv32_top:neorv32_top_inst|neorv32_debug_dtm:\neorv32_ocd_enabled:neorv32_debug_dtm_inst|dmi.addr[6]~0                                                                                                                                   ; LCCOMB_X58_Y29_N22     ; 8       ; Clock enable               ; no     ; --                   ; --               ; --                        ;
; neorv32_top:neorv32_top_inst|neorv32_debug_dtm:\neorv32_ocd_enabled:neorv32_debug_dtm_inst|dreg[10]~3                                                                                                                                      ; LCCOMB_X50_Y32_N30     ; 41      ; Clock enable               ; no     ; --                   ; --               ; --                        ;
; neorv32_top:neorv32_top_inst|neorv32_debug_dtm:\neorv32_ocd_enabled:neorv32_debug_dtm_inst|ireg[4]~1                                                                                                                                       ; LCCOMB_X50_Y32_N10     ; 5       ; Clock enable               ; no     ; --                   ; --               ; --                        ;
; neorv32_top:neorv32_top_inst|neorv32_debug_dtm:\neorv32_ocd_enabled:neorv32_debug_dtm_inst|state.DR_CAPTURE                                                                                                                                ; FF_X50_Y31_N3          ; 45      ; Sync. load                 ; no     ; --                   ; --               ; --                        ;
; neorv32_top:neorv32_top_inst|neorv32_debug_dtm:\neorv32_ocd_enabled:neorv32_debug_dtm_inst|tms_ff[1]                                                                                                                                       ; FF_X50_Y31_N25         ; 16      ; Sync. clear                ; no     ; --                   ; --               ; --                        ;
; neorv32_top:neorv32_top_inst|neorv32_dmem:\memory_system:neorv32_dmem_enabled:neorv32_dmem_inst|neorv32_prim_spram:\dmem_ram_gen:0:ram_inst|rdata[0]~2                                                                                     ; LCCOMB_X51_Y19_N0      ; 8       ; Clock enable               ; no     ; --                   ; --               ; --                        ;
; neorv32_top:neorv32_top_inst|neorv32_dmem:\memory_system:neorv32_dmem_enabled:neorv32_dmem_inst|neorv32_prim_spram:\dmem_ram_gen:0:ram_inst|spram~27                                                                                       ; LCCOMB_X50_Y19_N16     ; 8       ; Clock enable, Write enable ; no     ; --                   ; --               ; --                        ;
; neorv32_top:neorv32_top_inst|neorv32_dmem:\memory_system:neorv32_dmem_enabled:neorv32_dmem_inst|neorv32_prim_spram:\dmem_ram_gen:1:ram_inst|rdata[0]~2                                                                                     ; LCCOMB_X50_Y19_N24     ; 8       ; Clock enable               ; no     ; --                   ; --               ; --                        ;
; neorv32_top:neorv32_top_inst|neorv32_dmem:\memory_system:neorv32_dmem_enabled:neorv32_dmem_inst|neorv32_prim_spram:\dmem_ram_gen:1:ram_inst|spram~24                                                                                       ; LCCOMB_X50_Y19_N6      ; 8       ; Clock enable, Write enable ; no     ; --                   ; --               ; --                        ;
; neorv32_top:neorv32_top_inst|neorv32_dmem:\memory_system:neorv32_dmem_enabled:neorv32_dmem_inst|neorv32_prim_spram:\dmem_ram_gen:2:ram_inst|rdata[0]~2                                                                                     ; LCCOMB_X50_Y19_N12     ; 8       ; Clock enable               ; no     ; --                   ; --               ; --                        ;
; neorv32_top:neorv32_top_inst|neorv32_dmem:\memory_system:neorv32_dmem_enabled:neorv32_dmem_inst|neorv32_prim_spram:\dmem_ram_gen:2:ram_inst|spram~24                                                                                       ; LCCOMB_X50_Y19_N26     ; 8       ; Clock enable, Write enable ; no     ; --                   ; --               ; --                        ;
; neorv32_top:neorv32_top_inst|neorv32_dmem:\memory_system:neorv32_dmem_enabled:neorv32_dmem_inst|neorv32_prim_spram:\dmem_ram_gen:3:ram_inst|rdata[0]~2                                                                                     ; LCCOMB_X50_Y19_N20     ; 8       ; Clock enable               ; no     ; --                   ; --               ; --                        ;
; neorv32_top:neorv32_top_inst|neorv32_dmem:\memory_system:neorv32_dmem_enabled:neorv32_dmem_inst|neorv32_prim_spram:\dmem_ram_gen:3:ram_inst|spram~24                                                                                       ; LCCOMB_X50_Y19_N30     ; 8       ; Clock enable, Write enable ; no     ; --                   ; --               ; --                        ;
; neorv32_top:neorv32_top_inst|neorv32_gpio:\io_system:neorv32_gpio_enabled:neorv32_gpio_inst|irq_en[0]~0                                                                                                                                    ; LCCOMB_X54_Y29_N30     ; 8       ; Clock enable               ; no     ; --                   ; --               ; --                        ;
; neorv32_top:neorv32_top_inst|neorv32_gpio:\io_system:neorv32_gpio_enabled:neorv32_gpio_inst|irq_pol[0]~0                                                                                                                                   ; LCCOMB_X54_Y29_N24     ; 8       ; Clock enable               ; no     ; --                   ; --               ; --                        ;
; neorv32_top:neorv32_top_inst|neorv32_gpio:\io_system:neorv32_gpio_enabled:neorv32_gpio_inst|irq_typ[0]~0                                                                                                                                   ; LCCOMB_X54_Y29_N6      ; 8       ; Clock enable               ; no     ; --                   ; --               ; --                        ;
; neorv32_top:neorv32_top_inst|neorv32_gpio:\io_system:neorv32_gpio_enabled:neorv32_gpio_inst|port_out[0]~0                                                                                                                                  ; LCCOMB_X52_Y28_N14     ; 8       ; Clock enable               ; no     ; --                   ; --               ; --                        ;
; neorv32_top:neorv32_top_inst|neorv32_imem:\memory_system:neorv32_imem_enabled:neorv32_imem_inst|neorv32_prim_spram:\imem_ram:imem_ram_gen:0:ram_inst|altsyncram:spram_rtl_0|altsyncram_2ed1:auto_generated|decode_97a:decode2|eq_node[0]~7 ; LCCOMB_X49_Y19_N30     ; 8       ; Clock enable, Write enable ; no     ; --                   ; --               ; --                        ;
; neorv32_top:neorv32_top_inst|neorv32_imem:\memory_system:neorv32_imem_enabled:neorv32_imem_inst|neorv32_prim_spram:\imem_ram:imem_ram_gen:0:ram_inst|altsyncram:spram_rtl_0|altsyncram_2ed1:auto_generated|decode_97a:decode2|eq_node[1]~6 ; LCCOMB_X49_Y19_N24     ; 8       ; Clock enable, Write enable ; no     ; --                   ; --               ; --                        ;
; neorv32_top:neorv32_top_inst|neorv32_imem:\memory_system:neorv32_imem_enabled:neorv32_imem_inst|neorv32_prim_spram:\imem_ram:imem_ram_gen:0:ram_inst|rdata[0]~8                                                                            ; LCCOMB_X46_Y19_N8      ; 17      ; Clock enable               ; no     ; --                   ; --               ; --                        ;
; neorv32_top:neorv32_top_inst|neorv32_imem:\memory_system:neorv32_imem_enabled:neorv32_imem_inst|neorv32_prim_spram:\imem_ram:imem_ram_gen:1:ram_inst|altsyncram:spram_rtl_0|altsyncram_2ed1:auto_generated|decode_97a:decode2|eq_node[0]~5 ; LCCOMB_X49_Y19_N26     ; 8       ; Clock enable, Write enable ; no     ; --                   ; --               ; --                        ;
; neorv32_top:neorv32_top_inst|neorv32_imem:\memory_system:neorv32_imem_enabled:neorv32_imem_inst|neorv32_prim_spram:\imem_ram:imem_ram_gen:1:ram_inst|altsyncram:spram_rtl_0|altsyncram_2ed1:auto_generated|decode_97a:decode2|eq_node[1]~4 ; LCCOMB_X49_Y19_N28     ; 8       ; Clock enable, Write enable ; no     ; --                   ; --               ; --                        ;
; neorv32_top:neorv32_top_inst|neorv32_imem:\memory_system:neorv32_imem_enabled:neorv32_imem_inst|neorv32_prim_spram:\imem_ram:imem_ram_gen:1:ram_inst|rdata[0]~8                                                                            ; LCCOMB_X49_Y19_N18     ; 17      ; Clock enable               ; no     ; --                   ; --               ; --                        ;
; neorv32_top:neorv32_top_inst|neorv32_imem:\memory_system:neorv32_imem_enabled:neorv32_imem_inst|neorv32_prim_spram:\imem_ram:imem_ram_gen:2:ram_inst|altsyncram:spram_rtl_0|altsyncram_2ed1:auto_generated|decode_97a:decode2|eq_node[0]~5 ; LCCOMB_X49_Y19_N10     ; 8       ; Clock enable, Write enable ; no     ; --                   ; --               ; --                        ;
; neorv32_top:neorv32_top_inst|neorv32_imem:\memory_system:neorv32_imem_enabled:neorv32_imem_inst|neorv32_prim_spram:\imem_ram:imem_ram_gen:2:ram_inst|altsyncram:spram_rtl_0|altsyncram_2ed1:auto_generated|decode_97a:decode2|eq_node[1]~4 ; LCCOMB_X49_Y19_N0      ; 8       ; Clock enable, Write enable ; no     ; --                   ; --               ; --                        ;
; neorv32_top:neorv32_top_inst|neorv32_imem:\memory_system:neorv32_imem_enabled:neorv32_imem_inst|neorv32_prim_spram:\imem_ram:imem_ram_gen:2:ram_inst|rdata[0]~8                                                                            ; LCCOMB_X47_Y19_N20     ; 17      ; Clock enable               ; no     ; --                   ; --               ; --                        ;
; neorv32_top:neorv32_top_inst|neorv32_imem:\memory_system:neorv32_imem_enabled:neorv32_imem_inst|neorv32_prim_spram:\imem_ram:imem_ram_gen:3:ram_inst|altsyncram:spram_rtl_0|altsyncram_2ed1:auto_generated|decode_97a:decode2|eq_node[0]~5 ; LCCOMB_X49_Y19_N6      ; 8       ; Clock enable, Write enable ; no     ; --                   ; --               ; --                        ;
; neorv32_top:neorv32_top_inst|neorv32_imem:\memory_system:neorv32_imem_enabled:neorv32_imem_inst|neorv32_prim_spram:\imem_ram:imem_ram_gen:3:ram_inst|altsyncram:spram_rtl_0|altsyncram_2ed1:auto_generated|decode_97a:decode2|eq_node[1]~4 ; LCCOMB_X49_Y19_N20     ; 8       ; Clock enable, Write enable ; no     ; --                   ; --               ; --                        ;
; neorv32_top:neorv32_top_inst|neorv32_imem:\memory_system:neorv32_imem_enabled:neorv32_imem_inst|neorv32_prim_spram:\imem_ram:imem_ram_gen:3:ram_inst|rdata[0]~8                                                                            ; LCCOMB_X49_Y19_N8      ; 17      ; Clock enable               ; no     ; --                   ; --               ; --                        ;
; neorv32_top:neorv32_top_inst|neorv32_sys_reset:\soc_generators:neorv32_sys_reset_inst|rstn_ext_o                                                                                                                                           ; FF_X77_Y38_N5          ; 364     ; Async. clear               ; yes    ; Global Clock         ; GCLK8            ; --                        ;
; neorv32_top:neorv32_top_inst|neorv32_sys_reset:\soc_generators:neorv32_sys_reset_inst|rstn_sys_o                                                                                                                                           ; FF_X57_Y31_N23         ; 1537    ; Async. clear               ; yes    ; Global Clock         ; GCLK5            ; --                        ;
; neorv32_top:neorv32_top_inst|neorv32_sysinfo:\io_system:neorv32_sysinfo_enabled:neorv32_sysinfo_inst|sysinfo_clk~0                                                                                                                         ; LCCOMB_X50_Y27_N8      ; 32      ; Clock enable               ; no     ; --                   ; --               ; --                        ;
; neorv32_top:neorv32_top_inst|neorv32_uart:\io_system:neorv32_uart0_enabled:neorv32_uart0_inst|Mux0~8                                                                                                                                       ; LCCOMB_X51_Y29_N14     ; 10      ; Clock enable               ; no     ; --                   ; --               ; --                        ;
; neorv32_top:neorv32_top_inst|neorv32_uart:\io_system:neorv32_uart0_enabled:neorv32_uart0_inst|ctrl.prsc[2]~0                                                                                                                               ; LCCOMB_X51_Y27_N0      ; 19      ; Clock enable               ; no     ; --                   ; --               ; --                        ;
; neorv32_top:neorv32_top_inst|neorv32_uart:\io_system:neorv32_uart0_enabled:neorv32_uart0_inst|neorv32_prim_fifo:rx_engine_fifo_inst|we                                                                                                     ; LCCOMB_X52_Y27_N8      ; 8       ; Clock enable               ; no     ; --                   ; --               ; --                        ;
; neorv32_top:neorv32_top_inst|neorv32_uart:\io_system:neorv32_uart0_enabled:neorv32_uart0_inst|neorv32_prim_fifo:tx_engine_fifo_inst|we~0                                                                                                   ; LCCOMB_X55_Y27_N8      ; 9       ; Clock enable               ; no     ; --                   ; --               ; --                        ;
; neorv32_top:neorv32_top_inst|neorv32_uart:\io_system:neorv32_uart0_enabled:neorv32_uart0_inst|rx_engine.baudcnt[2]~0                                                                                                                       ; LCCOMB_X54_Y27_N24     ; 10      ; Clock enable               ; no     ; --                   ; --               ; --                        ;
; neorv32_top:neorv32_top_inst|neorv32_uart:\io_system:neorv32_uart0_enabled:neorv32_uart0_inst|rx_engine.bitcnt[1]~0                                                                                                                        ; LCCOMB_X54_Y27_N22     ; 4       ; Clock enable               ; no     ; --                   ; --               ; --                        ;
; neorv32_top:neorv32_top_inst|neorv32_uart:\io_system:neorv32_uart0_enabled:neorv32_uart0_inst|rx_engine.sreg[7]~0                                                                                                                          ; LCCOMB_X54_Y27_N4      ; 9       ; Clock enable               ; no     ; --                   ; --               ; --                        ;
; neorv32_top:neorv32_top_inst|neorv32_uart:\io_system:neorv32_uart0_enabled:neorv32_uart0_inst|rx_engine.state[0]                                                                                                                           ; FF_X54_Y27_N7          ; 20      ; Sync. clear, Sync. load    ; no     ; --                   ; --               ; --                        ;
; neorv32_top:neorv32_top_inst|neorv32_uart:\io_system:neorv32_uart0_enabled:neorv32_uart0_inst|tx_engine.baudcnt[5]~12                                                                                                                      ; LCCOMB_X52_Y30_N2      ; 10      ; Sync. load                 ; no     ; --                   ; --               ; --                        ;
; neorv32_top:neorv32_top_inst|neorv32_uart:\io_system:neorv32_uart0_enabled:neorv32_uart0_inst|tx_engine.baudcnt[5]~13                                                                                                                      ; LCCOMB_X54_Y31_N30     ; 10      ; Clock enable               ; no     ; --                   ; --               ; --                        ;
; neorv32_top:neorv32_top_inst|neorv32_uart:\io_system:neorv32_uart0_enabled:neorv32_uart0_inst|tx_engine.sreg[0]~1                                                                                                                          ; LCCOMB_X54_Y31_N2      ; 12      ; Clock enable               ; no     ; --                   ; --               ; --                        ;
; neorv32_top:neorv32_top_inst|neorv32_uart:\io_system:neorv32_uart0_enabled:neorv32_uart0_inst|tx_engine.state[0]                                                                                                                           ; FF_X54_Y31_N17         ; 22      ; Sync. clear                ; no     ; --                   ; --               ; --                        ;
; pll_sys:inst_pll_sys|altpll:altpll_component|pll_sys_altpll:auto_generated|wire_pll1_clk[0]                                                                                                                                                ; PLL_1                  ; 2754    ; Clock                      ; yes    ; Global Clock         ; GCLK18           ; --                        ;
; qsys_core:inst_qsys|qsys_core_mm_interconnect_0:mm_interconnect_0|altera_avalon_sc_fifo:sdram_s1_agent_rdata_fifo|internal_out_ready~0                                                                                                     ; LCCOMB_X69_Y19_N20     ; 20      ; Clock enable               ; no     ; --                   ; --               ; --                        ;
; qsys_core:inst_qsys|qsys_core_mm_interconnect_0:mm_interconnect_0|altera_avalon_sc_fifo:sdram_s1_agent_rdata_fifo|mem~208                                                                                                                  ; LCCOMB_X74_Y22_N22     ; 16      ; Clock enable               ; no     ; --                   ; --               ; --                        ;
; qsys_core:inst_qsys|qsys_core_mm_interconnect_0:mm_interconnect_0|altera_avalon_sc_fifo:sdram_s1_agent_rdata_fifo|mem~209                                                                                                                  ; LCCOMB_X74_Y22_N0      ; 16      ; Clock enable               ; no     ; --                   ; --               ; --                        ;
; qsys_core:inst_qsys|qsys_core_mm_interconnect_0:mm_interconnect_0|altera_avalon_sc_fifo:sdram_s1_agent_rdata_fifo|mem~210                                                                                                                  ; LCCOMB_X74_Y22_N10     ; 16      ; Clock enable               ; no     ; --                   ; --               ; --                        ;
; qsys_core:inst_qsys|qsys_core_mm_interconnect_0:mm_interconnect_0|altera_avalon_sc_fifo:sdram_s1_agent_rdata_fifo|mem~211                                                                                                                  ; LCCOMB_X74_Y22_N8      ; 16      ; Clock enable               ; no     ; --                   ; --               ; --                        ;
; qsys_core:inst_qsys|qsys_core_mm_interconnect_0:mm_interconnect_0|altera_avalon_sc_fifo:sdram_s1_agent_rdata_fifo|mem~212                                                                                                                  ; LCCOMB_X74_Y22_N6      ; 16      ; Clock enable               ; no     ; --                   ; --               ; --                        ;
; qsys_core:inst_qsys|qsys_core_mm_interconnect_0:mm_interconnect_0|altera_avalon_sc_fifo:sdram_s1_agent_rdata_fifo|mem~213                                                                                                                  ; LCCOMB_X74_Y22_N20     ; 16      ; Clock enable               ; no     ; --                   ; --               ; --                        ;
; qsys_core:inst_qsys|qsys_core_mm_interconnect_0:mm_interconnect_0|altera_avalon_sc_fifo:sdram_s1_agent_rdata_fifo|mem~214                                                                                                                  ; LCCOMB_X74_Y22_N2      ; 16      ; Clock enable               ; no     ; --                   ; --               ; --                        ;
; qsys_core:inst_qsys|qsys_core_mm_interconnect_0:mm_interconnect_0|altera_avalon_sc_fifo:sdram_s1_agent_rdata_fifo|mem~215                                                                                                                  ; LCCOMB_X74_Y22_N24     ; 16      ; Clock enable               ; no     ; --                   ; --               ; --                        ;
; qsys_core:inst_qsys|qsys_core_mm_interconnect_0:mm_interconnect_0|altera_avalon_sc_fifo:sdram_s1_agent_rdata_fifo|write                                                                                                                    ; LCCOMB_X69_Y19_N10     ; 12      ; Clock enable               ; no     ; --                   ; --               ; --                        ;
; qsys_core:inst_qsys|qsys_core_mm_interconnect_0:mm_interconnect_0|altera_avalon_sc_fifo:sdram_s1_agent_rsp_fifo|always0~0                                                                                                                  ; LCCOMB_X64_Y19_N26     ; 6       ; Clock enable               ; no     ; --                   ; --               ; --                        ;
; qsys_core:inst_qsys|qsys_core_mm_interconnect_0:mm_interconnect_0|altera_avalon_sc_fifo:sdram_s1_agent_rsp_fifo|always1~0                                                                                                                  ; LCCOMB_X63_Y19_N28     ; 6       ; Clock enable               ; no     ; --                   ; --               ; --                        ;
; qsys_core:inst_qsys|qsys_core_mm_interconnect_0:mm_interconnect_0|altera_avalon_sc_fifo:sdram_s1_agent_rsp_fifo|always2~0                                                                                                                  ; LCCOMB_X64_Y19_N22     ; 6       ; Clock enable               ; no     ; --                   ; --               ; --                        ;
; qsys_core:inst_qsys|qsys_core_mm_interconnect_0:mm_interconnect_0|altera_avalon_sc_fifo:sdram_s1_agent_rsp_fifo|always3~0                                                                                                                  ; LCCOMB_X63_Y19_N26     ; 6       ; Clock enable               ; no     ; --                   ; --               ; --                        ;
; qsys_core:inst_qsys|qsys_core_mm_interconnect_0:mm_interconnect_0|altera_avalon_sc_fifo:sdram_s1_agent_rsp_fifo|always4~0                                                                                                                  ; LCCOMB_X64_Y19_N8      ; 6       ; Clock enable               ; no     ; --                   ; --               ; --                        ;
; qsys_core:inst_qsys|qsys_core_mm_interconnect_0:mm_interconnect_0|altera_avalon_sc_fifo:sdram_s1_agent_rsp_fifo|always5~0                                                                                                                  ; LCCOMB_X64_Y19_N30     ; 6       ; Clock enable               ; no     ; --                   ; --               ; --                        ;
; qsys_core:inst_qsys|qsys_core_mm_interconnect_0:mm_interconnect_0|altera_avalon_sc_fifo:sdram_s1_agent_rsp_fifo|always6~0                                                                                                                  ; LCCOMB_X64_Y19_N24     ; 6       ; Clock enable               ; no     ; --                   ; --               ; --                        ;
; qsys_core:inst_qsys|qsys_core_mm_interconnect_0:mm_interconnect_0|altera_avalon_sc_fifo:sdram_s1_agent_rsp_fifo|mem[0][59]                                                                                                                 ; FF_X63_Y19_N25         ; 3       ; Sync. clear                ; no     ; --                   ; --               ; --                        ;
; qsys_core:inst_qsys|qsys_core_mm_interconnect_0:mm_interconnect_0|altera_avalon_sc_fifo:sdram_s1_agent_rsp_fifo|mem_used[6]~4                                                                                                              ; LCCOMB_X64_Y19_N18     ; 6       ; Clock enable               ; no     ; --                   ; --               ; --                        ;
; qsys_core:inst_qsys|qsys_core_mm_interconnect_0:mm_interconnect_0|altera_merlin_slave_agent:sdram_s1_agent|comb~0                                                                                                                          ; LCCOMB_X69_Y19_N8      ; 7       ; Clock enable               ; no     ; --                   ; --               ; --                        ;
; qsys_core:inst_qsys|qsys_core_mm_interconnect_0:mm_interconnect_0|altera_merlin_slave_agent:sdram_s1_agent|rp_valid                                                                                                                        ; LCCOMB_X64_Y19_N14     ; 17      ; Clock enable               ; no     ; --                   ; --               ; --                        ;
; qsys_core:inst_qsys|qsys_core_mm_interconnect_0:mm_interconnect_0|altera_merlin_width_adapter:sdram_s1_cmd_width_adapter|data_reg[8]~0                                                                                                     ; LCCOMB_X66_Y19_N6      ; 42      ; Clock enable               ; no     ; --                   ; --               ; --                        ;
; qsys_core:inst_qsys|qsys_core_mm_interconnect_0:mm_interconnect_0|altera_merlin_width_adapter:sdram_s1_cmd_width_adapter|use_reg                                                                                                           ; FF_X59_Y19_N23         ; 77      ; Sync. load                 ; no     ; --                   ; --               ; --                        ;
; qsys_core:inst_qsys|qsys_core_sdram:sdram|Selector27~8                                                                                                                                                                                     ; LCCOMB_X75_Y17_N14     ; 2       ; Clock enable               ; no     ; --                   ; --               ; --                        ;
; qsys_core:inst_qsys|qsys_core_sdram:sdram|Selector34~3                                                                                                                                                                                     ; LCCOMB_X77_Y19_N30     ; 2       ; Clock enable               ; no     ; --                   ; --               ; --                        ;
; qsys_core:inst_qsys|qsys_core_sdram:sdram|WideOr16~0                                                                                                                                                                                       ; LCCOMB_X77_Y19_N10     ; 4       ; Clock enable               ; no     ; --                   ; --               ; --                        ;
; qsys_core:inst_qsys|qsys_core_sdram:sdram|active_rnw~4                                                                                                                                                                                     ; LCCOMB_X75_Y18_N28     ; 44      ; Clock enable               ; no     ; --                   ; --               ; --                        ;
; qsys_core:inst_qsys|qsys_core_sdram:sdram|m_addr[1]~2                                                                                                                                                                                      ; LCCOMB_X77_Y18_N6      ; 13      ; Clock enable               ; no     ; --                   ; --               ; --                        ;
; qsys_core:inst_qsys|qsys_core_sdram:sdram|m_state.000000010                                                                                                                                                                                ; FF_X75_Y17_N17         ; 32      ; Sync. clear                ; no     ; --                   ; --               ; --                        ;
; qsys_core:inst_qsys|qsys_core_sdram:sdram|m_state.000010000                                                                                                                                                                                ; FF_X74_Y17_N15         ; 42      ; Sync. load                 ; no     ; --                   ; --               ; --                        ;
; qsys_core:inst_qsys|qsys_core_sdram:sdram|m_state.001000000                                                                                                                                                                                ; FF_X76_Y17_N25         ; 21      ; Sync. load                 ; no     ; --                   ; --               ; --                        ;
; qsys_core:inst_qsys|qsys_core_sdram:sdram|oe                                                                                                                                                                                               ; DDIOOECELL_X78_Y16_N5  ; 1       ; Output enable              ; no     ; --                   ; --               ; --                        ;
; qsys_core:inst_qsys|qsys_core_sdram:sdram|oe~_Duplicate_1                                                                                                                                                                                  ; DDIOOECELL_X78_Y16_N12 ; 1       ; Output enable              ; no     ; --                   ; --               ; --                        ;
; qsys_core:inst_qsys|qsys_core_sdram:sdram|oe~_Duplicate_10                                                                                                                                                                                 ; DDIOOECELL_X78_Y29_N5  ; 1       ; Output enable              ; no     ; --                   ; --               ; --                        ;
; qsys_core:inst_qsys|qsys_core_sdram:sdram|oe~_Duplicate_11                                                                                                                                                                                 ; DDIOOECELL_X78_Y29_N12 ; 1       ; Output enable              ; no     ; --                   ; --               ; --                        ;
; qsys_core:inst_qsys|qsys_core_sdram:sdram|oe~_Duplicate_12                                                                                                                                                                                 ; DDIOOECELL_X78_Y31_N12 ; 1       ; Output enable              ; no     ; --                   ; --               ; --                        ;
; qsys_core:inst_qsys|qsys_core_sdram:sdram|oe~_Duplicate_13                                                                                                                                                                                 ; DDIOOECELL_X78_Y31_N26 ; 1       ; Output enable              ; no     ; --                   ; --               ; --                        ;
; qsys_core:inst_qsys|qsys_core_sdram:sdram|oe~_Duplicate_14                                                                                                                                                                                 ; DDIOOECELL_X78_Y31_N19 ; 1       ; Output enable              ; no     ; --                   ; --               ; --                        ;
; qsys_core:inst_qsys|qsys_core_sdram:sdram|oe~_Duplicate_15                                                                                                                                                                                 ; DDIOOECELL_X78_Y31_N5  ; 1       ; Output enable              ; no     ; --                   ; --               ; --                        ;
; qsys_core:inst_qsys|qsys_core_sdram:sdram|oe~_Duplicate_2                                                                                                                                                                                  ; DDIOOECELL_X78_Y3_N5   ; 1       ; Output enable              ; no     ; --                   ; --               ; --                        ;
; qsys_core:inst_qsys|qsys_core_sdram:sdram|oe~_Duplicate_3                                                                                                                                                                                  ; DDIOOECELL_X78_Y3_N12  ; 1       ; Output enable              ; no     ; --                   ; --               ; --                        ;
; qsys_core:inst_qsys|qsys_core_sdram:sdram|oe~_Duplicate_4                                                                                                                                                                                  ; DDIOOECELL_X78_Y15_N12 ; 1       ; Output enable              ; no     ; --                   ; --               ; --                        ;
; qsys_core:inst_qsys|qsys_core_sdram:sdram|oe~_Duplicate_5                                                                                                                                                                                  ; DDIOOECELL_X78_Y15_N5  ; 1       ; Output enable              ; no     ; --                   ; --               ; --                        ;
; qsys_core:inst_qsys|qsys_core_sdram:sdram|oe~_Duplicate_6                                                                                                                                                                                  ; DDIOOECELL_X78_Y16_N19 ; 1       ; Output enable              ; no     ; --                   ; --               ; --                        ;
; qsys_core:inst_qsys|qsys_core_sdram:sdram|oe~_Duplicate_7                                                                                                                                                                                  ; DDIOOECELL_X78_Y17_N12 ; 1       ; Output enable              ; no     ; --                   ; --               ; --                        ;
; qsys_core:inst_qsys|qsys_core_sdram:sdram|oe~_Duplicate_8                                                                                                                                                                                  ; DDIOOECELL_X78_Y23_N12 ; 1       ; Output enable              ; no     ; --                   ; --               ; --                        ;
; qsys_core:inst_qsys|qsys_core_sdram:sdram|oe~_Duplicate_9                                                                                                                                                                                  ; DDIOOECELL_X78_Y30_N12 ; 1       ; Output enable              ; no     ; --                   ; --               ; --                        ;
; qsys_core:inst_qsys|qsys_core_sdram:sdram|qsys_core_sdram_input_efifo_module:the_qsys_core_sdram_input_efifo_module|entry_0[43]~0                                                                                                          ; LCCOMB_X72_Y19_N30     ; 44      ; Clock enable               ; no     ; --                   ; --               ; --                        ;
; qsys_core:inst_qsys|qsys_core_sdram:sdram|qsys_core_sdram_input_efifo_module:the_qsys_core_sdram_input_efifo_module|entry_1[43]~0                                                                                                          ; LCCOMB_X72_Y19_N24     ; 44      ; Clock enable               ; no     ; --                   ; --               ; --                        ;
; reset_s3                                                                                                                                                                                                                                   ; FF_X57_Y16_N13         ; 10      ; Clock enable               ; no     ; --                   ; --               ; --                        ;
; reset_s3                                                                                                                                                                                                                                   ; FF_X57_Y16_N13         ; 326     ; Async. clear, Async. load  ; yes    ; Global Clock         ; GCLK17           ; --                        ;
; reset~0                                                                                                                                                                                                                                    ; LCCOMB_X45_Y50_N4      ; 3       ; Async. clear               ; yes    ; Global Clock         ; GCLK11           ; --                        ;
; wb_av_master:inst_wb_av_master|av_byteenable[0]~9                                                                                                                                                                                          ; LCCOMB_X56_Y19_N30     ; 4       ; Clock enable               ; no     ; --                   ; --               ; --                        ;
; wb_av_master:inst_wb_av_master|av_readdata[0]~0                                                                                                                                                                                            ; LCCOMB_X51_Y19_N26     ; 32      ; Clock enable               ; no     ; --                   ; --               ; --                        ;
; wb_av_master:inst_wb_av_master|fsm_state.STATE_IDLE                                                                                                                                                                                        ; FF_X57_Y19_N1          ; 10      ; Sync. clear                ; no     ; --                   ; --               ; --                        ;
; wb_av_master:inst_wb_av_master|wait_cnt[5]~9                                                                                                                                                                                               ; LCCOMB_X56_Y19_N28     ; 6       ; Clock enable               ; no     ; --                   ; --               ; --                        ;
+--------------------------------------------------------------------------------------------------------------------------------------------------------------------------------------------------------------------------------------------+------------------------+---------+----------------------------+--------+----------------------+------------------+---------------------------+


+---------------------------------------------------------------------------------------------------------------------------------------------------------------------------------------------------------------------------------------------+
; Global & Other Fast Signals                                                                                                                                                                                                                 ;
+--------------------------------------------------------------------------------------------------+-------------------+---------+--------------------------------------+----------------------+------------------+---------------------------+
; Name                                                                                             ; Location          ; Fan-Out ; Fan-Out Using Intentional Clock Skew ; Global Resource Used ; Global Line Name ; Enable Signal Source Name ;
+--------------------------------------------------------------------------------------------------+-------------------+---------+--------------------------------------+----------------------+------------------+---------------------------+
; neorv32_top:neorv32_top_inst|neorv32_sys_reset:\soc_generators:neorv32_sys_reset_inst|rstn_ext_o ; FF_X77_Y38_N5     ; 364     ; 0                                    ; Global Clock         ; GCLK8            ; --                        ;
; neorv32_top:neorv32_top_inst|neorv32_sys_reset:\soc_generators:neorv32_sys_reset_inst|rstn_sys_o ; FF_X57_Y31_N23    ; 1537    ; 0                                    ; Global Clock         ; GCLK5            ; --                        ;
; pll_sys:inst_pll_sys|altpll:altpll_component|pll_sys_altpll:auto_generated|wire_pll1_clk[0]      ; PLL_1             ; 2754    ; 97                                   ; Global Clock         ; GCLK18           ; --                        ;
; pll_sys:inst_pll_sys|altpll:altpll_component|pll_sys_altpll:auto_generated|wire_pll1_clk[1]      ; PLL_1             ; 1       ; 0                                    ; Global Clock         ; GCLK19           ; --                        ;
; reset_s3                                                                                         ; FF_X57_Y16_N13    ; 326     ; 0                                    ; Global Clock         ; GCLK17           ; --                        ;
; reset~0                                                                                          ; LCCOMB_X45_Y50_N4 ; 3       ; 0                                    ; Global Clock         ; GCLK11           ; --                        ;
+--------------------------------------------------------------------------------------------------+-------------------+---------+--------------------------------------+----------------------+------------------+---------------------------+


+--------------------------------------------------------------------------------------------------------------------------------------------------------------+
; Non-Global High Fan-Out Signals                                                                                                                              ;
+----------------------------------------------------------------------------------------------------------------------------------------------------+---------+
; Name                                                                                                                                               ; Fan-Out ;
+----------------------------------------------------------------------------------------------------------------------------------------------------+---------+
; neorv32_top:neorv32_top_inst|neorv32_bus_io_switch:\io_system:neorv32_bus_io_switch_inst|neorv32_bus_reg:neorv32_bus_reg_inst|device_req_o.addr[2] ; 1289    ;
; neorv32_top:neorv32_top_inst|neorv32_bus_io_switch:\io_system:neorv32_bus_io_switch_inst|neorv32_bus_reg:neorv32_bus_reg_inst|device_req_o.addr[4] ; 1282    ;
; neorv32_top:neorv32_top_inst|neorv32_bus_io_switch:\io_system:neorv32_bus_io_switch_inst|neorv32_bus_reg:neorv32_bus_reg_inst|device_req_o.addr[3] ; 1244    ;
; neorv32_top:neorv32_top_inst|neorv32_bus_io_switch:\io_system:neorv32_bus_io_switch_inst|neorv32_bus_reg:neorv32_bus_reg_inst|device_req_o.addr[5] ; 1143    ;
; neorv32_top:neorv32_top_inst|neorv32_bus_io_switch:\io_system:neorv32_bus_io_switch_inst|neorv32_bus_reg:neorv32_bus_reg_inst|device_req_o.addr[6] ; 874     ;
; neorv32_top:neorv32_top_inst|neorv32_bus_io_switch:\io_system:neorv32_bus_io_switch_inst|neorv32_bus_reg:neorv32_bus_reg_inst|device_req_o.addr[7] ; 852     ;
; neorv32_top:neorv32_top_inst|neorv32_bus_io_switch:\io_system:neorv32_bus_io_switch_inst|neorv32_bus_reg:neorv32_bus_reg_inst|device_req_o.addr[8] ; 757     ;
; neorv32_top:neorv32_top_inst|neorv32_bus_io_switch:\io_system:neorv32_bus_io_switch_inst|neorv32_bus_reg:neorv32_bus_reg_inst|device_req_o.addr[9] ; 598     ;
+----------------------------------------------------------------------------------------------------------------------------------------------------+---------+


+----------------------------------------------------------------------------------------------------------------------------------------------------------------------------------------------------------------------------------------------------------------------------------------------------------------------------------------------------------------------------------------------------------------------------------------------------------------------------------------------------------------------------------------------------------------------------------------------------------------------------------------------------------------------------------------------------------------------------------------------------------------------------------------------------------------------------------------------------------------------------------------------------------------------------------------------------------------------------------------------------------------------------------+
; Fitter RAM Summary                                                                                                                                                                                                                                                                                                                                                                                                                                                                                                                                                                                                                                                                                                                                                                                                                                                                                                                                                                                                               ;
+----------------------------------------------------------------------------------------------------------------------------------------------------------------------------------------------------------------------------------------------------+------+------------------+--------------+--------------+--------------+--------------+--------------+------------------------+-------------------------+------------------------+-------------------------+--------+-----------------------------+-----------------------------+-----------------------------+-----------------------------+---------------------+------+------+----------------------------------------------------------------------------------------------------------------------------------------------------------------------------------------------------------------------------------------------------------------+----------------------+------------------------+------------------------+----------+------------------------+---------------+
; Name                                                                                                                                                                                                                                               ; Type ; Mode             ; Clock Mode   ; Port A Depth ; Port A Width ; Port B Depth ; Port B Width ; Port A Input Registers ; Port A Output Registers ; Port B Input Registers ; Port B Output Registers ; Size   ; Implementation Port A Depth ; Implementation Port A Width ; Implementation Port B Depth ; Implementation Port B Width ; Implementation Bits ; M9Ks ; MIF  ; Location                                                                                                                                                                                                                                                       ; Mixed Width RDW Mode ; Port A RDW Mode        ; Port B RDW Mode        ; ECC Mode ; ECC Pipeline Registers ; Fits in MLABs ;
+----------------------------------------------------------------------------------------------------------------------------------------------------------------------------------------------------------------------------------------------------+------+------------------+--------------+--------------+--------------+--------------+--------------+------------------------+-------------------------+------------------------+-------------------------+--------+-----------------------------+-----------------------------+-----------------------------+-----------------------------+---------------------+------+------+----------------------------------------------------------------------------------------------------------------------------------------------------------------------------------------------------------------------------------------------------------------+----------------------+------------------------+------------------------+----------+------------------------+---------------+
; neorv32_top:neorv32_top_inst|neorv32_cpu:\core_complex_gen:0:neorv32_cpu_inst|neorv32_cpu_regfile:neorv32_cpu_regfile_inst|neorv32_prim_sdpram:\register_file_fpga:reg_file_inst|altsyncram:sdpram_rtl_0|altsyncram_q3d1:auto_generated|ALTSYNCRAM ; AUTO ; Simple Dual Port ; Single Clock ; 32           ; 32           ; 32           ; 32           ; yes                    ; no                      ; yes                    ; no                      ; 1024   ; 32                          ; 32                          ; 32                          ; 32                          ; 1024                ; 1    ; None ; M9K_X33_Y17_N0                                                                                                                                                                                                                                                 ; Don't care           ; New data with NBE Read ; New data with NBE Read ; Off      ; No                     ; No - Unknown  ;
; neorv32_top:neorv32_top_inst|neorv32_cpu:\core_complex_gen:0:neorv32_cpu_inst|neorv32_cpu_regfile:neorv32_cpu_regfile_inst|neorv32_prim_sdpram:\register_file_fpga:reg_file_inst|altsyncram:sdpram_rtl_1|altsyncram_47g1:auto_generated|ALTSYNCRAM ; AUTO ; Simple Dual Port ; Single Clock ; 32           ; 32           ; 32           ; 32           ; yes                    ; no                      ; yes                    ; no                      ; 1024   ; 32                          ; 32                          ; 32                          ; 32                          ; 1024                ; 1    ; None ; M9K_X33_Y16_N0                                                                                                                                                                                                                                                 ; Old data             ; New data with NBE Read ; New data with NBE Read ; Off      ; No                     ; No - Unknown  ;
; neorv32_top:neorv32_top_inst|neorv32_dmem:\memory_system:neorv32_dmem_enabled:neorv32_dmem_inst|neorv32_prim_spram:\dmem_ram_gen:0:ram_inst|altsyncram:spram_rtl_0|altsyncram_sad1:auto_generated|ALTSYNCRAM                                       ; AUTO ; Simple Dual Port ; Single Clock ; 8192         ; 8            ; 8192         ; 8            ; yes                    ; no                      ; yes                    ; no                      ; 65536  ; 8192                        ; 8                           ; 8192                        ; 8                           ; 65536               ; 8    ; None ; M9K_X53_Y39_N0, M9K_X33_Y23_N0, M9K_X53_Y23_N0, M9K_X53_Y25_N0, M9K_X33_Y33_N0, M9K_X53_Y32_N0, M9K_X53_Y35_N0, M9K_X53_Y37_N0                                                                                                                                 ; Don't care           ; New data with NBE Read ; New data with NBE Read ; Off      ; No                     ; No - Unknown  ;
; neorv32_top:neorv32_top_inst|neorv32_dmem:\memory_system:neorv32_dmem_enabled:neorv32_dmem_inst|neorv32_prim_spram:\dmem_ram_gen:1:ram_inst|altsyncram:spram_rtl_0|altsyncram_sad1:auto_generated|ALTSYNCRAM                                       ; AUTO ; Simple Dual Port ; Single Clock ; 8192         ; 8            ; 8192         ; 8            ; yes                    ; no                      ; yes                    ; no                      ; 65536  ; 8192                        ; 8                           ; 8192                        ; 8                           ; 65536               ; 8    ; None ; M9K_X53_Y9_N0, M9K_X53_Y13_N0, M9K_X53_Y5_N0, M9K_X53_Y18_N0, M9K_X53_Y17_N0, M9K_X53_Y6_N0, M9K_X53_Y15_N0, M9K_X53_Y19_N0                                                                                                                                    ; Don't care           ; New data with NBE Read ; New data with NBE Read ; Off      ; No                     ; No - Unknown  ;
; neorv32_top:neorv32_top_inst|neorv32_dmem:\memory_system:neorv32_dmem_enabled:neorv32_dmem_inst|neorv32_prim_spram:\dmem_ram_gen:2:ram_inst|altsyncram:spram_rtl_0|altsyncram_sad1:auto_generated|ALTSYNCRAM                                       ; AUTO ; Simple Dual Port ; Single Clock ; 8192         ; 8            ; 8192         ; 8            ; yes                    ; no                      ; yes                    ; no                      ; 65536  ; 8192                        ; 8                           ; 8192                        ; 8                           ; 65536               ; 8    ; None ; M9K_X53_Y3_N0, M9K_X73_Y15_N0, M9K_X33_Y18_N0, M9K_X53_Y4_N0, M9K_X33_Y12_N0, M9K_X73_Y17_N0, M9K_X73_Y11_N0, M9K_X73_Y13_N0                                                                                                                                   ; Don't care           ; New data with NBE Read ; New data with NBE Read ; Off      ; No                     ; No - Unknown  ;
; neorv32_top:neorv32_top_inst|neorv32_dmem:\memory_system:neorv32_dmem_enabled:neorv32_dmem_inst|neorv32_prim_spram:\dmem_ram_gen:3:ram_inst|altsyncram:spram_rtl_0|altsyncram_sad1:auto_generated|ALTSYNCRAM                                       ; AUTO ; Simple Dual Port ; Single Clock ; 8192         ; 8            ; 8192         ; 8            ; yes                    ; no                      ; yes                    ; no                      ; 65536  ; 8192                        ; 8                           ; 8192                        ; 8                           ; 65536               ; 8    ; None ; M9K_X53_Y21_N0, M9K_X53_Y8_N0, M9K_X53_Y22_N0, M9K_X53_Y7_N0, M9K_X53_Y11_N0, M9K_X53_Y24_N0, M9K_X53_Y26_N0, M9K_X53_Y20_N0                                                                                                                                   ; Don't care           ; New data with NBE Read ; New data with NBE Read ; Off      ; No                     ; No - Unknown  ;
; neorv32_top:neorv32_top_inst|neorv32_imem:\memory_system:neorv32_imem_enabled:neorv32_imem_inst|neorv32_prim_spram:\imem_ram:imem_ram_gen:0:ram_inst|altsyncram:spram_rtl_0|altsyncram_2ed1:auto_generated|ALTSYNCRAM                              ; AUTO ; Simple Dual Port ; Single Clock ; 16384        ; 8            ; 16384        ; 8            ; yes                    ; no                      ; yes                    ; no                      ; 131072 ; 16384                       ; 8                           ; 16384                       ; 8                           ; 131072              ; 16   ; None ; M9K_X73_Y31_N0, M9K_X73_Y35_N0, M9K_X33_Y14_N0, M9K_X33_Y34_N0, M9K_X53_Y31_N0, M9K_X33_Y27_N0, M9K_X73_Y32_N0, M9K_X73_Y34_N0, M9K_X33_Y35_N0, M9K_X33_Y32_N0, M9K_X33_Y30_N0, M9K_X53_Y38_N0, M9K_X33_Y15_N0, M9K_X33_Y36_N0, M9K_X33_Y19_N0, M9K_X33_Y31_N0 ; Don't care           ; New data with NBE Read ; New data with NBE Read ; Off      ; No                     ; No - Unknown  ;
; neorv32_top:neorv32_top_inst|neorv32_imem:\memory_system:neorv32_imem_enabled:neorv32_imem_inst|neorv32_prim_spram:\imem_ram:imem_ram_gen:1:ram_inst|altsyncram:spram_rtl_0|altsyncram_2ed1:auto_generated|ALTSYNCRAM                              ; AUTO ; Simple Dual Port ; Single Clock ; 16384        ; 8            ; 16384        ; 8            ; yes                    ; no                      ; yes                    ; no                      ; 131072 ; 16384                       ; 8                           ; 16384                       ; 8                           ; 131072              ; 16   ; None ; M9K_X73_Y24_N0, M9K_X53_Y28_N0, M9K_X73_Y28_N0, M9K_X73_Y23_N0, M9K_X73_Y25_N0, M9K_X73_Y22_N0, M9K_X53_Y34_N0, M9K_X53_Y36_N0, M9K_X73_Y27_N0, M9K_X73_Y29_N0, M9K_X53_Y27_N0, M9K_X53_Y30_N0, M9K_X73_Y26_N0, M9K_X73_Y30_N0, M9K_X73_Y33_N0, M9K_X53_Y33_N0 ; Don't care           ; New data with NBE Read ; New data with NBE Read ; Off      ; No                     ; No - Unknown  ;
; neorv32_top:neorv32_top_inst|neorv32_imem:\memory_system:neorv32_imem_enabled:neorv32_imem_inst|neorv32_prim_spram:\imem_ram:imem_ram_gen:2:ram_inst|altsyncram:spram_rtl_0|altsyncram_2ed1:auto_generated|ALTSYNCRAM                              ; AUTO ; Simple Dual Port ; Single Clock ; 16384        ; 8            ; 16384        ; 8            ; yes                    ; no                      ; yes                    ; no                      ; 131072 ; 16384                       ; 8                           ; 16384                       ; 8                           ; 131072              ; 16   ; None ; M9K_X73_Y10_N0, M9K_X73_Y5_N0, M9K_X73_Y7_N0, M9K_X73_Y3_N0, M9K_X53_Y14_N0, M9K_X53_Y12_N0, M9K_X73_Y20_N0, M9K_X73_Y16_N0, M9K_X73_Y19_N0, M9K_X73_Y6_N0, M9K_X73_Y8_N0, M9K_X73_Y9_N0, M9K_X73_Y21_N0, M9K_X73_Y12_N0, M9K_X73_Y18_N0, M9K_X73_Y14_N0       ; Don't care           ; New data with NBE Read ; New data with NBE Read ; Off      ; No                     ; No - Unknown  ;
; neorv32_top:neorv32_top_inst|neorv32_imem:\memory_system:neorv32_imem_enabled:neorv32_imem_inst|neorv32_prim_spram:\imem_ram:imem_ram_gen:3:ram_inst|altsyncram:spram_rtl_0|altsyncram_2ed1:auto_generated|ALTSYNCRAM                              ; AUTO ; Simple Dual Port ; Single Clock ; 16384        ; 8            ; 16384        ; 8            ; yes                    ; no                      ; yes                    ; no                      ; 131072 ; 16384                       ; 8                           ; 16384                       ; 8                           ; 131072              ; 16   ; None ; M9K_X33_Y29_N0, M9K_X33_Y21_N0, M9K_X33_Y25_N0, M9K_X33_Y5_N0, M9K_X33_Y26_N0, M9K_X33_Y20_N0, M9K_X33_Y11_N0, M9K_X33_Y6_N0, M9K_X53_Y10_N0, M9K_X53_Y16_N0, M9K_X53_Y29_N0, M9K_X33_Y13_N0, M9K_X33_Y28_N0, M9K_X33_Y22_N0, M9K_X33_Y10_N0, M9K_X33_Y24_N0   ; Don't care           ; New data with NBE Read ; New data with NBE Read ; Off      ; No                     ; No - Unknown  ;
+----------------------------------------------------------------------------------------------------------------------------------------------------------------------------------------------------------------------------------------------------+------+------------------+--------------+--------------+--------------+--------------+--------------+------------------------+-------------------------+------------------------+-------------------------+--------+-----------------------------+-----------------------------+-----------------------------+-----------------------------+---------------------+------+------+----------------------------------------------------------------------------------------------------------------------------------------------------------------------------------------------------------------------------------------------------------------+----------------------+------------------------+------------------------+----------+------------------------+---------------+
Note: Fitter may spread logical memories into multiple blocks to improve timing. The actual required RAM blocks can be found in the Fitter Resource Usage section.


+---------------------------------------------------+
; Routing Usage Summary                             ;
+-----------------------+---------------------------+
; Routing Resource Type ; Usage                     ;
+-----------------------+---------------------------+
; Block interconnects   ; 11,631 / 148,641 ( 8 % )  ;
; C16 interconnects     ; 212 / 5,382 ( 4 % )       ;
; C4 interconnects      ; 5,884 / 106,704 ( 6 % )   ;
; Direct links          ; 1,013 / 148,641 ( < 1 % ) ;
; Global clocks         ; 6 / 20 ( 30 % )           ;
; Local interconnects   ; 4,707 / 49,760 ( 9 % )    ;
; NSLEEPs               ; 0 / 500 ( 0 % )           ;
; R24 interconnects     ; 338 / 5,406 ( 6 % )       ;
; R4 interconnects      ; 6,877 / 147,764 ( 5 % )   ;
+-----------------------+---------------------------+


+-----------------------------------------------------------------------------+
; LAB Logic Elements                                                          ;
+---------------------------------------------+-------------------------------+
; Number of Logic Elements  (Average = 13.87) ; Number of LABs  (Total = 549) ;
+---------------------------------------------+-------------------------------+
; 1                                           ; 32                            ;
; 2                                           ; 6                             ;
; 3                                           ; 2                             ;
; 4                                           ; 6                             ;
; 5                                           ; 6                             ;
; 6                                           ; 4                             ;
; 7                                           ; 4                             ;
; 8                                           ; 9                             ;
; 9                                           ; 4                             ;
; 10                                          ; 1                             ;
; 11                                          ; 12                            ;
; 12                                          ; 9                             ;
; 13                                          ; 18                            ;
; 14                                          ; 26                            ;
; 15                                          ; 56                            ;
; 16                                          ; 354                           ;
+---------------------------------------------+-------------------------------+


+--------------------------------------------------------------------+
; LAB-wide Signals                                                   ;
+------------------------------------+-------------------------------+
; LAB-wide Signals  (Average = 1.80) ; Number of LABs  (Total = 549) ;
+------------------------------------+-------------------------------+
; 1 Async. clear                     ; 295                           ;
; 1 Clock                            ; 350                           ;
; 1 Clock enable                     ; 172                           ;
; 1 Sync. clear                      ; 37                            ;
; 1 Sync. load                       ; 37                            ;
; 2 Async. clears                    ; 11                            ;
; 2 Clock enables                    ; 88                            ;
+------------------------------------+-------------------------------+


+------------------------------------------------------------------------------+
; LAB Signals Sourced                                                          ;
+----------------------------------------------+-------------------------------+
; Number of Signals Sourced  (Average = 18.34) ; Number of LABs  (Total = 549) ;
+----------------------------------------------+-------------------------------+
; 0                                            ; 1                             ;
; 1                                            ; 17                            ;
; 2                                            ; 17                            ;
; 3                                            ; 3                             ;
; 4                                            ; 5                             ;
; 5                                            ; 4                             ;
; 6                                            ; 3                             ;
; 7                                            ; 4                             ;
; 8                                            ; 5                             ;
; 9                                            ; 4                             ;
; 10                                           ; 3                             ;
; 11                                           ; 3                             ;
; 12                                           ; 3                             ;
; 13                                           ; 2                             ;
; 14                                           ; 13                            ;
; 15                                           ; 22                            ;
; 16                                           ; 161                           ;
; 17                                           ; 24                            ;
; 18                                           ; 29                            ;
; 19                                           ; 14                            ;
; 20                                           ; 19                            ;
; 21                                           ; 20                            ;
; 22                                           ; 25                            ;
; 23                                           ; 13                            ;
; 24                                           ; 23                            ;
; 25                                           ; 17                            ;
; 26                                           ; 14                            ;
; 27                                           ; 14                            ;
; 28                                           ; 9                             ;
; 29                                           ; 5                             ;
; 30                                           ; 6                             ;
; 31                                           ; 14                            ;
; 32                                           ; 33                            ;
+----------------------------------------------+-------------------------------+


+---------------------------------------------------------------------------------+
; LAB Signals Sourced Out                                                         ;
+-------------------------------------------------+-------------------------------+
; Number of Signals Sourced Out  (Average = 7.09) ; Number of LABs  (Total = 549) ;
+-------------------------------------------------+-------------------------------+
; 0                                               ; 1                             ;
; 1                                               ; 60                            ;
; 2                                               ; 51                            ;
; 3                                               ; 62                            ;
; 4                                               ; 47                            ;
; 5                                               ; 42                            ;
; 6                                               ; 30                            ;
; 7                                               ; 31                            ;
; 8                                               ; 38                            ;
; 9                                               ; 27                            ;
; 10                                              ; 23                            ;
; 11                                              ; 24                            ;
; 12                                              ; 19                            ;
; 13                                              ; 18                            ;
; 14                                              ; 15                            ;
; 15                                              ; 10                            ;
; 16                                              ; 31                            ;
; 17                                              ; 8                             ;
; 18                                              ; 3                             ;
; 19                                              ; 4                             ;
; 20                                              ; 1                             ;
; 21                                              ; 0                             ;
; 22                                              ; 1                             ;
; 23                                              ; 1                             ;
; 24                                              ; 0                             ;
; 25                                              ; 0                             ;
; 26                                              ; 1                             ;
; 27                                              ; 0                             ;
; 28                                              ; 0                             ;
; 29                                              ; 0                             ;
; 30                                              ; 0                             ;
; 31                                              ; 0                             ;
; 32                                              ; 1                             ;
+-------------------------------------------------+-------------------------------+


+------------------------------------------------------------------------------+
; LAB Distinct Inputs                                                          ;
+----------------------------------------------+-------------------------------+
; Number of Distinct Inputs  (Average = 17.41) ; Number of LABs  (Total = 549) ;
+----------------------------------------------+-------------------------------+
; 0                                            ; 0                             ;
; 1                                            ; 1                             ;
; 2                                            ; 3                             ;
; 3                                            ; 7                             ;
; 4                                            ; 20                            ;
; 5                                            ; 10                            ;
; 6                                            ; 11                            ;
; 7                                            ; 27                            ;
; 8                                            ; 35                            ;
; 9                                            ; 26                            ;
; 10                                           ; 34                            ;
; 11                                           ; 27                            ;
; 12                                           ; 17                            ;
; 13                                           ; 10                            ;
; 14                                           ; 17                            ;
; 15                                           ; 16                            ;
; 16                                           ; 11                            ;
; 17                                           ; 18                            ;
; 18                                           ; 15                            ;
; 19                                           ; 16                            ;
; 20                                           ; 38                            ;
; 21                                           ; 16                            ;
; 22                                           ; 12                            ;
; 23                                           ; 14                            ;
; 24                                           ; 18                            ;
; 25                                           ; 15                            ;
; 26                                           ; 6                             ;
; 27                                           ; 10                            ;
; 28                                           ; 11                            ;
; 29                                           ; 9                             ;
; 30                                           ; 11                            ;
; 31                                           ; 11                            ;
; 32                                           ; 11                            ;
; 33                                           ; 11                            ;
; 34                                           ; 4                             ;
; 35                                           ; 9                             ;
; 36                                           ; 11                            ;
; 37                                           ; 8                             ;
; 38                                           ; 3                             ;
+----------------------------------------------+-------------------------------+


+------------------------------------------+
; I/O Rules Summary                        ;
+----------------------------------+-------+
; I/O Rules Statistic              ; Total ;
+----------------------------------+-------+
; Total I/O Rules                  ; 30    ;
; Number of I/O Rules Passed       ; 12    ;
; Number of I/O Rules Failed       ; 0     ;
; Number of I/O Rules Unchecked    ; 0     ;
; Number of I/O Rules Inapplicable ; 18    ;
+----------------------------------+-------+


+--------------------------------------------------------------------------------------------------------------------------------------------------------------------------------------------------------------------------------------------------------------------------------------+
; I/O Rules Details                                                                                                                                                                                                                                                                    ;
+--------------+-----------+-----------------------------------+------------------------------------------------------------------------------------------------------+----------+--------------------------------------------------------------------------+------+-------------------+
; Status       ; ID        ; Category                          ; Rule Description                                                                                     ; Severity ; Information                                                              ; Area ; Extra Information ;
+--------------+-----------+-----------------------------------+------------------------------------------------------------------------------------------------------+----------+--------------------------------------------------------------------------+------+-------------------+
; Pass         ; IO_000001 ; Capacity Checks                   ; Number of pins in an I/O bank should not exceed the number of locations available.                   ; Critical ; 0 such failures found.                                                   ; I/O  ;                   ;
; Pass         ; IO_000002 ; Capacity Checks                   ; Number of clocks in an I/O bank should not exceed the number of clocks available.                    ; Critical ; 0 such failures found.                                                   ; I/O  ;                   ;
; Pass         ; IO_000003 ; Capacity Checks                   ; Number of pins in a Vrefgroup should not exceed the number of locations available.                   ; Critical ; 0 such failures found.                                                   ; I/O  ;                   ;
; Inapplicable ; IO_000004 ; Voltage Compatibility Checks      ; The I/O bank should support the requested VCCIO.                                                     ; Critical ; No IOBANK_VCCIO assignments found.                                       ; I/O  ;                   ;
; Inapplicable ; IO_000005 ; Voltage Compatibility Checks      ; The I/O bank should not have competing VREF values.                                                  ; Critical ; No VREF I/O Standard assignments found.                                  ; I/O  ;                   ;
; Pass         ; IO_000006 ; Voltage Compatibility Checks      ; The I/O bank should not have competing VCCIO values.                                                 ; Critical ; 0 such failures found.                                                   ; I/O  ;                   ;
; Pass         ; IO_000007 ; Valid Location Checks             ; Checks for unavailable locations.                                                                    ; Critical ; 0 such failures found.                                                   ; I/O  ;                   ;
; Inapplicable ; IO_000008 ; Valid Location Checks             ; Checks for reserved locations.                                                                       ; Critical ; No reserved LogicLock region found.                                      ; I/O  ;                   ;
; Pass         ; IO_000009 ; I/O Properties Checks for One I/O ; The location should support the requested I/O standard.                                              ; Critical ; 0 such failures found.                                                   ; I/O  ;                   ;
; Pass         ; IO_000010 ; I/O Properties Checks for One I/O ; The location should support the requested I/O direction.                                             ; Critical ; 0 such failures found.                                                   ; I/O  ;                   ;
; Pass         ; IO_000011 ; I/O Properties Checks for One I/O ; The location should support the requested Current Strength.                                          ; Critical ; 0 such failures found.                                                   ; I/O  ;                   ;
; Inapplicable ; IO_000012 ; I/O Properties Checks for One I/O ; The location should support the requested On Chip Termination value.                                 ; Critical ; No Termination assignments found.                                        ; I/O  ;                   ;
; Inapplicable ; IO_000013 ; I/O Properties Checks for One I/O ; The location should support the requested Bus Hold value.                                            ; Critical ; No Enable Bus-Hold Circuitry assignments found.                          ; I/O  ;                   ;
; Inapplicable ; IO_000014 ; I/O Properties Checks for One I/O ; The location should support the requested Weak Pull Up value.                                        ; Critical ; No Weak Pull-Up Resistor assignments found.                              ; I/O  ;                   ;
; Pass         ; IO_000015 ; I/O Properties Checks for One I/O ; The location should support the requested PCI Clamp Diode.                                           ; Critical ; 0 such failures found.                                                   ; I/O  ;                   ;
; Pass         ; IO_000018 ; I/O Properties Checks for One I/O ; The I/O standard should support the requested Current Strength.                                      ; Critical ; 0 such failures found.                                                   ; I/O  ;                   ;
; Inapplicable ; IO_000019 ; I/O Properties Checks for One I/O ; The I/O standard should support the requested On Chip Termination value.                             ; Critical ; No Termination assignments found.                                        ; I/O  ;                   ;
; Pass         ; IO_000020 ; I/O Properties Checks for One I/O ; The I/O standard should support the requested PCI Clamp Diode.                                       ; Critical ; 0 such failures found.                                                   ; I/O  ;                   ;
; Inapplicable ; IO_000021 ; I/O Properties Checks for One I/O ; The I/O standard should support the requested Weak Pull Up value.                                    ; Critical ; No Weak Pull-Up Resistor assignments found.                              ; I/O  ;                   ;
; Inapplicable ; IO_000022 ; I/O Properties Checks for One I/O ; The I/O standard should support the requested Bus Hold value.                                        ; Critical ; No Enable Bus-Hold Circuitry assignments found.                          ; I/O  ;                   ;
; Inapplicable ; IO_000023 ; I/O Properties Checks for One I/O ; The I/O standard should support the Open Drain value.                                                ; Critical ; No open drain assignments found.                                         ; I/O  ;                   ;
; Inapplicable ; IO_000024 ; I/O Properties Checks for One I/O ; The I/O direction should support the On Chip Termination value.                                      ; Critical ; No Termination assignments found.                                        ; I/O  ;                   ;
; Inapplicable ; IO_000026 ; I/O Properties Checks for One I/O ; On Chip Termination and Current Strength should not be used at the same time.                        ; Critical ; No Termination assignments found.                                        ; I/O  ;                   ;
; Inapplicable ; IO_000027 ; I/O Properties Checks for One I/O ; Weak Pull Up and Bus Hold should not be used at the same time.                                       ; Critical ; No Enable Bus-Hold Circuitry or Weak Pull-Up Resistor assignments found. ; I/O  ;                   ;
; Inapplicable ; IO_000045 ; I/O Properties Checks for One I/O ; The I/O standard should support the requested Slew Rate value.                                       ; Critical ; No Slew Rate assignments found.                                          ; I/O  ;                   ;
; Inapplicable ; IO_000046 ; I/O Properties Checks for One I/O ; The location should support the requested Slew Rate value.                                           ; Critical ; No Slew Rate assignments found.                                          ; I/O  ;                   ;
; Inapplicable ; IO_000047 ; I/O Properties Checks for One I/O ; On Chip Termination and Slew Rate should not be used at the same time.                               ; Critical ; No Slew Rate assignments found.                                          ; I/O  ;                   ;
; Pass         ; IO_000033 ; Electromigration Checks           ; Current density for consecutive I/Os should not exceed 160mA for row I/Os and 160mA for column I/Os. ; Critical ; 0 such failures found.                                                   ; I/O  ;                   ;
; Inapplicable ; IO_000034 ; SI Related Distance Checks        ; Single-ended outputs should be 5 LAB row(s) away from a differential I/O.                            ; High     ; No Differential I/O Standard assignments found.                          ; I/O  ;                   ;
; Inapplicable ; IO_000042 ; SI Related SSO Limit Checks       ; No more than 20 outputs are allowed in a VREF group when VREF is being read from.                    ; High     ; No VREF I/O Standard assignments found.                                  ; I/O  ;                   ;
+--------------+-----------+-----------------------------------+------------------------------------------------------------------------------------------------------+----------+--------------------------------------------------------------------------+------+-------------------+


+-----------------------------------------------------------------------------------------------------------------------------------------------------------------------------------------------------------------------------------------------------------------------------------------------------------------------------------------------------------------------------------------------------------------------------------------------------------------+
; I/O Rules Matrix                                                                                                                                                                                                                                                                                                                                                                                                                                                ;
+--------------------+-----------+--------------+-----------+--------------+--------------+-----------+-----------+--------------+-----------+-----------+--------------+--------------+--------------+--------------+--------------+--------------+--------------+--------------+--------------+--------------+--------------+--------------+--------------+--------------+--------------+--------------+--------------+-----------+--------------+--------------+
; Pin/Rules          ; IO_000001 ; IO_000002    ; IO_000003 ; IO_000004    ; IO_000005    ; IO_000006 ; IO_000007 ; IO_000008    ; IO_000009 ; IO_000010 ; IO_000011    ; IO_000012    ; IO_000013    ; IO_000014    ; IO_000015    ; IO_000018    ; IO_000019    ; IO_000020    ; IO_000021    ; IO_000022    ; IO_000023    ; IO_000024    ; IO_000026    ; IO_000027    ; IO_000045    ; IO_000046    ; IO_000047    ; IO_000033 ; IO_000034    ; IO_000042    ;
+--------------------+-----------+--------------+-----------+--------------+--------------+-----------+-----------+--------------+-----------+-----------+--------------+--------------+--------------+--------------+--------------+--------------+--------------+--------------+--------------+--------------+--------------+--------------+--------------+--------------+--------------+--------------+--------------+-----------+--------------+--------------+
; Total Pass         ; 59        ; 37           ; 59        ; 0            ; 0            ; 59        ; 59        ; 0            ; 59        ; 59        ; 51           ; 0            ; 0            ; 0            ; 24           ; 51           ; 0            ; 24           ; 0            ; 0            ; 0            ; 0            ; 0            ; 0            ; 0            ; 0            ; 0            ; 59        ; 0            ; 0            ;
; Total Unchecked    ; 0         ; 0            ; 0         ; 0            ; 0            ; 0         ; 0         ; 0            ; 0         ; 0         ; 0            ; 0            ; 0            ; 0            ; 0            ; 0            ; 0            ; 0            ; 0            ; 0            ; 0            ; 0            ; 0            ; 0            ; 0            ; 0            ; 0            ; 0         ; 0            ; 0            ;
; Total Inapplicable ; 0         ; 22           ; 0         ; 59           ; 59           ; 0         ; 0         ; 59           ; 0         ; 0         ; 8            ; 59           ; 59           ; 59           ; 35           ; 8            ; 59           ; 35           ; 59           ; 59           ; 59           ; 59           ; 59           ; 59           ; 59           ; 59           ; 59           ; 0         ; 59           ; 59           ;
; Total Fail         ; 0         ; 0            ; 0         ; 0            ; 0            ; 0         ; 0         ; 0            ; 0         ; 0         ; 0            ; 0            ; 0            ; 0            ; 0            ; 0            ; 0            ; 0            ; 0            ; 0            ; 0            ; 0            ; 0            ; 0            ; 0            ; 0            ; 0            ; 0         ; 0            ; 0            ;
; nTRST_i            ; Pass      ; Inapplicable ; Pass      ; Inapplicable ; Inapplicable ; Pass      ; Pass      ; Inapplicable ; Pass      ; Pass      ; Inapplicable ; Inapplicable ; Inapplicable ; Inapplicable ; Pass         ; Inapplicable ; Inapplicable ; Pass         ; Inapplicable ; Inapplicable ; Inapplicable ; Inapplicable ; Inapplicable ; Inapplicable ; Inapplicable ; Inapplicable ; Inapplicable ; Pass      ; Inapplicable ; Inapplicable ;
; TDO_o              ; Pass      ; Inapplicable ; Pass      ; Inapplicable ; Inapplicable ; Pass      ; Pass      ; Inapplicable ; Pass      ; Pass      ; Pass         ; Inapplicable ; Inapplicable ; Inapplicable ; Inapplicable ; Pass         ; Inapplicable ; Inapplicable ; Inapplicable ; Inapplicable ; Inapplicable ; Inapplicable ; Inapplicable ; Inapplicable ; Inapplicable ; Inapplicable ; Inapplicable ; Pass      ; Inapplicable ; Inapplicable ;
; SDRAM_CLK          ; Pass      ; Inapplicable ; Pass      ; Inapplicable ; Inapplicable ; Pass      ; Pass      ; Inapplicable ; Pass      ; Pass      ; Pass         ; Inapplicable ; Inapplicable ; Inapplicable ; Inapplicable ; Pass         ; Inapplicable ; Inapplicable ; Inapplicable ; Inapplicable ; Inapplicable ; Inapplicable ; Inapplicable ; Inapplicable ; Inapplicable ; Inapplicable ; Inapplicable ; Pass      ; Inapplicable ; Inapplicable ;
; SDRAM_CKE          ; Pass      ; Inapplicable ; Pass      ; Inapplicable ; Inapplicable ; Pass      ; Pass      ; Inapplicable ; Pass      ; Pass      ; Pass         ; Inapplicable ; Inapplicable ; Inapplicable ; Inapplicable ; Pass         ; Inapplicable ; Inapplicable ; Inapplicable ; Inapplicable ; Inapplicable ; Inapplicable ; Inapplicable ; Inapplicable ; Inapplicable ; Inapplicable ; Inapplicable ; Pass      ; Inapplicable ; Inapplicable ;
; SDRAM_CS_N         ; Pass      ; Pass         ; Pass      ; Inapplicable ; Inapplicable ; Pass      ; Pass      ; Inapplicable ; Pass      ; Pass      ; Pass         ; Inapplicable ; Inapplicable ; Inapplicable ; Inapplicable ; Pass         ; Inapplicable ; Inapplicable ; Inapplicable ; Inapplicable ; Inapplicable ; Inapplicable ; Inapplicable ; Inapplicable ; Inapplicable ; Inapplicable ; Inapplicable ; Pass      ; Inapplicable ; Inapplicable ;
; SDRAM_RAS_N        ; Pass      ; Pass         ; Pass      ; Inapplicable ; Inapplicable ; Pass      ; Pass      ; Inapplicable ; Pass      ; Pass      ; Pass         ; Inapplicable ; Inapplicable ; Inapplicable ; Inapplicable ; Pass         ; Inapplicable ; Inapplicable ; Inapplicable ; Inapplicable ; Inapplicable ; Inapplicable ; Inapplicable ; Inapplicable ; Inapplicable ; Inapplicable ; Inapplicable ; Pass      ; Inapplicable ; Inapplicable ;
; SDRAM_CAS_N        ; Pass      ; Pass         ; Pass      ; Inapplicable ; Inapplicable ; Pass      ; Pass      ; Inapplicable ; Pass      ; Pass      ; Pass         ; Inapplicable ; Inapplicable ; Inapplicable ; Inapplicable ; Pass         ; Inapplicable ; Inapplicable ; Inapplicable ; Inapplicable ; Inapplicable ; Inapplicable ; Inapplicable ; Inapplicable ; Inapplicable ; Inapplicable ; Inapplicable ; Pass      ; Inapplicable ; Inapplicable ;
; SDRAM_WE_N         ; Pass      ; Pass         ; Pass      ; Inapplicable ; Inapplicable ; Pass      ; Pass      ; Inapplicable ; Pass      ; Pass      ; Pass         ; Inapplicable ; Inapplicable ; Inapplicable ; Inapplicable ; Pass         ; Inapplicable ; Inapplicable ; Inapplicable ; Inapplicable ; Inapplicable ; Inapplicable ; Inapplicable ; Inapplicable ; Inapplicable ; Inapplicable ; Inapplicable ; Pass      ; Inapplicable ; Inapplicable ;
; SDRAM_DQML         ; Pass      ; Pass         ; Pass      ; Inapplicable ; Inapplicable ; Pass      ; Pass      ; Inapplicable ; Pass      ; Pass      ; Pass         ; Inapplicable ; Inapplicable ; Inapplicable ; Inapplicable ; Pass         ; Inapplicable ; Inapplicable ; Inapplicable ; Inapplicable ; Inapplicable ; Inapplicable ; Inapplicable ; Inapplicable ; Inapplicable ; Inapplicable ; Inapplicable ; Pass      ; Inapplicable ; Inapplicable ;
; SDRAM_DQMU         ; Pass      ; Pass         ; Pass      ; Inapplicable ; Inapplicable ; Pass      ; Pass      ; Inapplicable ; Pass      ; Pass      ; Pass         ; Inapplicable ; Inapplicable ; Inapplicable ; Inapplicable ; Pass         ; Inapplicable ; Inapplicable ; Inapplicable ; Inapplicable ; Inapplicable ; Inapplicable ; Inapplicable ; Inapplicable ; Inapplicable ; Inapplicable ; Inapplicable ; Pass      ; Inapplicable ; Inapplicable ;
; SDRAM_ADDR[0]      ; Pass      ; Pass         ; Pass      ; Inapplicable ; Inapplicable ; Pass      ; Pass      ; Inapplicable ; Pass      ; Pass      ; Pass         ; Inapplicable ; Inapplicable ; Inapplicable ; Inapplicable ; Pass         ; Inapplicable ; Inapplicable ; Inapplicable ; Inapplicable ; Inapplicable ; Inapplicable ; Inapplicable ; Inapplicable ; Inapplicable ; Inapplicable ; Inapplicable ; Pass      ; Inapplicable ; Inapplicable ;
; SDRAM_ADDR[1]      ; Pass      ; Pass         ; Pass      ; Inapplicable ; Inapplicable ; Pass      ; Pass      ; Inapplicable ; Pass      ; Pass      ; Pass         ; Inapplicable ; Inapplicable ; Inapplicable ; Inapplicable ; Pass         ; Inapplicable ; Inapplicable ; Inapplicable ; Inapplicable ; Inapplicable ; Inapplicable ; Inapplicable ; Inapplicable ; Inapplicable ; Inapplicable ; Inapplicable ; Pass      ; Inapplicable ; Inapplicable ;
; SDRAM_ADDR[2]      ; Pass      ; Pass         ; Pass      ; Inapplicable ; Inapplicable ; Pass      ; Pass      ; Inapplicable ; Pass      ; Pass      ; Pass         ; Inapplicable ; Inapplicable ; Inapplicable ; Inapplicable ; Pass         ; Inapplicable ; Inapplicable ; Inapplicable ; Inapplicable ; Inapplicable ; Inapplicable ; Inapplicable ; Inapplicable ; Inapplicable ; Inapplicable ; Inapplicable ; Pass      ; Inapplicable ; Inapplicable ;
; SDRAM_ADDR[3]      ; Pass      ; Pass         ; Pass      ; Inapplicable ; Inapplicable ; Pass      ; Pass      ; Inapplicable ; Pass      ; Pass      ; Pass         ; Inapplicable ; Inapplicable ; Inapplicable ; Inapplicable ; Pass         ; Inapplicable ; Inapplicable ; Inapplicable ; Inapplicable ; Inapplicable ; Inapplicable ; Inapplicable ; Inapplicable ; Inapplicable ; Inapplicable ; Inapplicable ; Pass      ; Inapplicable ; Inapplicable ;
; SDRAM_ADDR[4]      ; Pass      ; Pass         ; Pass      ; Inapplicable ; Inapplicable ; Pass      ; Pass      ; Inapplicable ; Pass      ; Pass      ; Pass         ; Inapplicable ; Inapplicable ; Inapplicable ; Inapplicable ; Pass         ; Inapplicable ; Inapplicable ; Inapplicable ; Inapplicable ; Inapplicable ; Inapplicable ; Inapplicable ; Inapplicable ; Inapplicable ; Inapplicable ; Inapplicable ; Pass      ; Inapplicable ; Inapplicable ;
; SDRAM_ADDR[5]      ; Pass      ; Pass         ; Pass      ; Inapplicable ; Inapplicable ; Pass      ; Pass      ; Inapplicable ; Pass      ; Pass      ; Pass         ; Inapplicable ; Inapplicable ; Inapplicable ; Inapplicable ; Pass         ; Inapplicable ; Inapplicable ; Inapplicable ; Inapplicable ; Inapplicable ; Inapplicable ; Inapplicable ; Inapplicable ; Inapplicable ; Inapplicable ; Inapplicable ; Pass      ; Inapplicable ; Inapplicable ;
; SDRAM_ADDR[6]      ; Pass      ; Pass         ; Pass      ; Inapplicable ; Inapplicable ; Pass      ; Pass      ; Inapplicable ; Pass      ; Pass      ; Pass         ; Inapplicable ; Inapplicable ; Inapplicable ; Inapplicable ; Pass         ; Inapplicable ; Inapplicable ; Inapplicable ; Inapplicable ; Inapplicable ; Inapplicable ; Inapplicable ; Inapplicable ; Inapplicable ; Inapplicable ; Inapplicable ; Pass      ; Inapplicable ; Inapplicable ;
; SDRAM_ADDR[7]      ; Pass      ; Pass         ; Pass      ; Inapplicable ; Inapplicable ; Pass      ; Pass      ; Inapplicable ; Pass      ; Pass      ; Pass         ; Inapplicable ; Inapplicable ; Inapplicable ; Inapplicable ; Pass         ; Inapplicable ; Inapplicable ; Inapplicable ; Inapplicable ; Inapplicable ; Inapplicable ; Inapplicable ; Inapplicable ; Inapplicable ; Inapplicable ; Inapplicable ; Pass      ; Inapplicable ; Inapplicable ;
; SDRAM_ADDR[8]      ; Pass      ; Pass         ; Pass      ; Inapplicable ; Inapplicable ; Pass      ; Pass      ; Inapplicable ; Pass      ; Pass      ; Pass         ; Inapplicable ; Inapplicable ; Inapplicable ; Inapplicable ; Pass         ; Inapplicable ; Inapplicable ; Inapplicable ; Inapplicable ; Inapplicable ; Inapplicable ; Inapplicable ; Inapplicable ; Inapplicable ; Inapplicable ; Inapplicable ; Pass      ; Inapplicable ; Inapplicable ;
; SDRAM_ADDR[9]      ; Pass      ; Pass         ; Pass      ; Inapplicable ; Inapplicable ; Pass      ; Pass      ; Inapplicable ; Pass      ; Pass      ; Pass         ; Inapplicable ; Inapplicable ; Inapplicable ; Inapplicable ; Pass         ; Inapplicable ; Inapplicable ; Inapplicable ; Inapplicable ; Inapplicable ; Inapplicable ; Inapplicable ; Inapplicable ; Inapplicable ; Inapplicable ; Inapplicable ; Pass      ; Inapplicable ; Inapplicable ;
; SDRAM_ADDR[10]     ; Pass      ; Pass         ; Pass      ; Inapplicable ; Inapplicable ; Pass      ; Pass      ; Inapplicable ; Pass      ; Pass      ; Pass         ; Inapplicable ; Inapplicable ; Inapplicable ; Inapplicable ; Pass         ; Inapplicable ; Inapplicable ; Inapplicable ; Inapplicable ; Inapplicable ; Inapplicable ; Inapplicable ; Inapplicable ; Inapplicable ; Inapplicable ; Inapplicable ; Pass      ; Inapplicable ; Inapplicable ;
; SDRAM_ADDR[11]     ; Pass      ; Pass         ; Pass      ; Inapplicable ; Inapplicable ; Pass      ; Pass      ; Inapplicable ; Pass      ; Pass      ; Pass         ; Inapplicable ; Inapplicable ; Inapplicable ; Inapplicable ; Pass         ; Inapplicable ; Inapplicable ; Inapplicable ; Inapplicable ; Inapplicable ; Inapplicable ; Inapplicable ; Inapplicable ; Inapplicable ; Inapplicable ; Inapplicable ; Pass      ; Inapplicable ; Inapplicable ;
; SDRAM_ADDR[12]     ; Pass      ; Pass         ; Pass      ; Inapplicable ; Inapplicable ; Pass      ; Pass      ; Inapplicable ; Pass      ; Pass      ; Pass         ; Inapplicable ; Inapplicable ; Inapplicable ; Inapplicable ; Pass         ; Inapplicable ; Inapplicable ; Inapplicable ; Inapplicable ; Inapplicable ; Inapplicable ; Inapplicable ; Inapplicable ; Inapplicable ; Inapplicable ; Inapplicable ; Pass      ; Inapplicable ; Inapplicable ;
; SDRAM_BA_0         ; Pass      ; Pass         ; Pass      ; Inapplicable ; Inapplicable ; Pass      ; Pass      ; Inapplicable ; Pass      ; Pass      ; Pass         ; Inapplicable ; Inapplicable ; Inapplicable ; Inapplicable ; Pass         ; Inapplicable ; Inapplicable ; Inapplicable ; Inapplicable ; Inapplicable ; Inapplicable ; Inapplicable ; Inapplicable ; Inapplicable ; Inapplicable ; Inapplicable ; Pass      ; Inapplicable ; Inapplicable ;
; SDRAM_BA_1         ; Pass      ; Pass         ; Pass      ; Inapplicable ; Inapplicable ; Pass      ; Pass      ; Inapplicable ; Pass      ; Pass      ; Pass         ; Inapplicable ; Inapplicable ; Inapplicable ; Inapplicable ; Pass         ; Inapplicable ; Inapplicable ; Inapplicable ; Inapplicable ; Inapplicable ; Inapplicable ; Inapplicable ; Inapplicable ; Inapplicable ; Inapplicable ; Inapplicable ; Pass      ; Inapplicable ; Inapplicable ;
; LED[0]             ; Pass      ; Inapplicable ; Pass      ; Inapplicable ; Inapplicable ; Pass      ; Pass      ; Inapplicable ; Pass      ; Pass      ; Pass         ; Inapplicable ; Inapplicable ; Inapplicable ; Inapplicable ; Pass         ; Inapplicable ; Inapplicable ; Inapplicable ; Inapplicable ; Inapplicable ; Inapplicable ; Inapplicable ; Inapplicable ; Inapplicable ; Inapplicable ; Inapplicable ; Pass      ; Inapplicable ; Inapplicable ;
; LED[1]             ; Pass      ; Inapplicable ; Pass      ; Inapplicable ; Inapplicable ; Pass      ; Pass      ; Inapplicable ; Pass      ; Pass      ; Pass         ; Inapplicable ; Inapplicable ; Inapplicable ; Inapplicable ; Pass         ; Inapplicable ; Inapplicable ; Inapplicable ; Inapplicable ; Inapplicable ; Inapplicable ; Inapplicable ; Inapplicable ; Inapplicable ; Inapplicable ; Inapplicable ; Pass      ; Inapplicable ; Inapplicable ;
; LED[2]             ; Pass      ; Inapplicable ; Pass      ; Inapplicable ; Inapplicable ; Pass      ; Pass      ; Inapplicable ; Pass      ; Pass      ; Pass         ; Inapplicable ; Inapplicable ; Inapplicable ; Inapplicable ; Pass         ; Inapplicable ; Inapplicable ; Inapplicable ; Inapplicable ; Inapplicable ; Inapplicable ; Inapplicable ; Inapplicable ; Inapplicable ; Inapplicable ; Inapplicable ; Pass      ; Inapplicable ; Inapplicable ;
; LED[3]             ; Pass      ; Inapplicable ; Pass      ; Inapplicable ; Inapplicable ; Pass      ; Pass      ; Inapplicable ; Pass      ; Pass      ; Pass         ; Inapplicable ; Inapplicable ; Inapplicable ; Inapplicable ; Pass         ; Inapplicable ; Inapplicable ; Inapplicable ; Inapplicable ; Inapplicable ; Inapplicable ; Inapplicable ; Inapplicable ; Inapplicable ; Inapplicable ; Inapplicable ; Pass      ; Inapplicable ; Inapplicable ;
; LED[4]             ; Pass      ; Inapplicable ; Pass      ; Inapplicable ; Inapplicable ; Pass      ; Pass      ; Inapplicable ; Pass      ; Pass      ; Pass         ; Inapplicable ; Inapplicable ; Inapplicable ; Inapplicable ; Pass         ; Inapplicable ; Inapplicable ; Inapplicable ; Inapplicable ; Inapplicable ; Inapplicable ; Inapplicable ; Inapplicable ; Inapplicable ; Inapplicable ; Inapplicable ; Pass      ; Inapplicable ; Inapplicable ;
; LED[5]             ; Pass      ; Inapplicable ; Pass      ; Inapplicable ; Inapplicable ; Pass      ; Pass      ; Inapplicable ; Pass      ; Pass      ; Pass         ; Inapplicable ; Inapplicable ; Inapplicable ; Inapplicable ; Pass         ; Inapplicable ; Inapplicable ; Inapplicable ; Inapplicable ; Inapplicable ; Inapplicable ; Inapplicable ; Inapplicable ; Inapplicable ; Inapplicable ; Inapplicable ; Pass      ; Inapplicable ; Inapplicable ;
; LED[6]             ; Pass      ; Inapplicable ; Pass      ; Inapplicable ; Inapplicable ; Pass      ; Pass      ; Inapplicable ; Pass      ; Pass      ; Pass         ; Inapplicable ; Inapplicable ; Inapplicable ; Inapplicable ; Pass         ; Inapplicable ; Inapplicable ; Inapplicable ; Inapplicable ; Inapplicable ; Inapplicable ; Inapplicable ; Inapplicable ; Inapplicable ; Inapplicable ; Inapplicable ; Pass      ; Inapplicable ; Inapplicable ;
; LED[7]             ; Pass      ; Inapplicable ; Pass      ; Inapplicable ; Inapplicable ; Pass      ; Pass      ; Inapplicable ; Pass      ; Pass      ; Pass         ; Inapplicable ; Inapplicable ; Inapplicable ; Inapplicable ; Pass         ; Inapplicable ; Inapplicable ; Inapplicable ; Inapplicable ; Inapplicable ; Inapplicable ; Inapplicable ; Inapplicable ; Inapplicable ; Inapplicable ; Inapplicable ; Pass      ; Inapplicable ; Inapplicable ;
; LED[8]             ; Pass      ; Inapplicable ; Pass      ; Inapplicable ; Inapplicable ; Pass      ; Pass      ; Inapplicable ; Pass      ; Pass      ; Pass         ; Inapplicable ; Inapplicable ; Inapplicable ; Inapplicable ; Pass         ; Inapplicable ; Inapplicable ; Inapplicable ; Inapplicable ; Inapplicable ; Inapplicable ; Inapplicable ; Inapplicable ; Inapplicable ; Inapplicable ; Inapplicable ; Pass      ; Inapplicable ; Inapplicable ;
; LED[9]             ; Pass      ; Inapplicable ; Pass      ; Inapplicable ; Inapplicable ; Pass      ; Pass      ; Inapplicable ; Pass      ; Pass      ; Pass         ; Inapplicable ; Inapplicable ; Inapplicable ; Inapplicable ; Pass         ; Inapplicable ; Inapplicable ; Inapplicable ; Inapplicable ; Inapplicable ; Inapplicable ; Inapplicable ; Inapplicable ; Inapplicable ; Inapplicable ; Inapplicable ; Pass      ; Inapplicable ; Inapplicable ;
; UART0_TXD          ; Pass      ; Inapplicable ; Pass      ; Inapplicable ; Inapplicable ; Pass      ; Pass      ; Inapplicable ; Pass      ; Pass      ; Pass         ; Inapplicable ; Inapplicable ; Inapplicable ; Inapplicable ; Pass         ; Inapplicable ; Inapplicable ; Inapplicable ; Inapplicable ; Inapplicable ; Inapplicable ; Inapplicable ; Inapplicable ; Inapplicable ; Inapplicable ; Inapplicable ; Pass      ; Inapplicable ; Inapplicable ;
; SDRAM_DQ[0]        ; Pass      ; Pass         ; Pass      ; Inapplicable ; Inapplicable ; Pass      ; Pass      ; Inapplicable ; Pass      ; Pass      ; Pass         ; Inapplicable ; Inapplicable ; Inapplicable ; Pass         ; Pass         ; Inapplicable ; Pass         ; Inapplicable ; Inapplicable ; Inapplicable ; Inapplicable ; Inapplicable ; Inapplicable ; Inapplicable ; Inapplicable ; Inapplicable ; Pass      ; Inapplicable ; Inapplicable ;
; SDRAM_DQ[1]        ; Pass      ; Pass         ; Pass      ; Inapplicable ; Inapplicable ; Pass      ; Pass      ; Inapplicable ; Pass      ; Pass      ; Pass         ; Inapplicable ; Inapplicable ; Inapplicable ; Pass         ; Pass         ; Inapplicable ; Pass         ; Inapplicable ; Inapplicable ; Inapplicable ; Inapplicable ; Inapplicable ; Inapplicable ; Inapplicable ; Inapplicable ; Inapplicable ; Pass      ; Inapplicable ; Inapplicable ;
; SDRAM_DQ[2]        ; Pass      ; Pass         ; Pass      ; Inapplicable ; Inapplicable ; Pass      ; Pass      ; Inapplicable ; Pass      ; Pass      ; Pass         ; Inapplicable ; Inapplicable ; Inapplicable ; Pass         ; Pass         ; Inapplicable ; Pass         ; Inapplicable ; Inapplicable ; Inapplicable ; Inapplicable ; Inapplicable ; Inapplicable ; Inapplicable ; Inapplicable ; Inapplicable ; Pass      ; Inapplicable ; Inapplicable ;
; SDRAM_DQ[3]        ; Pass      ; Pass         ; Pass      ; Inapplicable ; Inapplicable ; Pass      ; Pass      ; Inapplicable ; Pass      ; Pass      ; Pass         ; Inapplicable ; Inapplicable ; Inapplicable ; Pass         ; Pass         ; Inapplicable ; Pass         ; Inapplicable ; Inapplicable ; Inapplicable ; Inapplicable ; Inapplicable ; Inapplicable ; Inapplicable ; Inapplicable ; Inapplicable ; Pass      ; Inapplicable ; Inapplicable ;
; SDRAM_DQ[4]        ; Pass      ; Pass         ; Pass      ; Inapplicable ; Inapplicable ; Pass      ; Pass      ; Inapplicable ; Pass      ; Pass      ; Pass         ; Inapplicable ; Inapplicable ; Inapplicable ; Pass         ; Pass         ; Inapplicable ; Pass         ; Inapplicable ; Inapplicable ; Inapplicable ; Inapplicable ; Inapplicable ; Inapplicable ; Inapplicable ; Inapplicable ; Inapplicable ; Pass      ; Inapplicable ; Inapplicable ;
; SDRAM_DQ[5]        ; Pass      ; Pass         ; Pass      ; Inapplicable ; Inapplicable ; Pass      ; Pass      ; Inapplicable ; Pass      ; Pass      ; Pass         ; Inapplicable ; Inapplicable ; Inapplicable ; Pass         ; Pass         ; Inapplicable ; Pass         ; Inapplicable ; Inapplicable ; Inapplicable ; Inapplicable ; Inapplicable ; Inapplicable ; Inapplicable ; Inapplicable ; Inapplicable ; Pass      ; Inapplicable ; Inapplicable ;
; SDRAM_DQ[6]        ; Pass      ; Pass         ; Pass      ; Inapplicable ; Inapplicable ; Pass      ; Pass      ; Inapplicable ; Pass      ; Pass      ; Pass         ; Inapplicable ; Inapplicable ; Inapplicable ; Pass         ; Pass         ; Inapplicable ; Pass         ; Inapplicable ; Inapplicable ; Inapplicable ; Inapplicable ; Inapplicable ; Inapplicable ; Inapplicable ; Inapplicable ; Inapplicable ; Pass      ; Inapplicable ; Inapplicable ;
; SDRAM_DQ[7]        ; Pass      ; Pass         ; Pass      ; Inapplicable ; Inapplicable ; Pass      ; Pass      ; Inapplicable ; Pass      ; Pass      ; Pass         ; Inapplicable ; Inapplicable ; Inapplicable ; Pass         ; Pass         ; Inapplicable ; Pass         ; Inapplicable ; Inapplicable ; Inapplicable ; Inapplicable ; Inapplicable ; Inapplicable ; Inapplicable ; Inapplicable ; Inapplicable ; Pass      ; Inapplicable ; Inapplicable ;
; SDRAM_DQ[8]        ; Pass      ; Pass         ; Pass      ; Inapplicable ; Inapplicable ; Pass      ; Pass      ; Inapplicable ; Pass      ; Pass      ; Pass         ; Inapplicable ; Inapplicable ; Inapplicable ; Pass         ; Pass         ; Inapplicable ; Pass         ; Inapplicable ; Inapplicable ; Inapplicable ; Inapplicable ; Inapplicable ; Inapplicable ; Inapplicable ; Inapplicable ; Inapplicable ; Pass      ; Inapplicable ; Inapplicable ;
; SDRAM_DQ[9]        ; Pass      ; Pass         ; Pass      ; Inapplicable ; Inapplicable ; Pass      ; Pass      ; Inapplicable ; Pass      ; Pass      ; Pass         ; Inapplicable ; Inapplicable ; Inapplicable ; Pass         ; Pass         ; Inapplicable ; Pass         ; Inapplicable ; Inapplicable ; Inapplicable ; Inapplicable ; Inapplicable ; Inapplicable ; Inapplicable ; Inapplicable ; Inapplicable ; Pass      ; Inapplicable ; Inapplicable ;
; SDRAM_DQ[10]       ; Pass      ; Pass         ; Pass      ; Inapplicable ; Inapplicable ; Pass      ; Pass      ; Inapplicable ; Pass      ; Pass      ; Pass         ; Inapplicable ; Inapplicable ; Inapplicable ; Pass         ; Pass         ; Inapplicable ; Pass         ; Inapplicable ; Inapplicable ; Inapplicable ; Inapplicable ; Inapplicable ; Inapplicable ; Inapplicable ; Inapplicable ; Inapplicable ; Pass      ; Inapplicable ; Inapplicable ;
; SDRAM_DQ[11]       ; Pass      ; Pass         ; Pass      ; Inapplicable ; Inapplicable ; Pass      ; Pass      ; Inapplicable ; Pass      ; Pass      ; Pass         ; Inapplicable ; Inapplicable ; Inapplicable ; Pass         ; Pass         ; Inapplicable ; Pass         ; Inapplicable ; Inapplicable ; Inapplicable ; Inapplicable ; Inapplicable ; Inapplicable ; Inapplicable ; Inapplicable ; Inapplicable ; Pass      ; Inapplicable ; Inapplicable ;
; SDRAM_DQ[12]       ; Pass      ; Pass         ; Pass      ; Inapplicable ; Inapplicable ; Pass      ; Pass      ; Inapplicable ; Pass      ; Pass      ; Pass         ; Inapplicable ; Inapplicable ; Inapplicable ; Pass         ; Pass         ; Inapplicable ; Pass         ; Inapplicable ; Inapplicable ; Inapplicable ; Inapplicable ; Inapplicable ; Inapplicable ; Inapplicable ; Inapplicable ; Inapplicable ; Pass      ; Inapplicable ; Inapplicable ;
; SDRAM_DQ[13]       ; Pass      ; Pass         ; Pass      ; Inapplicable ; Inapplicable ; Pass      ; Pass      ; Inapplicable ; Pass      ; Pass      ; Pass         ; Inapplicable ; Inapplicable ; Inapplicable ; Pass         ; Pass         ; Inapplicable ; Pass         ; Inapplicable ; Inapplicable ; Inapplicable ; Inapplicable ; Inapplicable ; Inapplicable ; Inapplicable ; Inapplicable ; Inapplicable ; Pass      ; Inapplicable ; Inapplicable ;
; SDRAM_DQ[14]       ; Pass      ; Pass         ; Pass      ; Inapplicable ; Inapplicable ; Pass      ; Pass      ; Inapplicable ; Pass      ; Pass      ; Pass         ; Inapplicable ; Inapplicable ; Inapplicable ; Pass         ; Pass         ; Inapplicable ; Pass         ; Inapplicable ; Inapplicable ; Inapplicable ; Inapplicable ; Inapplicable ; Inapplicable ; Inapplicable ; Inapplicable ; Inapplicable ; Pass      ; Inapplicable ; Inapplicable ;
; SDRAM_DQ[15]       ; Pass      ; Pass         ; Pass      ; Inapplicable ; Inapplicable ; Pass      ; Pass      ; Inapplicable ; Pass      ; Pass      ; Pass         ; Inapplicable ; Inapplicable ; Inapplicable ; Pass         ; Pass         ; Inapplicable ; Pass         ; Inapplicable ; Inapplicable ; Inapplicable ; Inapplicable ; Inapplicable ; Inapplicable ; Inapplicable ; Inapplicable ; Inapplicable ; Pass      ; Inapplicable ; Inapplicable ;
; MAX10_CLK1_50      ; Pass      ; Inapplicable ; Pass      ; Inapplicable ; Inapplicable ; Pass      ; Pass      ; Inapplicable ; Pass      ; Pass      ; Inapplicable ; Inapplicable ; Inapplicable ; Inapplicable ; Pass         ; Inapplicable ; Inapplicable ; Pass         ; Inapplicable ; Inapplicable ; Inapplicable ; Inapplicable ; Inapplicable ; Inapplicable ; Inapplicable ; Inapplicable ; Inapplicable ; Pass      ; Inapplicable ; Inapplicable ;
; KEY[0]             ; Pass      ; Inapplicable ; Pass      ; Inapplicable ; Inapplicable ; Pass      ; Pass      ; Inapplicable ; Pass      ; Pass      ; Inapplicable ; Inapplicable ; Inapplicable ; Inapplicable ; Pass         ; Inapplicable ; Inapplicable ; Pass         ; Inapplicable ; Inapplicable ; Inapplicable ; Inapplicable ; Inapplicable ; Inapplicable ; Inapplicable ; Inapplicable ; Inapplicable ; Pass      ; Inapplicable ; Inapplicable ;
; KEY[1]             ; Pass      ; Inapplicable ; Pass      ; Inapplicable ; Inapplicable ; Pass      ; Pass      ; Inapplicable ; Pass      ; Pass      ; Inapplicable ; Inapplicable ; Inapplicable ; Inapplicable ; Pass         ; Inapplicable ; Inapplicable ; Pass         ; Inapplicable ; Inapplicable ; Inapplicable ; Inapplicable ; Inapplicable ; Inapplicable ; Inapplicable ; Inapplicable ; Inapplicable ; Pass      ; Inapplicable ; Inapplicable ;
; TCK_i              ; Pass      ; Inapplicable ; Pass      ; Inapplicable ; Inapplicable ; Pass      ; Pass      ; Inapplicable ; Pass      ; Pass      ; Inapplicable ; Inapplicable ; Inapplicable ; Inapplicable ; Pass         ; Inapplicable ; Inapplicable ; Pass         ; Inapplicable ; Inapplicable ; Inapplicable ; Inapplicable ; Inapplicable ; Inapplicable ; Inapplicable ; Inapplicable ; Inapplicable ; Pass      ; Inapplicable ; Inapplicable ;
; TDI_i              ; Pass      ; Inapplicable ; Pass      ; Inapplicable ; Inapplicable ; Pass      ; Pass      ; Inapplicable ; Pass      ; Pass      ; Inapplicable ; Inapplicable ; Inapplicable ; Inapplicable ; Pass         ; Inapplicable ; Inapplicable ; Pass         ; Inapplicable ; Inapplicable ; Inapplicable ; Inapplicable ; Inapplicable ; Inapplicable ; Inapplicable ; Inapplicable ; Inapplicable ; Pass      ; Inapplicable ; Inapplicable ;
; TMS_i              ; Pass      ; Inapplicable ; Pass      ; Inapplicable ; Inapplicable ; Pass      ; Pass      ; Inapplicable ; Pass      ; Pass      ; Inapplicable ; Inapplicable ; Inapplicable ; Inapplicable ; Pass         ; Inapplicable ; Inapplicable ; Pass         ; Inapplicable ; Inapplicable ; Inapplicable ; Inapplicable ; Inapplicable ; Inapplicable ; Inapplicable ; Inapplicable ; Inapplicable ; Pass      ; Inapplicable ; Inapplicable ;
; UART0_RXD          ; Pass      ; Inapplicable ; Pass      ; Inapplicable ; Inapplicable ; Pass      ; Pass      ; Inapplicable ; Pass      ; Pass      ; Inapplicable ; Inapplicable ; Inapplicable ; Inapplicable ; Pass         ; Inapplicable ; Inapplicable ; Pass         ; Inapplicable ; Inapplicable ; Inapplicable ; Inapplicable ; Inapplicable ; Inapplicable ; Inapplicable ; Inapplicable ; Inapplicable ; Pass      ; Inapplicable ; Inapplicable ;
+--------------------+-----------+--------------+-----------+--------------+--------------+-----------+-----------+--------------+-----------+-----------+--------------+--------------+--------------+--------------+--------------+--------------+--------------+--------------+--------------+--------------+--------------+--------------+--------------+--------------+--------------+--------------+--------------+-----------+--------------+--------------+


+-------------------------------------------------------------------------------------------+
; Fitter Device Options                                                                     ;
+------------------------------------------------------------------+------------------------+
; Option                                                           ; Setting                ;
+------------------------------------------------------------------+------------------------+
; Enable user-supplied start-up clock (CLKUSR)                     ; Off                    ;
; Enable device-wide reset (DEV_CLRn)                              ; Off                    ;
; Enable device-wide output enable (DEV_OE)                        ; Off                    ;
; Enable INIT_DONE output                                          ; Off                    ;
; Configuration scheme                                             ; Internal Configuration ;
; Enable Error Detection CRC_ERROR pin                             ; Off                    ;
; Enable open drain on CRC_ERROR pin                               ; Off                    ;
; Enable nCONFIG, nSTATUS, and CONF_DONE pins                      ; On                     ;
; Enable JTAG pin sharing                                          ; Off                    ;
; Enable nCE pin                                                   ; Off                    ;
; Enable CONFIG_SEL pin                                            ; On                     ;
; Enable input tri-state on active configuration pins in user mode ; Off                    ;
; Configuration Voltage Level                                      ; Auto                   ;
; Force Configuration Voltage Level                                ; Off                    ;
; Data[0]                                                          ; Unreserved             ;
; Data[1]/ASDO                                                     ; Unreserved             ;
; FLASH_nCE/nCSO                                                   ; Unreserved             ;
; DCLK                                                             ; Unreserved             ;
+------------------------------------------------------------------+------------------------+


+------------------------------------+
; Operating Settings and Conditions  ;
+---------------------------+--------+
; Setting                   ; Value  ;
+---------------------------+--------+
; Nominal Core Voltage      ; 1.20 V ;
; Low Junction Temperature  ; 0 °C   ;
; High Junction Temperature ; 85 °C  ;
+---------------------------+--------+


+------------------------------------------------------------+
; Estimated Delay Added for Hold Timing Summary              ;
+-----------------+----------------------+-------------------+
; Source Clock(s) ; Destination Clock(s) ; Delay Added in ns ;
+-----------------+----------------------+-------------------+
Note: For more information on problematic transfers, consider running the Fitter again with the Optimize hold timing option (Settings Menu) turned off.
This will disable optimization of problematic paths and expose them for further analysis using the Timing Analyzer.


+--------------------------------------------------------------------------------------------------------------------------------------------------------------------------------------------------------------------------------------------------------------------------------------------------------------------------------------------------------------------------------------------------------+
; Estimated Delay Added for Hold Timing Details                                                                                                                                                                                                                                                                                                                                                          ;
+----------------------------------------------------------------------------------------------------------------------------------------+-------------------------------------------------------------------------------------------------------------------------------------------------------------------------------------------------------------------------------------------+-------------------+
; Source Register                                                                                                                        ; Destination Register                                                                                                                                                                                                                      ; Delay Added in ns ;
+----------------------------------------------------------------------------------------------------------------------------------------+-------------------------------------------------------------------------------------------------------------------------------------------------------------------------------------------------------------------------------------------+-------------------+
; neorv32_top:neorv32_top_inst|neorv32_cpu:\core_complex_gen:0:neorv32_cpu_inst|neorv32_cpu_lsu:neorv32_cpu_lsu_inst|dbus_req_o.data[30] ; neorv32_top:neorv32_top_inst|neorv32_imem:\memory_system:neorv32_imem_enabled:neorv32_imem_inst|neorv32_prim_spram:\imem_ram:imem_ram_gen:3:ram_inst|altsyncram:spram_rtl_0|altsyncram_2ed1:auto_generated|ram_block1a6~porta_datain_reg0 ; 0.064             ;
+----------------------------------------------------------------------------------------------------------------------------------------+-------------------------------------------------------------------------------------------------------------------------------------------------------------------------------------------------------------------------------------------+-------------------+
Note: This table only shows the top 1 path(s) that have the largest delay added for hold.


+-----------------+
; Fitter Messages ;
+-----------------+
Info (20030): Parallel compilation is enabled and will use 10 of the 10 processors detected
Info (119006): Selected device 10M50DAF484C7G for design "de10l-neorv32-sdram-qsys"
Info (21077): Low junction temperature is 0 degrees C
Info (21077): High junction temperature is 85 degrees C
Info (15535): Implemented PLL "pll_sys:inst_pll_sys|altpll:altpll_component|pll_sys_altpll:auto_generated|pll1" as MAX 10 PLL type File: //wsl.localhost/Ubuntu/home/matth/ESC472_FPGACORE/de10-lite/de10l-neorv32-sdram-qsys/hw/db/pll_sys_altpll.v Line: 46
    Info (15099): Implementing clock multiplication of 9, clock division of 5, and phase shift of 0 degrees (0 ps) for pll_sys:inst_pll_sys|altpll:altpll_component|pll_sys_altpll:auto_generated|wire_pll1_clk[0] port File: //wsl.localhost/Ubuntu/home/matth/ESC472_FPGACORE/de10-lite/de10l-neorv32-sdram-qsys/hw/db/pll_sys_altpll.v Line: 46
    Info (15099): Implementing clock multiplication of 9, clock division of 5, and phase shift of -108 degrees (-3333 ps) for pll_sys:inst_pll_sys|altpll:altpll_component|pll_sys_altpll:auto_generated|wire_pll1_clk[1] port File: //wsl.localhost/Ubuntu/home/matth/ESC472_FPGACORE/de10-lite/de10l-neorv32-sdram-qsys/hw/db/pll_sys_altpll.v Line: 46
Info (171003): Fitter is performing an Auto Fit compilation, which may decrease Fitter effort to reduce compilation time
Info (176444): Device migration not selected. If you intend to use device migration later, you may need to change the pin assignments as they may be incompatible with other devices
    Info (176445): Device 10M08DAF484I7G is compatible
    Info (176445): Device 10M08DAF484I7P is compatible
    Info (176445): Device 10M16DAF484A7G is compatible
    Info (176445): Device 10M16DAF484C7G is compatible
    Info (176445): Device 10M16DAF484I7G is compatible
    Info (176445): Device 10M16DAF484I7P is compatible
    Info (176445): Device 10M25DAF484A7G is compatible
    Info (176445): Device 10M25DAF484C7G is compatible
    Info (176445): Device 10M25DAF484I7G is compatible
    Info (176445): Device 10M50DAF484I7G is compatible
    Info (176445): Device 10M50DAF484I7P is compatible
    Info (176445): Device 10M40DAF484C7G is compatible
    Info (176445): Device 10M40DAF484I7G is compatible
Info (169124): Fitter converted 8 user pins into dedicated programming pins
    Info (169125): Pin ~ALTERA_TMS~ is reserved at location H2
    Info (169125): Pin ~ALTERA_TCK~ is reserved at location G2
    Info (169125): Pin ~ALTERA_TDI~ is reserved at location L4
    Info (169125): Pin ~ALTERA_TDO~ is reserved at location M5
    Info (169125): Pin ~ALTERA_CONFIG_SEL~ is reserved at location H10
    Info (169125): Pin ~ALTERA_nCONFIG~ is reserved at location H9
    Info (169125): Pin ~ALTERA_nSTATUS~ is reserved at location G9
    Info (169125): Pin ~ALTERA_CONF_DONE~ is reserved at location F8
Info (169141): DATA[0] dual-purpose pin not reserved
Info (12825): Data[1]/ASDO dual-purpose pin not reserved
Info (12825): nCSO dual-purpose pin not reserved
Info (12825): DCLK dual-purpose pin not reserved
Info (176045): Design uses memory blocks. Violating setup or hold times of memory block address registers for either read or write operations could cause memory contents to be corrupted. Make sure that all memory block address registers meet the setup and hold time requirements.
Info (332104): Reading SDC File: '//wsl.localhost/Ubuntu/home/matth/ESC472_FPGACORE/de10-lite/de10l-neorv32-sdram-qsys/hw/de10l-neorv32-sdram-qsys.sdc'
Info (332110): Deriving PLL clocks
    Info (332110): create_generated_clock -source {inst_pll_sys|altpll_component|auto_generated|pll1|inclk[0]} -divide_by 5 -multiply_by 9 -duty_cycle 50.00 -name {inst_pll_sys|altpll_component|auto_generated|pll1|clk[0]} {inst_pll_sys|altpll_component|auto_generated|pll1|clk[0]}
    Info (332110): create_generated_clock -source {inst_pll_sys|altpll_component|auto_generated|pll1|inclk[0]} -divide_by 5 -multiply_by 9 -phase -108.00 -duty_cycle 50.00 -name {inst_pll_sys|altpll_component|auto_generated|pll1|clk[1]} {inst_pll_sys|altpll_component|auto_generated|pll1|clk[1]}
Info (332151): Clock uncertainty is not calculated until you update the timing netlist.
Info (332154): The derive_clock_uncertainty command did not apply clock uncertainty to any clock-to-clock transfers.
Info (332129): Detected timing requirements -- optimizing circuit to achieve only the specified requirements
Info (332111): Found 3 clocks
    Info (332111):   Period   Clock Name
    Info (332111): ======== ============
    Info (332111):   11.111 inst_pll_sys|altpll_component|auto_generated|pll1|clk[0]
    Info (332111):   11.111 inst_pll_sys|altpll_component|auto_generated|pll1|clk[1]
    Info (332111):   20.000 MAX10_CLK1_50
Info (176353): Automatically promoted node pll_sys:inst_pll_sys|altpll:altpll_component|pll_sys_altpll:auto_generated|wire_pll1_clk[0] (placed in counter C0 of PLL_1) File: //wsl.localhost/Ubuntu/home/matth/ESC472_FPGACORE/de10-lite/de10l-neorv32-sdram-qsys/hw/db/pll_sys_altpll.v Line: 81
    Info (176355): Automatically promoted destinations to use location or clock signal Global Clock CLKCTRL_G18
Info (176353): Automatically promoted node pll_sys:inst_pll_sys|altpll:altpll_component|pll_sys_altpll:auto_generated|wire_pll1_clk[1] (placed in counter C1 of PLL_1) File: //wsl.localhost/Ubuntu/home/matth/ESC472_FPGACORE/de10-lite/de10l-neorv32-sdram-qsys/hw/db/pll_sys_altpll.v Line: 81
    Info (176355): Automatically promoted destinations to use location or clock signal Global Clock CLKCTRL_G19
Info (176353): Automatically promoted node neorv32_top:neorv32_top_inst|neorv32_sys_reset:\soc_generators:neorv32_sys_reset_inst|rstn_sys_o  File: //wsl.localhost/Ubuntu/home/matth/ESC472_FPGACORE/neorv32/rtl/core/neorv32_sys.vhd Line: 27
    Info (176355): Automatically promoted destinations to use location or clock signal Global Clock
Info (176353): Automatically promoted node neorv32_top:neorv32_top_inst|neorv32_sys_reset:\soc_generators:neorv32_sys_reset_inst|rstn_ext_o  File: //wsl.localhost/Ubuntu/home/matth/ESC472_FPGACORE/neorv32/rtl/core/neorv32_sys.vhd Line: 26
    Info (176355): Automatically promoted destinations to use location or clock signal Global Clock
Info (176353): Automatically promoted node reset_s3  File: //wsl.localhost/Ubuntu/home/matth/ESC472_FPGACORE/de10-lite/de10l-neorv32-sdram-qsys/hw/src/top.vhd Line: 536
    Info (176355): Automatically promoted destinations to use location or clock signal Global Clock
    Info (176356): Following destination nodes may be non-global or may not use global or regional clocks
        Info (176357): Destination node qsys_core:inst_qsys|qsys_core_sdram:sdram|active_cs_n~0 File: //wsl.localhost/Ubuntu/home/matth/ESC472_FPGACORE/de10-lite/de10l-neorv32-sdram-qsys/hw/qsys_core/synthesis/submodules/qsys_core_sdram.v Line: 212
        Info (176357): Destination node qsys_core:inst_qsys|qsys_core_sdram:sdram|active_cs_n~1 File: //wsl.localhost/Ubuntu/home/matth/ESC472_FPGACORE/de10-lite/de10l-neorv32-sdram-qsys/hw/qsys_core/synthesis/submodules/qsys_core_sdram.v Line: 212
        Info (176357): Destination node qsys_core:inst_qsys|qsys_core_sdram:sdram|active_rnw~4 File: //wsl.localhost/Ubuntu/home/matth/ESC472_FPGACORE/de10-lite/de10l-neorv32-sdram-qsys/hw/qsys_core/synthesis/submodules/qsys_core_sdram.v Line: 215
        Info (176357): Destination node wb_av_master:inst_wb_av_master|av_byteenable[0]~9 File: //wsl.localhost/Ubuntu/home/matth/ESC472_FPGACORE/de10-lite/de10l-neorv32-sdram-qsys/hw/src/wb_av_master/wb_av_master.vhd Line: 125
        Info (176357): Destination node qsys_core:inst_qsys|qsys_core_sdram:sdram|i_refs[0] File: //wsl.localhost/Ubuntu/home/matth/ESC472_FPGACORE/de10-lite/de10l-neorv32-sdram-qsys/hw/qsys_core/synthesis/submodules/qsys_core_sdram.v Line: 356
        Info (176357): Destination node qsys_core:inst_qsys|qsys_core_sdram:sdram|i_refs[2] File: //wsl.localhost/Ubuntu/home/matth/ESC472_FPGACORE/de10-lite/de10l-neorv32-sdram-qsys/hw/qsys_core/synthesis/submodules/qsys_core_sdram.v Line: 356
        Info (176357): Destination node qsys_core:inst_qsys|qsys_core_sdram:sdram|i_refs[1] File: //wsl.localhost/Ubuntu/home/matth/ESC472_FPGACORE/de10-lite/de10l-neorv32-sdram-qsys/hw/qsys_core/synthesis/submodules/qsys_core_sdram.v Line: 356
        Info (176357): Destination node wb_av_master:inst_wb_av_master|wait_cnt[5]~8 File: //wsl.localhost/Ubuntu/home/matth/ESC472_FPGACORE/de10-lite/de10l-neorv32-sdram-qsys/hw/src/wb_av_master/wb_av_master.vhd Line: 125
        Info (176357): Destination node wb_av_master:inst_wb_av_master|av_readdata[0]~0 File: //wsl.localhost/Ubuntu/home/matth/ESC472_FPGACORE/de10-lite/de10l-neorv32-sdram-qsys/hw/src/wb_av_master/wb_av_master.vhd Line: 125
Info (176353): Automatically promoted node reset~0  File: //wsl.localhost/Ubuntu/home/matth/ESC472_FPGACORE/de10-lite/de10l-neorv32-sdram-qsys/hw/src/top.vhd Line: 460
    Info (176355): Automatically promoted destinations to use location or clock signal Global Clock
Info (176233): Starting register packing
Warning (176250): Ignoring invalid fast I/O register assignments. See the Ignored Assignments panel in the Fitter Compilation Report for more information.
Warning (176251): Ignoring some wildcard destinations of fast I/O register assignments
    Info (176252): Wildcard assignment "Fast Output Enable Register=ON" to "oe" matches multiple destination nodes -- some destinations are not valid targets for this assignment
    Info (176252): Wildcard assignment "Fast Output Register=ON" to "m_data[9]" matches multiple destination nodes -- some destinations are not valid targets for this assignment
    Info (176252): Wildcard assignment "Fast Output Register=ON" to "m_data[8]" matches multiple destination nodes -- some destinations are not valid targets for this assignment
    Info (176252): Wildcard assignment "Fast Output Register=ON" to "m_data[7]" matches multiple destination nodes -- some destinations are not valid targets for this assignment
    Info (176252): Wildcard assignment "Fast Output Register=ON" to "m_data[6]" matches multiple destination nodes -- some destinations are not valid targets for this assignment
    Info (176252): Wildcard assignment "Fast Output Register=ON" to "m_data[5]" matches multiple destination nodes -- some destinations are not valid targets for this assignment
    Info (176252): Wildcard assignment "Fast Output Register=ON" to "m_data[4]" matches multiple destination nodes -- some destinations are not valid targets for this assignment
    Info (176252): Wildcard assignment "Fast Output Register=ON" to "m_data[3]" matches multiple destination nodes -- some destinations are not valid targets for this assignment
    Info (176252): Wildcard assignment "Fast Output Register=ON" to "m_data[2]" matches multiple destination nodes -- some destinations are not valid targets for this assignment
    Info (176252): Wildcard assignment "Fast Output Register=ON" to "m_data[1]" matches multiple destination nodes -- some destinations are not valid targets for this assignment
    Info (176252): Wildcard assignment "Fast Output Register=ON" to "m_data[15]" matches multiple destination nodes -- some destinations are not valid targets for this assignment
    Info (176252): Wildcard assignment "Fast Output Register=ON" to "m_data[14]" matches multiple destination nodes -- some destinations are not valid targets for this assignment
    Info (176252): Wildcard assignment "Fast Output Register=ON" to "m_data[13]" matches multiple destination nodes -- some destinations are not valid targets for this assignment
    Info (176252): Wildcard assignment "Fast Output Register=ON" to "m_data[12]" matches multiple destination nodes -- some destinations are not valid targets for this assignment
    Info (176252): Wildcard assignment "Fast Output Register=ON" to "m_data[11]" matches multiple destination nodes -- some destinations are not valid targets for this assignment
    Info (176252): Wildcard assignment "Fast Output Register=ON" to "m_data[10]" matches multiple destination nodes -- some destinations are not valid targets for this assignment
    Info (176252): Wildcard assignment "Fast Output Register=ON" to "m_data[0]" matches multiple destination nodes -- some destinations are not valid targets for this assignment
    Info (176252): Wildcard assignment "Fast Output Register=ON" to "m_cmd[2]" matches multiple destination nodes -- some destinations are not valid targets for this assignment
    Info (176252): Wildcard assignment "Fast Output Register=ON" to "m_cmd[1]" matches multiple destination nodes -- some destinations are not valid targets for this assignment
    Info (176252): Wildcard assignment "Fast Output Register=ON" to "m_cmd[0]" matches multiple destination nodes -- some destinations are not valid targets for this assignment
Info (176235): Finished register packing
    Extra Info (176218): Packed 16 registers into blocks of type I/O Input Buffer
    Extra Info (176218): Packed 53 registers into blocks of type I/O Output Buffer
    Extra Info (176220): Created 34 register duplicates
Warning (15064): PLL "pll_sys:inst_pll_sys|altpll:altpll_component|pll_sys_altpll:auto_generated|pll1" output port clk[1] feeds output pin "SDRAM_CLK~output" via non-dedicated routing -- jitter performance depends on switching rate of other design elements. Use PLL dedicated clock outputs to ensure jitter performance File: //wsl.localhost/Ubuntu/home/matth/ESC472_FPGACORE/de10-lite/de10l-neorv32-sdram-qsys/hw/db/pll_sys_altpll.v Line: 46
Info (171121): Fitter preparation operations ending: elapsed time is 00:00:07
Info (14896): Fitter has disabled Advanced Physical Optimization because it is not supported for the current family.
Info (170189): Fitter placement preparation operations beginning
Info (170190): Fitter placement preparation operations ending: elapsed time is 00:00:01
Info (170191): Fitter placement operations beginning
Info (170137): Fitter placement was successful
Info (170192): Fitter placement operations ending: elapsed time is 00:00:10
Info (170193): Fitter routing operations beginning
Info (170195): Router estimated average interconnect usage is 5% of the available device resources
    Info (170196): Router estimated peak interconnect usage is 30% of the available device resources in the region that extends from location X33_Y11 to location X44_Y21
Info (170199): The Fitter performed an Auto Fit compilation.  Optimizations were skipped to reduce compilation time.
    Info (170201): Optimizations that may affect the design's routability were skipped
    Info (170200): Optimizations that may affect the design's timing were skipped
Info (170194): Fitter routing operations ending: elapsed time is 00:00:07
Info (11888): Total time spent on timing analysis during the Fitter is 4.12 seconds.
Info (334003): Started post-fitting delay annotation
Info (334004): Delay annotation completed successfully
Info (334003): Started post-fitting delay annotation
Info (334004): Delay annotation completed successfully
Info (11218): Fitter post-fit operations ending: elapsed time is 00:00:06
Warning (171167): Found invalid Fitter assignments. See the Ignored Assignments panel in the Fitter Compilation Report for more information.
Info (144001): Generated suppressed messages file //wsl.localhost/Ubuntu/home/matth/ESC472_FPGACORE/de10-lite/de10l-neorv32-sdram-qsys/hw/output_files/de10l-neorv32-sdram-qsys.fit.smsg
Info: Quartus Prime Fitter was successful. 0 errors, 4 warnings
    Info: Peak virtual memory: 6218 megabytes
    Info: Processing ended: Thu Apr 30 12:59:22 2026
    Info: Elapsed time: 00:00:52
    Info: Total CPU time (on all processors): 00:01:39


+----------------------------+
; Fitter Suppressed Messages ;
+----------------------------+
The suppressed messages can be found in //wsl.localhost/Ubuntu/home/matth/ESC472_FPGACORE/de10-lite/de10l-neorv32-sdram-qsys/hw/output_files/de10l-neorv32-sdram-qsys.fit.smsg.


