Timing Analyzer report for de10l-neorv32-sdram-qsys
Thu Apr 30 13:00:17 2026
Quartus Prime Version 20.1.1 Build 720 11/11/2020 SJ Lite Edition


---------------------
; Table of Contents ;
---------------------
  1. Legal Notice
  2. Timing Analyzer Summary
  3. Parallel Compilation
  4. SDC File List
  5. Clocks
  6. Slow 1200mV 85C Model Fmax Summary
  7. Slow 1200mV 85C Model Setup Summary
  8. Slow 1200mV 85C Model Hold Summary
  9. Slow 1200mV 85C Model Recovery Summary
 10. Slow 1200mV 85C Model Removal Summary
 11. Slow 1200mV 85C Model Minimum Pulse Width Summary
 12. Slow 1200mV 85C Model Metastability Summary
 13. Slow 1200mV 0C Model Fmax Summary
 14. Slow 1200mV 0C Model Setup Summary
 15. Slow 1200mV 0C Model Hold Summary
 16. Slow 1200mV 0C Model Recovery Summary
 17. Slow 1200mV 0C Model Removal Summary
 18. Slow 1200mV 0C Model Minimum Pulse Width Summary
 19. Slow 1200mV 0C Model Metastability Summary
 20. Fast 1200mV 0C Model Setup Summary
 21. Fast 1200mV 0C Model Hold Summary
 22. Fast 1200mV 0C Model Recovery Summary
 23. Fast 1200mV 0C Model Removal Summary
 24. Fast 1200mV 0C Model Minimum Pulse Width Summary
 25. Fast 1200mV 0C Model Metastability Summary
 26. Multicorner Timing Analysis Summary
 27. Board Trace Model Assignments
 28. Input Transition Times
 29. Signal Integrity Metrics (Slow 1200mv 0c Model)
 30. Signal Integrity Metrics (Slow 1200mv 85c Model)
 31. Signal Integrity Metrics (Fast 1200mv 0c Model)
 32. Setup Transfers
 33. Hold Transfers
 34. Recovery Transfers
 35. Removal Transfers
 36. Report TCCS
 37. Report RSKM
 38. Unconstrained Paths Summary
 39. Clock Status Summary
 40. Unconstrained Input Ports
 41. Unconstrained Output Ports
 42. Unconstrained Input Ports
 43. Unconstrained Output Ports
 44. Timing Analyzer Messages
 45. Timing Analyzer Suppressed Messages



----------------
; Legal Notice ;
----------------
Copyright (C) 2020  Intel Corporation. All rights reserved.
Your use of Intel Corporation's design tools, logic functions 
and other software and tools, and any partner logic 
functions, and any output files from any of the foregoing 
(including device programming or simulation files), and any 
associated documentation or information are expressly subject 
to the terms and conditions of the Intel Program License 
Subscription Agreement, the Intel Quartus Prime License Agreement,
the Intel FPGA IP License Agreement, or other applicable license
agreement, including, without limitation, that your use is for
the sole purpose of programming logic devices manufactured by
Intel and sold by Intel or its authorized distributors.  Please
refer to the applicable agreement for further details, at
https://fpgasoftware.intel.com/eula.



+-----------------------------------------------------------------------------+
; Timing Analyzer Summary                                                     ;
+-----------------------+-----------------------------------------------------+
; Quartus Prime Version ; Version 20.1.1 Build 720 11/11/2020 SJ Lite Edition ;
; Timing Analyzer       ; Legacy Timing Analyzer                              ;
; Revision Name         ; de10l-neorv32-sdram-qsys                            ;
; Device Family         ; MAX 10                                              ;
; Device Name           ; 10M50DAF484C7G                                      ;
; Timing Models         ; Final                                               ;
; Delay Model           ; Combined                                            ;
; Rise/Fall Delays      ; Enabled                                             ;
+-----------------------+-----------------------------------------------------+


+------------------------------------------+
; Parallel Compilation                     ;
+----------------------------+-------------+
; Processors                 ; Number      ;
+----------------------------+-------------+
; Number detected on machine ; 16          ;
; Maximum allowed            ; 10          ;
;                            ;             ;
; Average used               ; 3.60        ;
; Maximum used               ; 10          ;
;                            ;             ;
; Usage by Processor         ; % Time Used ;
;     Processor 1            ; 100.0%      ;
;     Processor 2            ;  31.2%      ;
;     Processor 3            ;  29.6%      ;
;     Processor 4            ;  28.5%      ;
;     Processors 5-10        ;  28.5%      ;
+----------------------------+-------------+


+----------------------------------------------------------------------------------------------------------------------------------------------------------+
; SDC File List                                                                                                                                            ;
+----------------------------------------------------------------------------------------------------------------------+--------+--------------------------+
; SDC File Path                                                                                                        ; Status ; Read at                  ;
+----------------------------------------------------------------------------------------------------------------------+--------+--------------------------+
; //wsl.localhost/Ubuntu/home/matth/ESC472_FPGACORE/de10-lite/de10l-neorv32-sdram-qsys/hw/de10l-neorv32-sdram-qsys.sdc ; OK     ; Thu Apr 30 12:59:53 2026 ;
+----------------------------------------------------------------------------------------------------------------------+--------+--------------------------+


+-----------------------------------------------------------------------------------------------------------------------------------------------------------------------------------------------------------------------------------------------------------------------------------------------------------------------------------------------------+
; Clocks                                                                                                                                                                                                                                                                                                                                              ;
+----------------------------------------------------------+-----------+--------+-----------+-------+--------+------------+-----------+-------------+--------+--------+-----------+------------+----------+---------------+------------------------------------------------------------+--------------------------------------------------------------+
; Clock Name                                               ; Type      ; Period ; Frequency ; Rise  ; Fall   ; Duty Cycle ; Divide by ; Multiply by ; Phase  ; Offset ; Edge List ; Edge Shift ; Inverted ; Master        ; Source                                                     ; Targets                                                      ;
+----------------------------------------------------------+-----------+--------+-----------+-------+--------+------------+-----------+-------------+--------+--------+-----------+------------+----------+---------------+------------------------------------------------------------+--------------------------------------------------------------+
; inst_pll_sys|altpll_component|auto_generated|pll1|clk[0] ; Generated ; 11.111 ; 90.0 MHz  ; 0.000 ; 5.555  ; 50.00      ; 5         ; 9           ;        ;        ;           ;            ; false    ; MAX10_CLK1_50 ; inst_pll_sys|altpll_component|auto_generated|pll1|inclk[0] ; { inst_pll_sys|altpll_component|auto_generated|pll1|clk[0] } ;
; inst_pll_sys|altpll_component|auto_generated|pll1|clk[1] ; Generated ; 11.111 ; 90.0 MHz  ; 7.778 ; 13.333 ; 50.00      ; 5         ; 9           ; -108.0 ;        ;           ;            ; false    ; MAX10_CLK1_50 ; inst_pll_sys|altpll_component|auto_generated|pll1|inclk[0] ; { inst_pll_sys|altpll_component|auto_generated|pll1|clk[1] } ;
; MAX10_CLK1_50                                            ; Base      ; 20.000 ; 50.0 MHz  ; 0.000 ; 10.000 ;            ;           ;             ;        ;        ;           ;            ;          ;               ;                                                            ; { MAX10_CLK1_50 }                                            ;
+----------------------------------------------------------+-----------+--------+-----------+-------+--------+------------+-----------+-------------+--------+--------+-----------+------------+----------+---------------+------------------------------------------------------------+--------------------------------------------------------------+


+----------------------------------------------------------------------------------------------+
; Slow 1200mV 85C Model Fmax Summary                                                           ;
+----------+-----------------+----------------------------------------------------------+------+
; Fmax     ; Restricted Fmax ; Clock Name                                               ; Note ;
+----------+-----------------+----------------------------------------------------------+------+
; 94.5 MHz ; 94.5 MHz        ; inst_pll_sys|altpll_component|auto_generated|pll1|clk[0] ;      ;
+----------+-----------------+----------------------------------------------------------+------+
This panel reports FMAX for every clock in the design, regardless of the user-specified clock periods.  FMAX is only computed for paths where the source and destination registers or ports are driven by the same clock.  Paths of different clocks, including generated clocks, are ignored.  For paths between a clock and its inversion, FMAX is computed as if the rising and falling edges are scaled along with FMAX, such that the duty cycle (in terms of a percentage) is maintained. Altera recommends that you always use clock constraints and other slack reports for sign-off analysis.


+----------------------------------------------------------------------------------+
; Slow 1200mV 85C Model Setup Summary                                              ;
+----------------------------------------------------------+-------+---------------+
; Clock                                                    ; Slack ; End Point TNS ;
+----------------------------------------------------------+-------+---------------+
; inst_pll_sys|altpll_component|auto_generated|pll1|clk[0] ; 0.529 ; 0.000         ;
+----------------------------------------------------------+-------+---------------+


+----------------------------------------------------------------------------------+
; Slow 1200mV 85C Model Hold Summary                                               ;
+----------------------------------------------------------+-------+---------------+
; Clock                                                    ; Slack ; End Point TNS ;
+----------------------------------------------------------+-------+---------------+
; inst_pll_sys|altpll_component|auto_generated|pll1|clk[0] ; 0.325 ; 0.000         ;
+----------------------------------------------------------+-------+---------------+


+----------------------------------------------------------------------------------+
; Slow 1200mV 85C Model Recovery Summary                                           ;
+----------------------------------------------------------+-------+---------------+
; Clock                                                    ; Slack ; End Point TNS ;
+----------------------------------------------------------+-------+---------------+
; inst_pll_sys|altpll_component|auto_generated|pll1|clk[0] ; 5.035 ; 0.000         ;
+----------------------------------------------------------+-------+---------------+


+----------------------------------------------------------------------------------+
; Slow 1200mV 85C Model Removal Summary                                            ;
+----------------------------------------------------------+-------+---------------+
; Clock                                                    ; Slack ; End Point TNS ;
+----------------------------------------------------------+-------+---------------+
; inst_pll_sys|altpll_component|auto_generated|pll1|clk[0] ; 3.361 ; 0.000         ;
+----------------------------------------------------------+-------+---------------+


+----------------------------------------------------------------------------------+
; Slow 1200mV 85C Model Minimum Pulse Width Summary                                ;
+----------------------------------------------------------+-------+---------------+
; Clock                                                    ; Slack ; End Point TNS ;
+----------------------------------------------------------+-------+---------------+
; inst_pll_sys|altpll_component|auto_generated|pll1|clk[0] ; 5.224 ; 0.000         ;
; MAX10_CLK1_50                                            ; 9.820 ; 0.000         ;
+----------------------------------------------------------+-------+---------------+


-----------------------------------------------
; Slow 1200mV 85C Model Metastability Summary ;
-----------------------------------------------
The design MTBF is not calculated because there are no specified synchronizers in the design.
Number of Synchronizer Chains Found: 5
Shortest Synchronizer Chain: 2 Registers
Fraction of Chains for which MTBFs Could Not be Calculated: 1.000
Worst Case Available Settling Time: 18.522 ns




+------------------------------------------------------------------------------------------------+
; Slow 1200mV 0C Model Fmax Summary                                                              ;
+------------+-----------------+----------------------------------------------------------+------+
; Fmax       ; Restricted Fmax ; Clock Name                                               ; Note ;
+------------+-----------------+----------------------------------------------------------+------+
; 102.06 MHz ; 102.06 MHz      ; inst_pll_sys|altpll_component|auto_generated|pll1|clk[0] ;      ;
+------------+-----------------+----------------------------------------------------------+------+
This panel reports FMAX for every clock in the design, regardless of the user-specified clock periods.  FMAX is only computed for paths where the source and destination registers or ports are driven by the same clock.  Paths of different clocks, including generated clocks, are ignored.  For paths between a clock and its inversion, FMAX is computed as if the rising and falling edges are scaled along with FMAX, such that the duty cycle (in terms of a percentage) is maintained. Altera recommends that you always use clock constraints and other slack reports for sign-off analysis.


+----------------------------------------------------------------------------------+
; Slow 1200mV 0C Model Setup Summary                                               ;
+----------------------------------------------------------+-------+---------------+
; Clock                                                    ; Slack ; End Point TNS ;
+----------------------------------------------------------+-------+---------------+
; inst_pll_sys|altpll_component|auto_generated|pll1|clk[0] ; 1.313 ; 0.000         ;
+----------------------------------------------------------+-------+---------------+


+----------------------------------------------------------------------------------+
; Slow 1200mV 0C Model Hold Summary                                                ;
+----------------------------------------------------------+-------+---------------+
; Clock                                                    ; Slack ; End Point TNS ;
+----------------------------------------------------------+-------+---------------+
; inst_pll_sys|altpll_component|auto_generated|pll1|clk[0] ; 0.270 ; 0.000         ;
+----------------------------------------------------------+-------+---------------+


+----------------------------------------------------------------------------------+
; Slow 1200mV 0C Model Recovery Summary                                            ;
+----------------------------------------------------------+-------+---------------+
; Clock                                                    ; Slack ; End Point TNS ;
+----------------------------------------------------------+-------+---------------+
; inst_pll_sys|altpll_component|auto_generated|pll1|clk[0] ; 5.587 ; 0.000         ;
+----------------------------------------------------------+-------+---------------+


+----------------------------------------------------------------------------------+
; Slow 1200mV 0C Model Removal Summary                                             ;
+----------------------------------------------------------+-------+---------------+
; Clock                                                    ; Slack ; End Point TNS ;
+----------------------------------------------------------+-------+---------------+
; inst_pll_sys|altpll_component|auto_generated|pll1|clk[0] ; 3.006 ; 0.000         ;
+----------------------------------------------------------+-------+---------------+


+----------------------------------------------------------------------------------+
; Slow 1200mV 0C Model Minimum Pulse Width Summary                                 ;
+----------------------------------------------------------+-------+---------------+
; Clock                                                    ; Slack ; End Point TNS ;
+----------------------------------------------------------+-------+---------------+
; inst_pll_sys|altpll_component|auto_generated|pll1|clk[0] ; 5.243 ; 0.000         ;
; MAX10_CLK1_50                                            ; 9.830 ; 0.000         ;
+----------------------------------------------------------+-------+---------------+


----------------------------------------------
; Slow 1200mV 0C Model Metastability Summary ;
----------------------------------------------
The design MTBF is not calculated because there are no specified synchronizers in the design.
Number of Synchronizer Chains Found: 5
Shortest Synchronizer Chain: 2 Registers
Fraction of Chains for which MTBFs Could Not be Calculated: 1.000
Worst Case Available Settling Time: 18.718 ns




+----------------------------------------------------------------------------------+
; Fast 1200mV 0C Model Setup Summary                                               ;
+----------------------------------------------------------+-------+---------------+
; Clock                                                    ; Slack ; End Point TNS ;
+----------------------------------------------------------+-------+---------------+
; inst_pll_sys|altpll_component|auto_generated|pll1|clk[0] ; 6.422 ; 0.000         ;
+----------------------------------------------------------+-------+---------------+


+----------------------------------------------------------------------------------+
; Fast 1200mV 0C Model Hold Summary                                                ;
+----------------------------------------------------------+-------+---------------+
; Clock                                                    ; Slack ; End Point TNS ;
+----------------------------------------------------------+-------+---------------+
; inst_pll_sys|altpll_component|auto_generated|pll1|clk[0] ; 0.156 ; 0.000         ;
+----------------------------------------------------------+-------+---------------+


+----------------------------------------------------------------------------------+
; Fast 1200mV 0C Model Recovery Summary                                            ;
+----------------------------------------------------------+-------+---------------+
; Clock                                                    ; Slack ; End Point TNS ;
+----------------------------------------------------------+-------+---------------+
; inst_pll_sys|altpll_component|auto_generated|pll1|clk[0] ; 8.261 ; 0.000         ;
+----------------------------------------------------------+-------+---------------+


+----------------------------------------------------------------------------------+
; Fast 1200mV 0C Model Removal Summary                                             ;
+----------------------------------------------------------+-------+---------------+
; Clock                                                    ; Slack ; End Point TNS ;
+----------------------------------------------------------+-------+---------------+
; inst_pll_sys|altpll_component|auto_generated|pll1|clk[0] ; 1.624 ; 0.000         ;
+----------------------------------------------------------+-------+---------------+


+----------------------------------------------------------------------------------+
; Fast 1200mV 0C Model Minimum Pulse Width Summary                                 ;
+----------------------------------------------------------+-------+---------------+
; Clock                                                    ; Slack ; End Point TNS ;
+----------------------------------------------------------+-------+---------------+
; inst_pll_sys|altpll_component|auto_generated|pll1|clk[0] ; 5.266 ; 0.000         ;
; MAX10_CLK1_50                                            ; 9.530 ; 0.000         ;
+----------------------------------------------------------+-------+---------------+


----------------------------------------------
; Fast 1200mV 0C Model Metastability Summary ;
----------------------------------------------
The design MTBF is not calculated because there are no specified synchronizers in the design.
Number of Synchronizer Chains Found: 5
Shortest Synchronizer Chain: 2 Registers
Fraction of Chains for which MTBFs Could Not be Calculated: 1.000
Worst Case Available Settling Time: 20.689 ns




+----------------------------------------------------------------------------------------------------------------------+
; Multicorner Timing Analysis Summary                                                                                  ;
+-----------------------------------------------------------+-------+-------+----------+---------+---------------------+
; Clock                                                     ; Setup ; Hold  ; Recovery ; Removal ; Minimum Pulse Width ;
+-----------------------------------------------------------+-------+-------+----------+---------+---------------------+
; Worst-case Slack                                          ; 0.529 ; 0.156 ; 5.035    ; 1.624   ; 5.224               ;
;  MAX10_CLK1_50                                            ; N/A   ; N/A   ; N/A      ; N/A     ; 9.530               ;
;  inst_pll_sys|altpll_component|auto_generated|pll1|clk[0] ; 0.529 ; 0.156 ; 5.035    ; 1.624   ; 5.224               ;
; Design-wide TNS                                           ; 0.0   ; 0.0   ; 0.0      ; 0.0     ; 0.0                 ;
;  MAX10_CLK1_50                                            ; N/A   ; N/A   ; N/A      ; N/A     ; 0.000               ;
;  inst_pll_sys|altpll_component|auto_generated|pll1|clk[0] ; 0.000 ; 0.000 ; 0.000    ; 0.000   ; 0.000               ;
+-----------------------------------------------------------+-------+-------+----------+---------+---------------------+


+-------------------------------------------------------------------------------------------------------------------------------------------------------------------------------------------------------------------------------------------------------------------------------------------------------------------------------------------------------------------------------------------------------------------+
; Board Trace Model Assignments                                                                                                                                                                                                                                                                                                                                                                                     ;
+----------------+--------------+-------------------+-------------------------+-------------------------+---------------+---------------------+----------------+------------------+--------+------------------+------------------------+------------------------+--------------+---------------+-----------------+-------+---------------------+--------------------+---------------+-----------------+-------------+
; Pin            ; I/O Standard ; Near Tline Length ; Near Tline L per Length ; Near Tline C per Length ; Near Series R ; Near Differential R ; Near Pull-up R ; Near Pull-down R ; Near C ; Far Tline Length ; Far Tline L per Length ; Far Tline C per Length ; Far Series R ; Far Pull-up R ; Far Pull-down R ; Far C ; Termination Voltage ; Far Differential R ; EBD File Name ; EBD Signal Name ; EBD Far-end ;
+----------------+--------------+-------------------+-------------------------+-------------------------+---------------+---------------------+----------------+------------------+--------+------------------+------------------------+------------------------+--------------+---------------+-----------------+-------+---------------------+--------------------+---------------+-----------------+-------------+
; TDO_o          ; 3.3-V LVTTL  ; 0 in              ; 0 H/in                  ; 0 F/in                  ; short         ; -                   ; open           ; open             ; open   ; 0 in             ; 0 H/in                 ; 0 F/in                 ; short        ; open          ; open            ; open  ; 0 V                 ; -                  ; n/a           ; n/a             ; n/a         ;
; SDRAM_CLK      ; 3.3-V LVTTL  ; 0 in              ; 0 H/in                  ; 0 F/in                  ; short         ; -                   ; open           ; open             ; open   ; 0 in             ; 0 H/in                 ; 0 F/in                 ; short        ; open          ; open            ; open  ; 0 V                 ; -                  ; n/a           ; n/a             ; n/a         ;
; SDRAM_CKE      ; 3.3-V LVTTL  ; 0 in              ; 0 H/in                  ; 0 F/in                  ; short         ; -                   ; open           ; open             ; open   ; 0 in             ; 0 H/in                 ; 0 F/in                 ; short        ; open          ; open            ; open  ; 0 V                 ; -                  ; n/a           ; n/a             ; n/a         ;
; SDRAM_CS_N     ; 3.3-V LVTTL  ; 0 in              ; 0 H/in                  ; 0 F/in                  ; short         ; -                   ; open           ; open             ; open   ; 0 in             ; 0 H/in                 ; 0 F/in                 ; short        ; open          ; open            ; open  ; 0 V                 ; -                  ; n/a           ; n/a             ; n/a         ;
; SDRAM_RAS_N    ; 3.3-V LVTTL  ; 0 in              ; 0 H/in                  ; 0 F/in                  ; short         ; -                   ; open           ; open             ; open   ; 0 in             ; 0 H/in                 ; 0 F/in                 ; short        ; open          ; open            ; open  ; 0 V                 ; -                  ; n/a           ; n/a             ; n/a         ;
; SDRAM_CAS_N    ; 3.3-V LVTTL  ; 0 in              ; 0 H/in                  ; 0 F/in                  ; short         ; -                   ; open           ; open             ; open   ; 0 in             ; 0 H/in                 ; 0 F/in                 ; short        ; open          ; open            ; open  ; 0 V                 ; -                  ; n/a           ; n/a             ; n/a         ;
; SDRAM_WE_N     ; 3.3-V LVTTL  ; 0 in              ; 0 H/in                  ; 0 F/in                  ; short         ; -                   ; open           ; open             ; open   ; 0 in             ; 0 H/in                 ; 0 F/in                 ; short        ; open          ; open            ; open  ; 0 V                 ; -                  ; n/a           ; n/a             ; n/a         ;
; SDRAM_DQML     ; 3.3-V LVTTL  ; 0 in              ; 0 H/in                  ; 0 F/in                  ; short         ; -                   ; open           ; open             ; open   ; 0 in             ; 0 H/in                 ; 0 F/in                 ; short        ; open          ; open            ; open  ; 0 V                 ; -                  ; n/a           ; n/a             ; n/a         ;
; SDRAM_DQMU     ; 3.3-V LVTTL  ; 0 in              ; 0 H/in                  ; 0 F/in                  ; short         ; -                   ; open           ; open             ; open   ; 0 in             ; 0 H/in                 ; 0 F/in                 ; short        ; open          ; open            ; open  ; 0 V                 ; -                  ; n/a           ; n/a             ; n/a         ;
; SDRAM_ADDR[0]  ; 3.3-V LVTTL  ; 0 in              ; 0 H/in                  ; 0 F/in                  ; short         ; -                   ; open           ; open             ; open   ; 0 in             ; 0 H/in                 ; 0 F/in                 ; short        ; open          ; open            ; open  ; 0 V                 ; -                  ; n/a           ; n/a             ; n/a         ;
; SDRAM_ADDR[1]  ; 3.3-V LVTTL  ; 0 in              ; 0 H/in                  ; 0 F/in                  ; short         ; -                   ; open           ; open             ; open   ; 0 in             ; 0 H/in                 ; 0 F/in                 ; short        ; open          ; open            ; open  ; 0 V                 ; -                  ; n/a           ; n/a             ; n/a         ;
; SDRAM_ADDR[2]  ; 3.3-V LVTTL  ; 0 in              ; 0 H/in                  ; 0 F/in                  ; short         ; -                   ; open           ; open             ; open   ; 0 in             ; 0 H/in                 ; 0 F/in                 ; short        ; open          ; open            ; open  ; 0 V                 ; -                  ; n/a           ; n/a             ; n/a         ;
; SDRAM_ADDR[3]  ; 3.3-V LVTTL  ; 0 in              ; 0 H/in                  ; 0 F/in                  ; short         ; -                   ; open           ; open             ; open   ; 0 in             ; 0 H/in                 ; 0 F/in                 ; short        ; open          ; open            ; open  ; 0 V                 ; -                  ; n/a           ; n/a             ; n/a         ;
; SDRAM_ADDR[4]  ; 3.3-V LVTTL  ; 0 in              ; 0 H/in                  ; 0 F/in                  ; short         ; -                   ; open           ; open             ; open   ; 0 in             ; 0 H/in                 ; 0 F/in                 ; short        ; open          ; open            ; open  ; 0 V                 ; -                  ; n/a           ; n/a             ; n/a         ;
; SDRAM_ADDR[5]  ; 3.3-V LVTTL  ; 0 in              ; 0 H/in                  ; 0 F/in                  ; short         ; -                   ; open           ; open             ; open   ; 0 in             ; 0 H/in                 ; 0 F/in                 ; short        ; open          ; open            ; open  ; 0 V                 ; -                  ; n/a           ; n/a             ; n/a         ;
; SDRAM_ADDR[6]  ; 3.3-V LVTTL  ; 0 in              ; 0 H/in                  ; 0 F/in                  ; short         ; -                   ; open           ; open             ; open   ; 0 in             ; 0 H/in                 ; 0 F/in                 ; short        ; open          ; open            ; open  ; 0 V                 ; -                  ; n/a           ; n/a             ; n/a         ;
; SDRAM_ADDR[7]  ; 3.3-V LVTTL  ; 0 in              ; 0 H/in                  ; 0 F/in                  ; short         ; -                   ; open           ; open             ; open   ; 0 in             ; 0 H/in                 ; 0 F/in                 ; short        ; open          ; open            ; open  ; 0 V                 ; -                  ; n/a           ; n/a             ; n/a         ;
; SDRAM_ADDR[8]  ; 3.3-V LVTTL  ; 0 in              ; 0 H/in                  ; 0 F/in                  ; short         ; -                   ; open           ; open             ; open   ; 0 in             ; 0 H/in                 ; 0 F/in                 ; short        ; open          ; open            ; open  ; 0 V                 ; -                  ; n/a           ; n/a             ; n/a         ;
; SDRAM_ADDR[9]  ; 3.3-V LVTTL  ; 0 in              ; 0 H/in                  ; 0 F/in                  ; short         ; -                   ; open           ; open             ; open   ; 0 in             ; 0 H/in                 ; 0 F/in                 ; short        ; open          ; open            ; open  ; 0 V                 ; -                  ; n/a           ; n/a             ; n/a         ;
; SDRAM_ADDR[10] ; 3.3-V LVTTL  ; 0 in              ; 0 H/in                  ; 0 F/in                  ; short         ; -                   ; open           ; open             ; open   ; 0 in             ; 0 H/in                 ; 0 F/in                 ; short        ; open          ; open            ; open  ; 0 V                 ; -                  ; n/a           ; n/a             ; n/a         ;
; SDRAM_ADDR[11] ; 3.3-V LVTTL  ; 0 in              ; 0 H/in                  ; 0 F/in                  ; short         ; -                   ; open           ; open             ; open   ; 0 in             ; 0 H/in                 ; 0 F/in                 ; short        ; open          ; open            ; open  ; 0 V                 ; -                  ; n/a           ; n/a             ; n/a         ;
; SDRAM_ADDR[12] ; 3.3-V LVTTL  ; 0 in              ; 0 H/in                  ; 0 F/in                  ; short         ; -                   ; open           ; open             ; open   ; 0 in             ; 0 H/in                 ; 0 F/in                 ; short        ; open          ; open            ; open  ; 0 V                 ; -                  ; n/a           ; n/a             ; n/a         ;
; SDRAM_BA_0     ; 3.3-V LVTTL  ; 0 in              ; 0 H/in                  ; 0 F/in                  ; short         ; -                   ; open           ; open             ; open   ; 0 in             ; 0 H/in                 ; 0 F/in                 ; short        ; open          ; open            ; open  ; 0 V                 ; -                  ; n/a           ; n/a             ; n/a         ;
; SDRAM_BA_1     ; 3.3-V LVTTL  ; 0 in              ; 0 H/in                  ; 0 F/in                  ; short         ; -                   ; open           ; open             ; open   ; 0 in             ; 0 H/in                 ; 0 F/in                 ; short        ; open          ; open            ; open  ; 0 V                 ; -                  ; n/a           ; n/a             ; n/a         ;
; LED[0]         ; 3.3-V LVTTL  ; 0 in              ; 0 H/in                  ; 0 F/in                  ; short         ; -                   ; open           ; open             ; open   ; 0 in             ; 0 H/in                 ; 0 F/in                 ; short        ; open          ; open            ; open  ; 0 V                 ; -                  ; n/a           ; n/a             ; n/a         ;
; LED[1]         ; 3.3-V LVTTL  ; 0 in              ; 0 H/in                  ; 0 F/in                  ; short         ; -                   ; open           ; open             ; open   ; 0 in             ; 0 H/in                 ; 0 F/in                 ; short        ; open          ; open            ; open  ; 0 V                 ; -                  ; n/a           ; n/a             ; n/a         ;
; LED[2]         ; 3.3-V LVTTL  ; 0 in              ; 0 H/in                  ; 0 F/in                  ; short         ; -                   ; open           ; open             ; open   ; 0 in             ; 0 H/in                 ; 0 F/in                 ; short        ; open          ; open            ; open  ; 0 V                 ; -                  ; n/a           ; n/a             ; n/a         ;
; LED[3]         ; 3.3-V LVTTL  ; 0 in              ; 0 H/in                  ; 0 F/in                  ; short         ; -                   ; open           ; open             ; open   ; 0 in             ; 0 H/in                 ; 0 F/in                 ; short        ; open          ; open            ; open  ; 0 V                 ; -                  ; n/a           ; n/a             ; n/a         ;
; LED[4]         ; 3.3-V LVTTL  ; 0 in              ; 0 H/in                  ; 0 F/in                  ; short         ; -                   ; open           ; open             ; open   ; 0 in             ; 0 H/in                 ; 0 F/in                 ; short        ; open          ; open            ; open  ; 0 V                 ; -                  ; n/a           ; n/a             ; n/a         ;
; LED[5]         ; 3.3-V LVTTL  ; 0 in              ; 0 H/in                  ; 0 F/in                  ; short         ; -                   ; open           ; open             ; open   ; 0 in             ; 0 H/in                 ; 0 F/in                 ; short        ; open          ; open            ; open  ; 0 V                 ; -                  ; n/a           ; n/a             ; n/a         ;
; LED[6]         ; 3.3-V LVTTL  ; 0 in              ; 0 H/in                  ; 0 F/in                  ; short         ; -                   ; open           ; open             ; open   ; 0 in             ; 0 H/in                 ; 0 F/in                 ; short        ; open          ; open            ; open  ; 0 V                 ; -                  ; n/a           ; n/a             ; n/a         ;
; LED[7]         ; 3.3-V LVTTL  ; 0 in              ; 0 H/in                  ; 0 F/in                  ; short         ; -                   ; open           ; open             ; open   ; 0 in             ; 0 H/in                 ; 0 F/in                 ; short        ; open          ; open            ; open  ; 0 V                 ; -                  ; n/a           ; n/a             ; n/a         ;
; LED[8]         ; 3.3-V LVTTL  ; 0 in              ; 0 H/in                  ; 0 F/in                  ; short         ; -                   ; open           ; open             ; open   ; 0 in             ; 0 H/in                 ; 0 F/in                 ; short        ; open          ; open            ; open  ; 0 V                 ; -                  ; n/a           ; n/a             ; n/a         ;
; LED[9]         ; 3.3-V LVTTL  ; 0 in              ; 0 H/in                  ; 0 F/in                  ; short         ; -                   ; open           ; open             ; open   ; 0 in             ; 0 H/in                 ; 0 F/in                 ; short        ; open          ; open            ; open  ; 0 V                 ; -                  ; n/a           ; n/a             ; n/a         ;
; UART0_TXD      ; 3.3-V LVTTL  ; 0 in              ; 0 H/in                  ; 0 F/in                  ; short         ; -                   ; open           ; open             ; open   ; 0 in             ; 0 H/in                 ; 0 F/in                 ; short        ; open          ; open            ; open  ; 0 V                 ; -                  ; n/a           ; n/a             ; n/a         ;
; SDRAM_DQ[0]    ; 3.3-V LVTTL  ; 0 in              ; 0 H/in                  ; 0 F/in                  ; short         ; -                   ; open           ; open             ; open   ; 0 in             ; 0 H/in                 ; 0 F/in                 ; short        ; open          ; open            ; open  ; 0 V                 ; -                  ; n/a           ; n/a             ; n/a         ;
; SDRAM_DQ[1]    ; 3.3-V LVTTL  ; 0 in              ; 0 H/in                  ; 0 F/in                  ; short         ; -                   ; open           ; open             ; open   ; 0 in             ; 0 H/in                 ; 0 F/in                 ; short        ; open          ; open            ; open  ; 0 V                 ; -                  ; n/a           ; n/a             ; n/a         ;
; SDRAM_DQ[2]    ; 3.3-V LVTTL  ; 0 in              ; 0 H/in                  ; 0 F/in                  ; short         ; -                   ; open           ; open             ; open   ; 0 in             ; 0 H/in                 ; 0 F/in                 ; short        ; open          ; open            ; open  ; 0 V                 ; -                  ; n/a           ; n/a             ; n/a         ;
; SDRAM_DQ[3]    ; 3.3-V LVTTL  ; 0 in              ; 0 H/in                  ; 0 F/in                  ; short         ; -                   ; open           ; open             ; open   ; 0 in             ; 0 H/in                 ; 0 F/in                 ; short        ; open          ; open            ; open  ; 0 V                 ; -                  ; n/a           ; n/a             ; n/a         ;
; SDRAM_DQ[4]    ; 3.3-V LVTTL  ; 0 in              ; 0 H/in                  ; 0 F/in                  ; short         ; -                   ; open           ; open             ; open   ; 0 in             ; 0 H/in                 ; 0 F/in                 ; short        ; open          ; open            ; open  ; 0 V                 ; -                  ; n/a           ; n/a             ; n/a         ;
; SDRAM_DQ[5]    ; 3.3-V LVTTL  ; 0 in              ; 0 H/in                  ; 0 F/in                  ; short         ; -                   ; open           ; open             ; open   ; 0 in             ; 0 H/in                 ; 0 F/in                 ; short        ; open          ; open            ; open  ; 0 V                 ; -                  ; n/a           ; n/a             ; n/a         ;
; SDRAM_DQ[6]    ; 3.3-V LVTTL  ; 0 in              ; 0 H/in                  ; 0 F/in                  ; short         ; -                   ; open           ; open             ; open   ; 0 in             ; 0 H/in                 ; 0 F/in                 ; short        ; open          ; open            ; open  ; 0 V                 ; -                  ; n/a           ; n/a             ; n/a         ;
; SDRAM_DQ[7]    ; 3.3-V LVTTL  ; 0 in              ; 0 H/in                  ; 0 F/in                  ; short         ; -                   ; open           ; open             ; open   ; 0 in             ; 0 H/in                 ; 0 F/in                 ; short        ; open          ; open            ; open  ; 0 V                 ; -                  ; n/a           ; n/a             ; n/a         ;
; SDRAM_DQ[8]    ; 3.3-V LVTTL  ; 0 in              ; 0 H/in                  ; 0 F/in                  ; short         ; -                   ; open           ; open             ; open   ; 0 in             ; 0 H/in                 ; 0 F/in                 ; short        ; open          ; open            ; open  ; 0 V                 ; -                  ; n/a           ; n/a             ; n/a         ;
; SDRAM_DQ[9]    ; 3.3-V LVTTL  ; 0 in              ; 0 H/in                  ; 0 F/in                  ; short         ; -                   ; open           ; open             ; open   ; 0 in             ; 0 H/in                 ; 0 F/in                 ; short        ; open          ; open            ; open  ; 0 V                 ; -                  ; n/a           ; n/a             ; n/a         ;
; SDRAM_DQ[10]   ; 3.3-V LVTTL  ; 0 in              ; 0 H/in                  ; 0 F/in                  ; short         ; -                   ; open           ; open             ; open   ; 0 in             ; 0 H/in                 ; 0 F/in                 ; short        ; open          ; open            ; open  ; 0 V                 ; -                  ; n/a           ; n/a             ; n/a         ;
; SDRAM_DQ[11]   ; 3.3-V LVTTL  ; 0 in              ; 0 H/in                  ; 0 F/in                  ; short         ; -                   ; open           ; open             ; open   ; 0 in             ; 0 H/in                 ; 0 F/in                 ; short        ; open          ; open            ; open  ; 0 V                 ; -                  ; n/a           ; n/a             ; n/a         ;
; SDRAM_DQ[12]   ; 3.3-V LVTTL  ; 0 in              ; 0 H/in                  ; 0 F/in                  ; short         ; -                   ; open           ; open             ; open   ; 0 in             ; 0 H/in                 ; 0 F/in                 ; short        ; open          ; open            ; open  ; 0 V                 ; -                  ; n/a           ; n/a             ; n/a         ;
; SDRAM_DQ[13]   ; 3.3-V LVTTL  ; 0 in              ; 0 H/in                  ; 0 F/in                  ; short         ; -                   ; open           ; open             ; open   ; 0 in             ; 0 H/in                 ; 0 F/in                 ; short        ; open          ; open            ; open  ; 0 V                 ; -                  ; n/a           ; n/a             ; n/a         ;
; SDRAM_DQ[14]   ; 3.3-V LVTTL  ; 0 in              ; 0 H/in                  ; 0 F/in                  ; short         ; -                   ; open           ; open             ; open   ; 0 in             ; 0 H/in                 ; 0 F/in                 ; short        ; open          ; open            ; open  ; 0 V                 ; -                  ; n/a           ; n/a             ; n/a         ;
; SDRAM_DQ[15]   ; 3.3-V LVTTL  ; 0 in              ; 0 H/in                  ; 0 F/in                  ; short         ; -                   ; open           ; open             ; open   ; 0 in             ; 0 H/in                 ; 0 F/in                 ; short        ; open          ; open            ; open  ; 0 V                 ; -                  ; n/a           ; n/a             ; n/a         ;
; ~ALTERA_TDO~   ; 2.5 V        ; 0 in              ; 0 H/in                  ; 0 F/in                  ; short         ; -                   ; open           ; open             ; open   ; 0 in             ; 0 H/in                 ; 0 F/in                 ; short        ; open          ; open            ; open  ; 0 V                 ; -                  ; n/a           ; n/a             ; n/a         ;
+----------------+--------------+-------------------+-------------------------+-------------------------+---------------+---------------------+----------------+------------------+--------+------------------+------------------------+------------------------+--------------+---------------+-----------------+-------+---------------------+--------------------+---------------+-----------------+-------------+


+---------------------------------------------------------------------------------+
; Input Transition Times                                                          ;
+---------------------+-----------------------+-----------------+-----------------+
; Pin                 ; I/O Standard          ; 10-90 Rise Time ; 90-10 Fall Time ;
+---------------------+-----------------------+-----------------+-----------------+
; nTRST_i             ; 3.3-V LVTTL           ; 2640 ps         ; 2640 ps         ;
; SDRAM_DQ[0]         ; 3.3-V LVTTL           ; 2640 ps         ; 2640 ps         ;
; SDRAM_DQ[1]         ; 3.3-V LVTTL           ; 2640 ps         ; 2640 ps         ;
; SDRAM_DQ[2]         ; 3.3-V LVTTL           ; 2640 ps         ; 2640 ps         ;
; SDRAM_DQ[3]         ; 3.3-V LVTTL           ; 2640 ps         ; 2640 ps         ;
; SDRAM_DQ[4]         ; 3.3-V LVTTL           ; 2640 ps         ; 2640 ps         ;
; SDRAM_DQ[5]         ; 3.3-V LVTTL           ; 2640 ps         ; 2640 ps         ;
; SDRAM_DQ[6]         ; 3.3-V LVTTL           ; 2640 ps         ; 2640 ps         ;
; SDRAM_DQ[7]         ; 3.3-V LVTTL           ; 2640 ps         ; 2640 ps         ;
; SDRAM_DQ[8]         ; 3.3-V LVTTL           ; 2640 ps         ; 2640 ps         ;
; SDRAM_DQ[9]         ; 3.3-V LVTTL           ; 2640 ps         ; 2640 ps         ;
; SDRAM_DQ[10]        ; 3.3-V LVTTL           ; 2640 ps         ; 2640 ps         ;
; SDRAM_DQ[11]        ; 3.3-V LVTTL           ; 2640 ps         ; 2640 ps         ;
; SDRAM_DQ[12]        ; 3.3-V LVTTL           ; 2640 ps         ; 2640 ps         ;
; SDRAM_DQ[13]        ; 3.3-V LVTTL           ; 2640 ps         ; 2640 ps         ;
; SDRAM_DQ[14]        ; 3.3-V LVTTL           ; 2640 ps         ; 2640 ps         ;
; SDRAM_DQ[15]        ; 3.3-V LVTTL           ; 2640 ps         ; 2640 ps         ;
; MAX10_CLK1_50       ; 3.3-V LVTTL           ; 2640 ps         ; 2640 ps         ;
; KEY[0]              ; 3.3 V Schmitt Trigger ; 2640 ps         ; 2640 ps         ;
; KEY[1]              ; 3.3 V Schmitt Trigger ; 2640 ps         ; 2640 ps         ;
; TCK_i               ; 3.3-V LVTTL           ; 2640 ps         ; 2640 ps         ;
; TDI_i               ; 3.3-V LVTTL           ; 2640 ps         ; 2640 ps         ;
; TMS_i               ; 3.3-V LVTTL           ; 2640 ps         ; 2640 ps         ;
; UART0_RXD           ; 3.3-V LVTTL           ; 2640 ps         ; 2640 ps         ;
; ~ALTERA_TMS~        ; 2.5 V Schmitt Trigger ; 2000 ps         ; 2000 ps         ;
; ~ALTERA_TCK~        ; 2.5 V Schmitt Trigger ; 2000 ps         ; 2000 ps         ;
; ~ALTERA_TDI~        ; 2.5 V Schmitt Trigger ; 2000 ps         ; 2000 ps         ;
; ~ALTERA_CONFIG_SEL~ ; 2.5 V                 ; 2000 ps         ; 2000 ps         ;
; ~ALTERA_nCONFIG~    ; 2.5 V Schmitt Trigger ; 2000 ps         ; 2000 ps         ;
; ~ALTERA_nSTATUS~    ; 2.5 V Schmitt Trigger ; 2000 ps         ; 2000 ps         ;
; ~ALTERA_CONF_DONE~  ; 2.5 V Schmitt Trigger ; 2000 ps         ; 2000 ps         ;
+---------------------+-----------------------+-----------------+-----------------+


+---------------------------------------------------------------------------------------------------------------------------------------------------------------------------------------------------------------------------------------------------------------------------------------------------------------------------------------------------------------------------------------------------------------------------------------------------------------------------------------------------------------------------------------------------------------------------------------------------------------------------------------------------------------------------------------------+
; Signal Integrity Metrics (Slow 1200mv 0c Model)                                                                                                                                                                                                                                                                                                                                                                                                                                                                                                                                                                                                                                             ;
+----------------+--------------+---------------------+---------------------+------------------------------+------------------------------+---------------------+---------------------+--------------------------------------+--------------------------------------+-----------------------------+-----------------------------+----------------------------+----------------------------+-----------------------------+-----------------------------+--------------------+--------------------+-------------------------------------+-------------------------------------+----------------------------+----------------------------+---------------------------+---------------------------+
; Pin            ; I/O Standard ; Board Delay on Rise ; Board Delay on Fall ; Steady State Voh at FPGA Pin ; Steady State Vol at FPGA Pin ; Voh Max at FPGA Pin ; Vol Min at FPGA Pin ; Ringback Voltage on Rise at FPGA Pin ; Ringback Voltage on Fall at FPGA Pin ; 10-90 Rise Time at FPGA Pin ; 90-10 Fall Time at FPGA Pin ; Monotonic Rise at FPGA Pin ; Monotonic Fall at FPGA Pin ; Steady State Voh at Far-end ; Steady State Vol at Far-end ; Voh Max at Far-end ; Vol Min at Far-end ; Ringback Voltage on Rise at Far-end ; Ringback Voltage on Fall at Far-end ; 10-90 Rise Time at Far-end ; 90-10 Fall Time at Far-end ; Monotonic Rise at Far-end ; Monotonic Fall at Far-end ;
+----------------+--------------+---------------------+---------------------+------------------------------+------------------------------+---------------------+---------------------+--------------------------------------+--------------------------------------+-----------------------------+-----------------------------+----------------------------+----------------------------+-----------------------------+-----------------------------+--------------------+--------------------+-------------------------------------+-------------------------------------+----------------------------+----------------------------+---------------------------+---------------------------+
; TDO_o          ; 3.3-V LVTTL  ; 0 s                 ; 0 s                 ; 3.08 V                       ; 7.21e-08 V                   ; 3.13 V              ; -0.0357 V           ; 0.26 V                               ; 0.229 V                              ; 8.8e-10 s                   ; 1.04e-09 s                  ; No                         ; No                         ; 3.08 V                      ; 7.21e-08 V                  ; 3.13 V             ; -0.0357 V          ; 0.26 V                              ; 0.229 V                             ; 8.8e-10 s                  ; 1.04e-09 s                 ; No                        ; No                        ;
; SDRAM_CLK      ; 3.3-V LVTTL  ; 0 s                 ; 0 s                 ; 3.08 V                       ; 3.73e-08 V                   ; 3.2 V               ; -0.127 V            ; 0.219 V                              ; 0.346 V                              ; 4.45e-10 s                  ; 4.51e-10 s                  ; No                         ; No                         ; 3.08 V                      ; 3.73e-08 V                  ; 3.2 V              ; -0.127 V           ; 0.219 V                             ; 0.346 V                             ; 4.45e-10 s                 ; 4.51e-10 s                 ; No                        ; No                        ;
; SDRAM_CKE      ; 3.3-V LVTTL  ; 0 s                 ; 0 s                 ; 3.08 V                       ; 3.73e-08 V                   ; 3.2 V               ; -0.128 V            ; 0.219 V                              ; 0.346 V                              ; 4.45e-10 s                  ; 4.51e-10 s                  ; No                         ; No                         ; 3.08 V                      ; 3.73e-08 V                  ; 3.2 V              ; -0.128 V           ; 0.219 V                             ; 0.346 V                             ; 4.45e-10 s                 ; 4.51e-10 s                 ; No                        ; No                        ;
; SDRAM_CS_N     ; 3.3-V LVTTL  ; 0 s                 ; 0 s                 ; 3.08 V                       ; 3.73e-08 V                   ; 3.2 V               ; -0.128 V            ; 0.219 V                              ; 0.346 V                              ; 4.45e-10 s                  ; 4.51e-10 s                  ; No                         ; No                         ; 3.08 V                      ; 3.73e-08 V                  ; 3.2 V              ; -0.128 V           ; 0.219 V                             ; 0.346 V                             ; 4.45e-10 s                 ; 4.51e-10 s                 ; No                        ; No                        ;
; SDRAM_RAS_N    ; 3.3-V LVTTL  ; 0 s                 ; 0 s                 ; 3.08 V                       ; 3.73e-08 V                   ; 3.2 V               ; -0.128 V            ; 0.219 V                              ; 0.346 V                              ; 4.45e-10 s                  ; 4.51e-10 s                  ; No                         ; No                         ; 3.08 V                      ; 3.73e-08 V                  ; 3.2 V              ; -0.128 V           ; 0.219 V                             ; 0.346 V                             ; 4.45e-10 s                 ; 4.51e-10 s                 ; No                        ; No                        ;
; SDRAM_CAS_N    ; 3.3-V LVTTL  ; 0 s                 ; 0 s                 ; 3.08 V                       ; 3.73e-08 V                   ; 3.2 V               ; -0.127 V            ; 0.219 V                              ; 0.346 V                              ; 4.45e-10 s                  ; 4.51e-10 s                  ; No                         ; No                         ; 3.08 V                      ; 3.73e-08 V                  ; 3.2 V              ; -0.127 V           ; 0.219 V                             ; 0.346 V                             ; 4.45e-10 s                 ; 4.51e-10 s                 ; No                        ; No                        ;
; SDRAM_WE_N     ; 3.3-V LVTTL  ; 0 s                 ; 0 s                 ; 3.08 V                       ; 3.73e-08 V                   ; 3.2 V               ; -0.127 V            ; 0.219 V                              ; 0.346 V                              ; 4.45e-10 s                  ; 4.51e-10 s                  ; No                         ; No                         ; 3.08 V                      ; 3.73e-08 V                  ; 3.2 V              ; -0.127 V           ; 0.219 V                             ; 0.346 V                             ; 4.45e-10 s                 ; 4.51e-10 s                 ; No                        ; No                        ;
; SDRAM_DQML     ; 3.3-V LVTTL  ; 0 s                 ; 0 s                 ; 3.08 V                       ; 3.73e-08 V                   ; 3.2 V               ; -0.128 V            ; 0.219 V                              ; 0.346 V                              ; 4.45e-10 s                  ; 4.51e-10 s                  ; No                         ; No                         ; 3.08 V                      ; 3.73e-08 V                  ; 3.2 V              ; -0.128 V           ; 0.219 V                             ; 0.346 V                             ; 4.45e-10 s                 ; 4.51e-10 s                 ; No                        ; No                        ;
; SDRAM_DQMU     ; 3.3-V LVTTL  ; 0 s                 ; 0 s                 ; 3.08 V                       ; 3.73e-08 V                   ; 3.2 V               ; -0.128 V            ; 0.219 V                              ; 0.346 V                              ; 4.45e-10 s                  ; 4.51e-10 s                  ; No                         ; No                         ; 3.08 V                      ; 3.73e-08 V                  ; 3.2 V              ; -0.128 V           ; 0.219 V                             ; 0.346 V                             ; 4.45e-10 s                 ; 4.51e-10 s                 ; No                        ; No                        ;
; SDRAM_ADDR[0]  ; 3.3-V LVTTL  ; 0 s                 ; 0 s                 ; 3.08 V                       ; 3.73e-08 V                   ; 3.2 V               ; -0.128 V            ; 0.219 V                              ; 0.346 V                              ; 4.45e-10 s                  ; 4.51e-10 s                  ; No                         ; No                         ; 3.08 V                      ; 3.73e-08 V                  ; 3.2 V              ; -0.128 V           ; 0.219 V                             ; 0.346 V                             ; 4.45e-10 s                 ; 4.51e-10 s                 ; No                        ; No                        ;
; SDRAM_ADDR[1]  ; 3.3-V LVTTL  ; 0 s                 ; 0 s                 ; 3.08 V                       ; 3.73e-08 V                   ; 3.2 V               ; -0.127 V            ; 0.219 V                              ; 0.346 V                              ; 4.45e-10 s                  ; 4.51e-10 s                  ; No                         ; No                         ; 3.08 V                      ; 3.73e-08 V                  ; 3.2 V              ; -0.127 V           ; 0.219 V                             ; 0.346 V                             ; 4.45e-10 s                 ; 4.51e-10 s                 ; No                        ; No                        ;
; SDRAM_ADDR[2]  ; 3.3-V LVTTL  ; 0 s                 ; 0 s                 ; 3.08 V                       ; 3.73e-08 V                   ; 3.2 V               ; -0.127 V            ; 0.219 V                              ; 0.346 V                              ; 4.45e-10 s                  ; 4.51e-10 s                  ; No                         ; No                         ; 3.08 V                      ; 3.73e-08 V                  ; 3.2 V              ; -0.127 V           ; 0.219 V                             ; 0.346 V                             ; 4.45e-10 s                 ; 4.51e-10 s                 ; No                        ; No                        ;
; SDRAM_ADDR[3]  ; 3.3-V LVTTL  ; 0 s                 ; 0 s                 ; 3.08 V                       ; 3.73e-08 V                   ; 3.2 V               ; -0.127 V            ; 0.219 V                              ; 0.346 V                              ; 4.45e-10 s                  ; 4.51e-10 s                  ; No                         ; No                         ; 3.08 V                      ; 3.73e-08 V                  ; 3.2 V              ; -0.127 V           ; 0.219 V                             ; 0.346 V                             ; 4.45e-10 s                 ; 4.51e-10 s                 ; No                        ; No                        ;
; SDRAM_ADDR[4]  ; 3.3-V LVTTL  ; 0 s                 ; 0 s                 ; 3.08 V                       ; 3.73e-08 V                   ; 3.2 V               ; -0.128 V            ; 0.219 V                              ; 0.346 V                              ; 4.45e-10 s                  ; 4.51e-10 s                  ; No                         ; No                         ; 3.08 V                      ; 3.73e-08 V                  ; 3.2 V              ; -0.128 V           ; 0.219 V                             ; 0.346 V                             ; 4.45e-10 s                 ; 4.51e-10 s                 ; No                        ; No                        ;
; SDRAM_ADDR[5]  ; 3.3-V LVTTL  ; 0 s                 ; 0 s                 ; 3.08 V                       ; 3.73e-08 V                   ; 3.2 V               ; -0.128 V            ; 0.219 V                              ; 0.346 V                              ; 4.45e-10 s                  ; 4.51e-10 s                  ; No                         ; No                         ; 3.08 V                      ; 3.73e-08 V                  ; 3.2 V              ; -0.128 V           ; 0.219 V                             ; 0.346 V                             ; 4.45e-10 s                 ; 4.51e-10 s                 ; No                        ; No                        ;
; SDRAM_ADDR[6]  ; 3.3-V LVTTL  ; 0 s                 ; 0 s                 ; 3.08 V                       ; 3.73e-08 V                   ; 3.2 V               ; -0.127 V            ; 0.219 V                              ; 0.346 V                              ; 4.45e-10 s                  ; 4.51e-10 s                  ; No                         ; No                         ; 3.08 V                      ; 3.73e-08 V                  ; 3.2 V              ; -0.127 V           ; 0.219 V                             ; 0.346 V                             ; 4.45e-10 s                 ; 4.51e-10 s                 ; No                        ; No                        ;
; SDRAM_ADDR[7]  ; 3.3-V LVTTL  ; 0 s                 ; 0 s                 ; 3.08 V                       ; 3.73e-08 V                   ; 3.2 V               ; -0.127 V            ; 0.219 V                              ; 0.346 V                              ; 4.45e-10 s                  ; 4.51e-10 s                  ; No                         ; No                         ; 3.08 V                      ; 3.73e-08 V                  ; 3.2 V              ; -0.127 V           ; 0.219 V                             ; 0.346 V                             ; 4.45e-10 s                 ; 4.51e-10 s                 ; No                        ; No                        ;
; SDRAM_ADDR[8]  ; 3.3-V LVTTL  ; 0 s                 ; 0 s                 ; 3.08 V                       ; 3.73e-08 V                   ; 3.2 V               ; -0.128 V            ; 0.219 V                              ; 0.346 V                              ; 4.45e-10 s                  ; 4.51e-10 s                  ; No                         ; No                         ; 3.08 V                      ; 3.73e-08 V                  ; 3.2 V              ; -0.128 V           ; 0.219 V                             ; 0.346 V                             ; 4.45e-10 s                 ; 4.51e-10 s                 ; No                        ; No                        ;
; SDRAM_ADDR[9]  ; 3.3-V LVTTL  ; 0 s                 ; 0 s                 ; 3.08 V                       ; 3.73e-08 V                   ; 3.2 V               ; -0.127 V            ; 0.219 V                              ; 0.346 V                              ; 4.45e-10 s                  ; 4.51e-10 s                  ; No                         ; No                         ; 3.08 V                      ; 3.73e-08 V                  ; 3.2 V              ; -0.127 V           ; 0.219 V                             ; 0.346 V                             ; 4.45e-10 s                 ; 4.51e-10 s                 ; No                        ; No                        ;
; SDRAM_ADDR[10] ; 3.3-V LVTTL  ; 0 s                 ; 0 s                 ; 3.08 V                       ; 3.73e-08 V                   ; 3.2 V               ; -0.127 V            ; 0.219 V                              ; 0.346 V                              ; 4.45e-10 s                  ; 4.51e-10 s                  ; No                         ; No                         ; 3.08 V                      ; 3.73e-08 V                  ; 3.2 V              ; -0.127 V           ; 0.219 V                             ; 0.346 V                             ; 4.45e-10 s                 ; 4.51e-10 s                 ; No                        ; No                        ;
; SDRAM_ADDR[11] ; 3.3-V LVTTL  ; 0 s                 ; 0 s                 ; 3.08 V                       ; 3.73e-08 V                   ; 3.2 V               ; -0.128 V            ; 0.219 V                              ; 0.346 V                              ; 4.45e-10 s                  ; 4.51e-10 s                  ; No                         ; No                         ; 3.08 V                      ; 3.73e-08 V                  ; 3.2 V              ; -0.128 V           ; 0.219 V                             ; 0.346 V                             ; 4.45e-10 s                 ; 4.51e-10 s                 ; No                        ; No                        ;
; SDRAM_ADDR[12] ; 3.3-V LVTTL  ; 0 s                 ; 0 s                 ; 3.08 V                       ; 3.73e-08 V                   ; 3.2 V               ; -0.128 V            ; 0.219 V                              ; 0.346 V                              ; 4.45e-10 s                  ; 4.51e-10 s                  ; No                         ; No                         ; 3.08 V                      ; 3.73e-08 V                  ; 3.2 V              ; -0.128 V           ; 0.219 V                             ; 0.346 V                             ; 4.45e-10 s                 ; 4.51e-10 s                 ; No                        ; No                        ;
; SDRAM_BA_0     ; 3.3-V LVTTL  ; 0 s                 ; 0 s                 ; 3.08 V                       ; 3.73e-08 V                   ; 3.2 V               ; -0.127 V            ; 0.219 V                              ; 0.346 V                              ; 4.45e-10 s                  ; 4.51e-10 s                  ; No                         ; No                         ; 3.08 V                      ; 3.73e-08 V                  ; 3.2 V              ; -0.127 V           ; 0.219 V                             ; 0.346 V                             ; 4.45e-10 s                 ; 4.51e-10 s                 ; No                        ; No                        ;
; SDRAM_BA_1     ; 3.3-V LVTTL  ; 0 s                 ; 0 s                 ; 3.08 V                       ; 3.73e-08 V                   ; 3.2 V               ; -0.128 V            ; 0.219 V                              ; 0.346 V                              ; 4.45e-10 s                  ; 4.51e-10 s                  ; No                         ; No                         ; 3.08 V                      ; 3.73e-08 V                  ; 3.2 V              ; -0.128 V           ; 0.219 V                             ; 0.346 V                             ; 4.45e-10 s                 ; 4.51e-10 s                 ; No                        ; No                        ;
; LED[0]         ; 3.3-V LVTTL  ; 0 s                 ; 0 s                 ; 3.08 V                       ; 7.22e-08 V                   ; 3.13 V              ; -0.0392 V           ; 0.193 V                              ; 0.302 V                              ; 8.39e-10 s                  ; 8.62e-10 s                  ; No                         ; No                         ; 3.08 V                      ; 7.22e-08 V                  ; 3.13 V             ; -0.0392 V          ; 0.193 V                             ; 0.302 V                             ; 8.39e-10 s                 ; 8.62e-10 s                 ; No                        ; No                        ;
; LED[1]         ; 3.3-V LVTTL  ; 0 s                 ; 0 s                 ; 3.08 V                       ; 7.22e-08 V                   ; 3.13 V              ; -0.0391 V           ; 0.35 V                               ; 0.301 V                              ; 7.3e-10 s                   ; 8.62e-10 s                  ; No                         ; No                         ; 3.08 V                      ; 7.22e-08 V                  ; 3.13 V             ; -0.0391 V          ; 0.35 V                              ; 0.301 V                             ; 7.3e-10 s                  ; 8.62e-10 s                 ; No                        ; No                        ;
; LED[2]         ; 3.3-V LVTTL  ; 0 s                 ; 0 s                 ; 3.08 V                       ; 7.22e-08 V                   ; 3.13 V              ; -0.0392 V           ; 0.193 V                              ; 0.302 V                              ; 8.39e-10 s                  ; 8.62e-10 s                  ; No                         ; No                         ; 3.08 V                      ; 7.22e-08 V                  ; 3.13 V             ; -0.0392 V          ; 0.193 V                             ; 0.302 V                             ; 8.39e-10 s                 ; 8.62e-10 s                 ; No                        ; No                        ;
; LED[3]         ; 3.3-V LVTTL  ; 0 s                 ; 0 s                 ; 3.08 V                       ; 7.22e-08 V                   ; 3.13 V              ; -0.0391 V           ; 0.35 V                               ; 0.301 V                              ; 7.3e-10 s                   ; 8.62e-10 s                  ; No                         ; No                         ; 3.08 V                      ; 7.22e-08 V                  ; 3.13 V             ; -0.0391 V          ; 0.35 V                              ; 0.301 V                             ; 7.3e-10 s                  ; 8.62e-10 s                 ; No                        ; No                        ;
; LED[4]         ; 3.3-V LVTTL  ; 0 s                 ; 0 s                 ; 3.08 V                       ; 7.22e-08 V                   ; 3.13 V              ; -0.0392 V           ; 0.193 V                              ; 0.302 V                              ; 8.39e-10 s                  ; 8.62e-10 s                  ; No                         ; No                         ; 3.08 V                      ; 7.22e-08 V                  ; 3.13 V             ; -0.0392 V          ; 0.193 V                             ; 0.302 V                             ; 8.39e-10 s                 ; 8.62e-10 s                 ; No                        ; No                        ;
; LED[5]         ; 3.3-V LVTTL  ; 0 s                 ; 0 s                 ; 3.08 V                       ; 7.22e-08 V                   ; 3.13 V              ; -0.0392 V           ; 0.193 V                              ; 0.302 V                              ; 8.39e-10 s                  ; 8.62e-10 s                  ; No                         ; No                         ; 3.08 V                      ; 7.22e-08 V                  ; 3.13 V             ; -0.0392 V          ; 0.193 V                             ; 0.302 V                             ; 8.39e-10 s                 ; 8.62e-10 s                 ; No                        ; No                        ;
; LED[6]         ; 3.3-V LVTTL  ; 0 s                 ; 0 s                 ; 3.08 V                       ; 7.22e-08 V                   ; 3.13 V              ; -0.0392 V           ; 0.193 V                              ; 0.302 V                              ; 8.39e-10 s                  ; 8.62e-10 s                  ; No                         ; No                         ; 3.08 V                      ; 7.22e-08 V                  ; 3.13 V             ; -0.0392 V          ; 0.193 V                             ; 0.302 V                             ; 8.39e-10 s                 ; 8.62e-10 s                 ; No                        ; No                        ;
; LED[7]         ; 3.3-V LVTTL  ; 0 s                 ; 0 s                 ; 3.08 V                       ; 7.22e-08 V                   ; 3.13 V              ; -0.0391 V           ; 0.35 V                               ; 0.301 V                              ; 7.3e-10 s                   ; 8.62e-10 s                  ; No                         ; No                         ; 3.08 V                      ; 7.22e-08 V                  ; 3.13 V             ; -0.0391 V          ; 0.35 V                              ; 0.301 V                             ; 7.3e-10 s                  ; 8.62e-10 s                 ; No                        ; No                        ;
; LED[8]         ; 3.3-V LVTTL  ; 0 s                 ; 0 s                 ; 3.08 V                       ; 7.22e-08 V                   ; 3.13 V              ; -0.0391 V           ; 0.35 V                               ; 0.301 V                              ; 7.3e-10 s                   ; 8.62e-10 s                  ; No                         ; No                         ; 3.08 V                      ; 7.22e-08 V                  ; 3.13 V             ; -0.0391 V          ; 0.35 V                              ; 0.301 V                             ; 7.3e-10 s                  ; 8.62e-10 s                 ; No                        ; No                        ;
; LED[9]         ; 3.3-V LVTTL  ; 0 s                 ; 0 s                 ; 3.08 V                       ; 7.22e-08 V                   ; 3.13 V              ; -0.0392 V           ; 0.193 V                              ; 0.302 V                              ; 8.39e-10 s                  ; 8.62e-10 s                  ; No                         ; No                         ; 3.08 V                      ; 7.22e-08 V                  ; 3.13 V             ; -0.0392 V          ; 0.193 V                             ; 0.302 V                             ; 8.39e-10 s                 ; 8.62e-10 s                 ; No                        ; No                        ;
; UART0_TXD      ; 3.3-V LVTTL  ; 0 s                 ; 0 s                 ; 3.08 V                       ; 7.22e-08 V                   ; 3.13 V              ; -0.0392 V           ; 0.193 V                              ; 0.302 V                              ; 8.39e-10 s                  ; 8.62e-10 s                  ; No                         ; No                         ; 3.08 V                      ; 7.22e-08 V                  ; 3.13 V             ; -0.0392 V          ; 0.193 V                             ; 0.302 V                             ; 8.39e-10 s                 ; 8.62e-10 s                 ; No                        ; No                        ;
; SDRAM_DQ[0]    ; 3.3-V LVTTL  ; 0 s                 ; 0 s                 ; 3.08 V                       ; 3.73e-08 V                   ; 3.2 V               ; -0.128 V            ; 0.219 V                              ; 0.346 V                              ; 4.45e-10 s                  ; 4.51e-10 s                  ; No                         ; No                         ; 3.08 V                      ; 3.73e-08 V                  ; 3.2 V              ; -0.128 V           ; 0.219 V                             ; 0.346 V                             ; 4.45e-10 s                 ; 4.51e-10 s                 ; No                        ; No                        ;
; SDRAM_DQ[1]    ; 3.3-V LVTTL  ; 0 s                 ; 0 s                 ; 3.08 V                       ; 3.73e-08 V                   ; 3.2 V               ; -0.127 V            ; 0.219 V                              ; 0.346 V                              ; 4.45e-10 s                  ; 4.51e-10 s                  ; No                         ; No                         ; 3.08 V                      ; 3.73e-08 V                  ; 3.2 V              ; -0.127 V           ; 0.219 V                             ; 0.346 V                             ; 4.45e-10 s                 ; 4.51e-10 s                 ; No                        ; No                        ;
; SDRAM_DQ[2]    ; 3.3-V LVTTL  ; 0 s                 ; 0 s                 ; 3.08 V                       ; 3.73e-08 V                   ; 3.2 V               ; -0.128 V            ; 0.219 V                              ; 0.346 V                              ; 4.45e-10 s                  ; 4.51e-10 s                  ; No                         ; No                         ; 3.08 V                      ; 3.73e-08 V                  ; 3.2 V              ; -0.128 V           ; 0.219 V                             ; 0.346 V                             ; 4.45e-10 s                 ; 4.51e-10 s                 ; No                        ; No                        ;
; SDRAM_DQ[3]    ; 3.3-V LVTTL  ; 0 s                 ; 0 s                 ; 3.08 V                       ; 3.73e-08 V                   ; 3.2 V               ; -0.127 V            ; 0.219 V                              ; 0.346 V                              ; 4.45e-10 s                  ; 4.51e-10 s                  ; No                         ; No                         ; 3.08 V                      ; 3.73e-08 V                  ; 3.2 V              ; -0.127 V           ; 0.219 V                             ; 0.346 V                             ; 4.45e-10 s                 ; 4.51e-10 s                 ; No                        ; No                        ;
; SDRAM_DQ[4]    ; 3.3-V LVTTL  ; 0 s                 ; 0 s                 ; 3.08 V                       ; 3.73e-08 V                   ; 3.2 V               ; -0.127 V            ; 0.219 V                              ; 0.346 V                              ; 4.45e-10 s                  ; 4.51e-10 s                  ; No                         ; No                         ; 3.08 V                      ; 3.73e-08 V                  ; 3.2 V              ; -0.127 V           ; 0.219 V                             ; 0.346 V                             ; 4.45e-10 s                 ; 4.51e-10 s                 ; No                        ; No                        ;
; SDRAM_DQ[5]    ; 3.3-V LVTTL  ; 0 s                 ; 0 s                 ; 3.08 V                       ; 3.73e-08 V                   ; 3.2 V               ; -0.128 V            ; 0.219 V                              ; 0.346 V                              ; 4.45e-10 s                  ; 4.51e-10 s                  ; No                         ; No                         ; 3.08 V                      ; 3.73e-08 V                  ; 3.2 V              ; -0.128 V           ; 0.219 V                             ; 0.346 V                             ; 4.45e-10 s                 ; 4.51e-10 s                 ; No                        ; No                        ;
; SDRAM_DQ[6]    ; 3.3-V LVTTL  ; 0 s                 ; 0 s                 ; 3.08 V                       ; 3.73e-08 V                   ; 3.2 V               ; -0.128 V            ; 0.219 V                              ; 0.346 V                              ; 4.45e-10 s                  ; 4.51e-10 s                  ; No                         ; No                         ; 3.08 V                      ; 3.73e-08 V                  ; 3.2 V              ; -0.128 V           ; 0.219 V                             ; 0.346 V                             ; 4.45e-10 s                 ; 4.51e-10 s                 ; No                        ; No                        ;
; SDRAM_DQ[7]    ; 3.3-V LVTTL  ; 0 s                 ; 0 s                 ; 3.08 V                       ; 3.73e-08 V                   ; 3.2 V               ; -0.127 V            ; 0.219 V                              ; 0.346 V                              ; 4.45e-10 s                  ; 4.51e-10 s                  ; No                         ; No                         ; 3.08 V                      ; 3.73e-08 V                  ; 3.2 V              ; -0.127 V           ; 0.219 V                             ; 0.346 V                             ; 4.45e-10 s                 ; 4.51e-10 s                 ; No                        ; No                        ;
; SDRAM_DQ[8]    ; 3.3-V LVTTL  ; 0 s                 ; 0 s                 ; 3.08 V                       ; 3.73e-08 V                   ; 3.2 V               ; -0.127 V            ; 0.219 V                              ; 0.346 V                              ; 4.45e-10 s                  ; 4.51e-10 s                  ; No                         ; No                         ; 3.08 V                      ; 3.73e-08 V                  ; 3.2 V              ; -0.127 V           ; 0.219 V                             ; 0.346 V                             ; 4.45e-10 s                 ; 4.51e-10 s                 ; No                        ; No                        ;
; SDRAM_DQ[9]    ; 3.3-V LVTTL  ; 0 s                 ; 0 s                 ; 3.08 V                       ; 3.73e-08 V                   ; 3.2 V               ; -0.127 V            ; 0.219 V                              ; 0.346 V                              ; 4.45e-10 s                  ; 4.51e-10 s                  ; No                         ; No                         ; 3.08 V                      ; 3.73e-08 V                  ; 3.2 V              ; -0.127 V           ; 0.219 V                             ; 0.346 V                             ; 4.45e-10 s                 ; 4.51e-10 s                 ; No                        ; No                        ;
; SDRAM_DQ[10]   ; 3.3-V LVTTL  ; 0 s                 ; 0 s                 ; 3.08 V                       ; 3.73e-08 V                   ; 3.2 V               ; -0.128 V            ; 0.219 V                              ; 0.346 V                              ; 4.45e-10 s                  ; 4.51e-10 s                  ; No                         ; No                         ; 3.08 V                      ; 3.73e-08 V                  ; 3.2 V              ; -0.128 V           ; 0.219 V                             ; 0.346 V                             ; 4.45e-10 s                 ; 4.51e-10 s                 ; No                        ; No                        ;
; SDRAM_DQ[11]   ; 3.3-V LVTTL  ; 0 s                 ; 0 s                 ; 3.08 V                       ; 3.73e-08 V                   ; 3.2 V               ; -0.127 V            ; 0.219 V                              ; 0.346 V                              ; 4.45e-10 s                  ; 4.51e-10 s                  ; No                         ; No                         ; 3.08 V                      ; 3.73e-08 V                  ; 3.2 V              ; -0.127 V           ; 0.219 V                             ; 0.346 V                             ; 4.45e-10 s                 ; 4.51e-10 s                 ; No                        ; No                        ;
; SDRAM_DQ[12]   ; 3.3-V LVTTL  ; 0 s                 ; 0 s                 ; 3.08 V                       ; 3.73e-08 V                   ; 3.2 V               ; -0.127 V            ; 0.219 V                              ; 0.346 V                              ; 4.45e-10 s                  ; 4.51e-10 s                  ; No                         ; No                         ; 3.08 V                      ; 3.73e-08 V                  ; 3.2 V              ; -0.127 V           ; 0.219 V                             ; 0.346 V                             ; 4.45e-10 s                 ; 4.51e-10 s                 ; No                        ; No                        ;
; SDRAM_DQ[13]   ; 3.3-V LVTTL  ; 0 s                 ; 0 s                 ; 3.08 V                       ; 3.73e-08 V                   ; 3.2 V               ; -0.127 V            ; 0.219 V                              ; 0.346 V                              ; 4.45e-10 s                  ; 4.51e-10 s                  ; No                         ; No                         ; 3.08 V                      ; 3.73e-08 V                  ; 3.2 V              ; -0.127 V           ; 0.219 V                             ; 0.346 V                             ; 4.45e-10 s                 ; 4.51e-10 s                 ; No                        ; No                        ;
; SDRAM_DQ[14]   ; 3.3-V LVTTL  ; 0 s                 ; 0 s                 ; 3.08 V                       ; 3.73e-08 V                   ; 3.2 V               ; -0.128 V            ; 0.219 V                              ; 0.346 V                              ; 4.45e-10 s                  ; 4.51e-10 s                  ; No                         ; No                         ; 3.08 V                      ; 3.73e-08 V                  ; 3.2 V              ; -0.128 V           ; 0.219 V                             ; 0.346 V                             ; 4.45e-10 s                 ; 4.51e-10 s                 ; No                        ; No                        ;
; SDRAM_DQ[15]   ; 3.3-V LVTTL  ; 0 s                 ; 0 s                 ; 3.08 V                       ; 3.73e-08 V                   ; 3.2 V               ; -0.128 V            ; 0.219 V                              ; 0.346 V                              ; 4.45e-10 s                  ; 4.51e-10 s                  ; No                         ; No                         ; 3.08 V                      ; 3.73e-08 V                  ; 3.2 V              ; -0.128 V           ; 0.219 V                             ; 0.346 V                             ; 4.45e-10 s                 ; 4.51e-10 s                 ; No                        ; No                        ;
; ~ALTERA_TDO~   ; 2.5 V        ; 0 s                 ; 0 s                 ; 2.32 V                       ; 1.39e-08 V                   ; 2.39 V              ; -0.0409 V           ; 0.21 V                               ; 0.121 V                              ; 4.7e-10 s                   ; 5.93e-10 s                  ; No                         ; Yes                        ; 2.32 V                      ; 1.39e-08 V                  ; 2.39 V             ; -0.0409 V          ; 0.21 V                              ; 0.121 V                             ; 4.7e-10 s                  ; 5.93e-10 s                 ; No                        ; Yes                       ;
+----------------+--------------+---------------------+---------------------+------------------------------+------------------------------+---------------------+---------------------+--------------------------------------+--------------------------------------+-----------------------------+-----------------------------+----------------------------+----------------------------+-----------------------------+-----------------------------+--------------------+--------------------+-------------------------------------+-------------------------------------+----------------------------+----------------------------+---------------------------+---------------------------+


+---------------------------------------------------------------------------------------------------------------------------------------------------------------------------------------------------------------------------------------------------------------------------------------------------------------------------------------------------------------------------------------------------------------------------------------------------------------------------------------------------------------------------------------------------------------------------------------------------------------------------------------------------------------------------------------------+
; Signal Integrity Metrics (Slow 1200mv 85c Model)                                                                                                                                                                                                                                                                                                                                                                                                                                                                                                                                                                                                                                            ;
+----------------+--------------+---------------------+---------------------+------------------------------+------------------------------+---------------------+---------------------+--------------------------------------+--------------------------------------+-----------------------------+-----------------------------+----------------------------+----------------------------+-----------------------------+-----------------------------+--------------------+--------------------+-------------------------------------+-------------------------------------+----------------------------+----------------------------+---------------------------+---------------------------+
; Pin            ; I/O Standard ; Board Delay on Rise ; Board Delay on Fall ; Steady State Voh at FPGA Pin ; Steady State Vol at FPGA Pin ; Voh Max at FPGA Pin ; Vol Min at FPGA Pin ; Ringback Voltage on Rise at FPGA Pin ; Ringback Voltage on Fall at FPGA Pin ; 10-90 Rise Time at FPGA Pin ; 90-10 Fall Time at FPGA Pin ; Monotonic Rise at FPGA Pin ; Monotonic Fall at FPGA Pin ; Steady State Voh at Far-end ; Steady State Vol at Far-end ; Voh Max at Far-end ; Vol Min at Far-end ; Ringback Voltage on Rise at Far-end ; Ringback Voltage on Fall at Far-end ; 10-90 Rise Time at Far-end ; 90-10 Fall Time at Far-end ; Monotonic Rise at Far-end ; Monotonic Fall at Far-end ;
+----------------+--------------+---------------------+---------------------+------------------------------+------------------------------+---------------------+---------------------+--------------------------------------+--------------------------------------+-----------------------------+-----------------------------+----------------------------+----------------------------+-----------------------------+-----------------------------+--------------------+--------------------+-------------------------------------+-------------------------------------+----------------------------+----------------------------+---------------------------+---------------------------+
; TDO_o          ; 3.3-V LVTTL  ; 0 s                 ; 0 s                 ; 3.08 V                       ; 6.54e-06 V                   ; 3.1 V               ; -0.0171 V           ; 0.236 V                              ; 0.235 V                              ; 1.08e-09 s                  ; 1.24e-09 s                  ; Yes                        ; Yes                        ; 3.08 V                      ; 6.54e-06 V                  ; 3.1 V              ; -0.0171 V          ; 0.236 V                             ; 0.235 V                             ; 1.08e-09 s                 ; 1.24e-09 s                 ; Yes                       ; Yes                       ;
; SDRAM_CLK      ; 3.3-V LVTTL  ; 0 s                 ; 0 s                 ; 3.08 V                       ; 3.41e-06 V                   ; 3.16 V              ; -0.0688 V           ; 0.26 V                               ; 0.209 V                              ; 4.69e-10 s                  ; 6.21e-10 s                  ; No                         ; No                         ; 3.08 V                      ; 3.41e-06 V                  ; 3.16 V             ; -0.0688 V          ; 0.26 V                              ; 0.209 V                             ; 4.69e-10 s                 ; 6.21e-10 s                 ; No                        ; No                        ;
; SDRAM_CKE      ; 3.3-V LVTTL  ; 0 s                 ; 0 s                 ; 3.08 V                       ; 3.41e-06 V                   ; 3.16 V              ; -0.0694 V           ; 0.259 V                              ; 0.209 V                              ; 4.69e-10 s                  ; 6.21e-10 s                  ; No                         ; No                         ; 3.08 V                      ; 3.41e-06 V                  ; 3.16 V             ; -0.0694 V          ; 0.259 V                             ; 0.209 V                             ; 4.69e-10 s                 ; 6.21e-10 s                 ; No                        ; No                        ;
; SDRAM_CS_N     ; 3.3-V LVTTL  ; 0 s                 ; 0 s                 ; 3.08 V                       ; 3.41e-06 V                   ; 3.16 V              ; -0.0694 V           ; 0.259 V                              ; 0.209 V                              ; 4.69e-10 s                  ; 6.21e-10 s                  ; No                         ; No                         ; 3.08 V                      ; 3.41e-06 V                  ; 3.16 V             ; -0.0694 V          ; 0.259 V                             ; 0.209 V                             ; 4.69e-10 s                 ; 6.21e-10 s                 ; No                        ; No                        ;
; SDRAM_RAS_N    ; 3.3-V LVTTL  ; 0 s                 ; 0 s                 ; 3.08 V                       ; 3.41e-06 V                   ; 3.16 V              ; -0.0694 V           ; 0.259 V                              ; 0.209 V                              ; 4.69e-10 s                  ; 6.21e-10 s                  ; No                         ; No                         ; 3.08 V                      ; 3.41e-06 V                  ; 3.16 V             ; -0.0694 V          ; 0.259 V                             ; 0.209 V                             ; 4.69e-10 s                 ; 6.21e-10 s                 ; No                        ; No                        ;
; SDRAM_CAS_N    ; 3.3-V LVTTL  ; 0 s                 ; 0 s                 ; 3.08 V                       ; 3.41e-06 V                   ; 3.16 V              ; -0.0688 V           ; 0.26 V                               ; 0.209 V                              ; 4.69e-10 s                  ; 6.21e-10 s                  ; No                         ; No                         ; 3.08 V                      ; 3.41e-06 V                  ; 3.16 V             ; -0.0688 V          ; 0.26 V                              ; 0.209 V                             ; 4.69e-10 s                 ; 6.21e-10 s                 ; No                        ; No                        ;
; SDRAM_WE_N     ; 3.3-V LVTTL  ; 0 s                 ; 0 s                 ; 3.08 V                       ; 3.41e-06 V                   ; 3.16 V              ; -0.0688 V           ; 0.26 V                               ; 0.209 V                              ; 4.69e-10 s                  ; 6.21e-10 s                  ; No                         ; No                         ; 3.08 V                      ; 3.41e-06 V                  ; 3.16 V             ; -0.0688 V          ; 0.26 V                              ; 0.209 V                             ; 4.69e-10 s                 ; 6.21e-10 s                 ; No                        ; No                        ;
; SDRAM_DQML     ; 3.3-V LVTTL  ; 0 s                 ; 0 s                 ; 3.08 V                       ; 3.41e-06 V                   ; 3.16 V              ; -0.0694 V           ; 0.259 V                              ; 0.209 V                              ; 4.69e-10 s                  ; 6.21e-10 s                  ; No                         ; No                         ; 3.08 V                      ; 3.41e-06 V                  ; 3.16 V             ; -0.0694 V          ; 0.259 V                             ; 0.209 V                             ; 4.69e-10 s                 ; 6.21e-10 s                 ; No                        ; No                        ;
; SDRAM_DQMU     ; 3.3-V LVTTL  ; 0 s                 ; 0 s                 ; 3.08 V                       ; 3.41e-06 V                   ; 3.16 V              ; -0.0694 V           ; 0.259 V                              ; 0.209 V                              ; 4.69e-10 s                  ; 6.21e-10 s                  ; No                         ; No                         ; 3.08 V                      ; 3.41e-06 V                  ; 3.16 V             ; -0.0694 V          ; 0.259 V                             ; 0.209 V                             ; 4.69e-10 s                 ; 6.21e-10 s                 ; No                        ; No                        ;
; SDRAM_ADDR[0]  ; 3.3-V LVTTL  ; 0 s                 ; 0 s                 ; 3.08 V                       ; 3.41e-06 V                   ; 3.16 V              ; -0.0694 V           ; 0.259 V                              ; 0.209 V                              ; 4.69e-10 s                  ; 6.21e-10 s                  ; No                         ; No                         ; 3.08 V                      ; 3.41e-06 V                  ; 3.16 V             ; -0.0694 V          ; 0.259 V                             ; 0.209 V                             ; 4.69e-10 s                 ; 6.21e-10 s                 ; No                        ; No                        ;
; SDRAM_ADDR[1]  ; 3.3-V LVTTL  ; 0 s                 ; 0 s                 ; 3.08 V                       ; 3.41e-06 V                   ; 3.16 V              ; -0.0688 V           ; 0.26 V                               ; 0.209 V                              ; 4.69e-10 s                  ; 6.21e-10 s                  ; No                         ; No                         ; 3.08 V                      ; 3.41e-06 V                  ; 3.16 V             ; -0.0688 V          ; 0.26 V                              ; 0.209 V                             ; 4.69e-10 s                 ; 6.21e-10 s                 ; No                        ; No                        ;
; SDRAM_ADDR[2]  ; 3.3-V LVTTL  ; 0 s                 ; 0 s                 ; 3.08 V                       ; 3.41e-06 V                   ; 3.16 V              ; -0.0688 V           ; 0.26 V                               ; 0.209 V                              ; 4.69e-10 s                  ; 6.21e-10 s                  ; No                         ; No                         ; 3.08 V                      ; 3.41e-06 V                  ; 3.16 V             ; -0.0688 V          ; 0.26 V                              ; 0.209 V                             ; 4.69e-10 s                 ; 6.21e-10 s                 ; No                        ; No                        ;
; SDRAM_ADDR[3]  ; 3.3-V LVTTL  ; 0 s                 ; 0 s                 ; 3.08 V                       ; 3.41e-06 V                   ; 3.16 V              ; -0.0688 V           ; 0.26 V                               ; 0.209 V                              ; 4.69e-10 s                  ; 6.21e-10 s                  ; No                         ; No                         ; 3.08 V                      ; 3.41e-06 V                  ; 3.16 V             ; -0.0688 V          ; 0.26 V                              ; 0.209 V                             ; 4.69e-10 s                 ; 6.21e-10 s                 ; No                        ; No                        ;
; SDRAM_ADDR[4]  ; 3.3-V LVTTL  ; 0 s                 ; 0 s                 ; 3.08 V                       ; 3.41e-06 V                   ; 3.16 V              ; -0.0694 V           ; 0.259 V                              ; 0.209 V                              ; 4.69e-10 s                  ; 6.21e-10 s                  ; No                         ; No                         ; 3.08 V                      ; 3.41e-06 V                  ; 3.16 V             ; -0.0694 V          ; 0.259 V                             ; 0.209 V                             ; 4.69e-10 s                 ; 6.21e-10 s                 ; No                        ; No                        ;
; SDRAM_ADDR[5]  ; 3.3-V LVTTL  ; 0 s                 ; 0 s                 ; 3.08 V                       ; 3.41e-06 V                   ; 3.16 V              ; -0.0694 V           ; 0.259 V                              ; 0.209 V                              ; 4.69e-10 s                  ; 6.21e-10 s                  ; No                         ; No                         ; 3.08 V                      ; 3.41e-06 V                  ; 3.16 V             ; -0.0694 V          ; 0.259 V                             ; 0.209 V                             ; 4.69e-10 s                 ; 6.21e-10 s                 ; No                        ; No                        ;
; SDRAM_ADDR[6]  ; 3.3-V LVTTL  ; 0 s                 ; 0 s                 ; 3.08 V                       ; 3.41e-06 V                   ; 3.16 V              ; -0.0688 V           ; 0.26 V                               ; 0.209 V                              ; 4.69e-10 s                  ; 6.21e-10 s                  ; No                         ; No                         ; 3.08 V                      ; 3.41e-06 V                  ; 3.16 V             ; -0.0688 V          ; 0.26 V                              ; 0.209 V                             ; 4.69e-10 s                 ; 6.21e-10 s                 ; No                        ; No                        ;
; SDRAM_ADDR[7]  ; 3.3-V LVTTL  ; 0 s                 ; 0 s                 ; 3.08 V                       ; 3.41e-06 V                   ; 3.16 V              ; -0.0688 V           ; 0.26 V                               ; 0.209 V                              ; 4.69e-10 s                  ; 6.21e-10 s                  ; No                         ; No                         ; 3.08 V                      ; 3.41e-06 V                  ; 3.16 V             ; -0.0688 V          ; 0.26 V                              ; 0.209 V                             ; 4.69e-10 s                 ; 6.21e-10 s                 ; No                        ; No                        ;
; SDRAM_ADDR[8]  ; 3.3-V LVTTL  ; 0 s                 ; 0 s                 ; 3.08 V                       ; 3.41e-06 V                   ; 3.16 V              ; -0.0694 V           ; 0.259 V                              ; 0.209 V                              ; 4.69e-10 s                  ; 6.21e-10 s                  ; No                         ; No                         ; 3.08 V                      ; 3.41e-06 V                  ; 3.16 V             ; -0.0694 V          ; 0.259 V                             ; 0.209 V                             ; 4.69e-10 s                 ; 6.21e-10 s                 ; No                        ; No                        ;
; SDRAM_ADDR[9]  ; 3.3-V LVTTL  ; 0 s                 ; 0 s                 ; 3.08 V                       ; 3.41e-06 V                   ; 3.16 V              ; -0.0688 V           ; 0.26 V                               ; 0.209 V                              ; 4.69e-10 s                  ; 6.21e-10 s                  ; No                         ; No                         ; 3.08 V                      ; 3.41e-06 V                  ; 3.16 V             ; -0.0688 V          ; 0.26 V                              ; 0.209 V                             ; 4.69e-10 s                 ; 6.21e-10 s                 ; No                        ; No                        ;
; SDRAM_ADDR[10] ; 3.3-V LVTTL  ; 0 s                 ; 0 s                 ; 3.08 V                       ; 3.41e-06 V                   ; 3.16 V              ; -0.0688 V           ; 0.26 V                               ; 0.209 V                              ; 4.69e-10 s                  ; 6.21e-10 s                  ; No                         ; No                         ; 3.08 V                      ; 3.41e-06 V                  ; 3.16 V             ; -0.0688 V          ; 0.26 V                              ; 0.209 V                             ; 4.69e-10 s                 ; 6.21e-10 s                 ; No                        ; No                        ;
; SDRAM_ADDR[11] ; 3.3-V LVTTL  ; 0 s                 ; 0 s                 ; 3.08 V                       ; 3.41e-06 V                   ; 3.16 V              ; -0.0694 V           ; 0.259 V                              ; 0.209 V                              ; 4.69e-10 s                  ; 6.21e-10 s                  ; No                         ; No                         ; 3.08 V                      ; 3.41e-06 V                  ; 3.16 V             ; -0.0694 V          ; 0.259 V                             ; 0.209 V                             ; 4.69e-10 s                 ; 6.21e-10 s                 ; No                        ; No                        ;
; SDRAM_ADDR[12] ; 3.3-V LVTTL  ; 0 s                 ; 0 s                 ; 3.08 V                       ; 3.41e-06 V                   ; 3.16 V              ; -0.0694 V           ; 0.259 V                              ; 0.209 V                              ; 4.69e-10 s                  ; 6.21e-10 s                  ; No                         ; No                         ; 3.08 V                      ; 3.41e-06 V                  ; 3.16 V             ; -0.0694 V          ; 0.259 V                             ; 0.209 V                             ; 4.69e-10 s                 ; 6.21e-10 s                 ; No                        ; No                        ;
; SDRAM_BA_0     ; 3.3-V LVTTL  ; 0 s                 ; 0 s                 ; 3.08 V                       ; 3.41e-06 V                   ; 3.16 V              ; -0.0688 V           ; 0.26 V                               ; 0.209 V                              ; 4.69e-10 s                  ; 6.21e-10 s                  ; No                         ; No                         ; 3.08 V                      ; 3.41e-06 V                  ; 3.16 V             ; -0.0688 V          ; 0.26 V                              ; 0.209 V                             ; 4.69e-10 s                 ; 6.21e-10 s                 ; No                        ; No                        ;
; SDRAM_BA_1     ; 3.3-V LVTTL  ; 0 s                 ; 0 s                 ; 3.08 V                       ; 3.41e-06 V                   ; 3.16 V              ; -0.0694 V           ; 0.259 V                              ; 0.209 V                              ; 4.69e-10 s                  ; 6.21e-10 s                  ; No                         ; No                         ; 3.08 V                      ; 3.41e-06 V                  ; 3.16 V             ; -0.0694 V          ; 0.259 V                             ; 0.209 V                             ; 4.69e-10 s                 ; 6.21e-10 s                 ; No                        ; No                        ;
; LED[0]         ; 3.3-V LVTTL  ; 0 s                 ; 0 s                 ; 3.08 V                       ; 6.54e-06 V                   ; 3.11 V              ; -0.0185 V           ; 0.293 V                              ; 0.282 V                              ; 9.12e-10 s                  ; 1.06e-09 s                  ; Yes                        ; Yes                        ; 3.08 V                      ; 6.54e-06 V                  ; 3.11 V             ; -0.0185 V          ; 0.293 V                             ; 0.282 V                             ; 9.12e-10 s                 ; 1.06e-09 s                 ; Yes                       ; Yes                       ;
; LED[1]         ; 3.3-V LVTTL  ; 0 s                 ; 0 s                 ; 3.08 V                       ; 6.54e-06 V                   ; 3.11 V              ; -0.0183 V           ; 0.293 V                              ; 0.281 V                              ; 9.12e-10 s                  ; 1.06e-09 s                  ; Yes                        ; Yes                        ; 3.08 V                      ; 6.54e-06 V                  ; 3.11 V             ; -0.0183 V          ; 0.293 V                             ; 0.281 V                             ; 9.12e-10 s                 ; 1.06e-09 s                 ; Yes                       ; Yes                       ;
; LED[2]         ; 3.3-V LVTTL  ; 0 s                 ; 0 s                 ; 3.08 V                       ; 6.54e-06 V                   ; 3.11 V              ; -0.0185 V           ; 0.293 V                              ; 0.282 V                              ; 9.12e-10 s                  ; 1.06e-09 s                  ; Yes                        ; Yes                        ; 3.08 V                      ; 6.54e-06 V                  ; 3.11 V             ; -0.0185 V          ; 0.293 V                             ; 0.282 V                             ; 9.12e-10 s                 ; 1.06e-09 s                 ; Yes                       ; Yes                       ;
; LED[3]         ; 3.3-V LVTTL  ; 0 s                 ; 0 s                 ; 3.08 V                       ; 6.54e-06 V                   ; 3.11 V              ; -0.0183 V           ; 0.293 V                              ; 0.281 V                              ; 9.12e-10 s                  ; 1.06e-09 s                  ; Yes                        ; Yes                        ; 3.08 V                      ; 6.54e-06 V                  ; 3.11 V             ; -0.0183 V          ; 0.293 V                             ; 0.281 V                             ; 9.12e-10 s                 ; 1.06e-09 s                 ; Yes                       ; Yes                       ;
; LED[4]         ; 3.3-V LVTTL  ; 0 s                 ; 0 s                 ; 3.08 V                       ; 6.54e-06 V                   ; 3.11 V              ; -0.0185 V           ; 0.293 V                              ; 0.282 V                              ; 9.12e-10 s                  ; 1.06e-09 s                  ; Yes                        ; Yes                        ; 3.08 V                      ; 6.54e-06 V                  ; 3.11 V             ; -0.0185 V          ; 0.293 V                             ; 0.282 V                             ; 9.12e-10 s                 ; 1.06e-09 s                 ; Yes                       ; Yes                       ;
; LED[5]         ; 3.3-V LVTTL  ; 0 s                 ; 0 s                 ; 3.08 V                       ; 6.54e-06 V                   ; 3.11 V              ; -0.0185 V           ; 0.293 V                              ; 0.282 V                              ; 9.12e-10 s                  ; 1.06e-09 s                  ; Yes                        ; Yes                        ; 3.08 V                      ; 6.54e-06 V                  ; 3.11 V             ; -0.0185 V          ; 0.293 V                             ; 0.282 V                             ; 9.12e-10 s                 ; 1.06e-09 s                 ; Yes                       ; Yes                       ;
; LED[6]         ; 3.3-V LVTTL  ; 0 s                 ; 0 s                 ; 3.08 V                       ; 6.54e-06 V                   ; 3.11 V              ; -0.0185 V           ; 0.293 V                              ; 0.282 V                              ; 9.12e-10 s                  ; 1.06e-09 s                  ; Yes                        ; Yes                        ; 3.08 V                      ; 6.54e-06 V                  ; 3.11 V             ; -0.0185 V          ; 0.293 V                             ; 0.282 V                             ; 9.12e-10 s                 ; 1.06e-09 s                 ; Yes                       ; Yes                       ;
; LED[7]         ; 3.3-V LVTTL  ; 0 s                 ; 0 s                 ; 3.08 V                       ; 6.54e-06 V                   ; 3.11 V              ; -0.0183 V           ; 0.293 V                              ; 0.281 V                              ; 9.12e-10 s                  ; 1.06e-09 s                  ; Yes                        ; Yes                        ; 3.08 V                      ; 6.54e-06 V                  ; 3.11 V             ; -0.0183 V          ; 0.293 V                             ; 0.281 V                             ; 9.12e-10 s                 ; 1.06e-09 s                 ; Yes                       ; Yes                       ;
; LED[8]         ; 3.3-V LVTTL  ; 0 s                 ; 0 s                 ; 3.08 V                       ; 6.54e-06 V                   ; 3.11 V              ; -0.0183 V           ; 0.293 V                              ; 0.281 V                              ; 9.12e-10 s                  ; 1.06e-09 s                  ; Yes                        ; Yes                        ; 3.08 V                      ; 6.54e-06 V                  ; 3.11 V             ; -0.0183 V          ; 0.293 V                             ; 0.281 V                             ; 9.12e-10 s                 ; 1.06e-09 s                 ; Yes                       ; Yes                       ;
; LED[9]         ; 3.3-V LVTTL  ; 0 s                 ; 0 s                 ; 3.08 V                       ; 6.54e-06 V                   ; 3.11 V              ; -0.0185 V           ; 0.293 V                              ; 0.282 V                              ; 9.12e-10 s                  ; 1.06e-09 s                  ; Yes                        ; Yes                        ; 3.08 V                      ; 6.54e-06 V                  ; 3.11 V             ; -0.0185 V          ; 0.293 V                             ; 0.282 V                             ; 9.12e-10 s                 ; 1.06e-09 s                 ; Yes                       ; Yes                       ;
; UART0_TXD      ; 3.3-V LVTTL  ; 0 s                 ; 0 s                 ; 3.08 V                       ; 6.54e-06 V                   ; 3.11 V              ; -0.0185 V           ; 0.293 V                              ; 0.282 V                              ; 9.12e-10 s                  ; 1.06e-09 s                  ; Yes                        ; Yes                        ; 3.08 V                      ; 6.54e-06 V                  ; 3.11 V             ; -0.0185 V          ; 0.293 V                             ; 0.282 V                             ; 9.12e-10 s                 ; 1.06e-09 s                 ; Yes                       ; Yes                       ;
; SDRAM_DQ[0]    ; 3.3-V LVTTL  ; 0 s                 ; 0 s                 ; 3.08 V                       ; 3.41e-06 V                   ; 3.16 V              ; -0.0694 V           ; 0.259 V                              ; 0.209 V                              ; 4.69e-10 s                  ; 6.21e-10 s                  ; No                         ; No                         ; 3.08 V                      ; 3.41e-06 V                  ; 3.16 V             ; -0.0694 V          ; 0.259 V                             ; 0.209 V                             ; 4.69e-10 s                 ; 6.21e-10 s                 ; No                        ; No                        ;
; SDRAM_DQ[1]    ; 3.3-V LVTTL  ; 0 s                 ; 0 s                 ; 3.08 V                       ; 3.41e-06 V                   ; 3.16 V              ; -0.0688 V           ; 0.26 V                               ; 0.209 V                              ; 4.69e-10 s                  ; 6.21e-10 s                  ; No                         ; No                         ; 3.08 V                      ; 3.41e-06 V                  ; 3.16 V             ; -0.0688 V          ; 0.26 V                              ; 0.209 V                             ; 4.69e-10 s                 ; 6.21e-10 s                 ; No                        ; No                        ;
; SDRAM_DQ[2]    ; 3.3-V LVTTL  ; 0 s                 ; 0 s                 ; 3.08 V                       ; 3.41e-06 V                   ; 3.16 V              ; -0.0694 V           ; 0.259 V                              ; 0.209 V                              ; 4.69e-10 s                  ; 6.21e-10 s                  ; No                         ; No                         ; 3.08 V                      ; 3.41e-06 V                  ; 3.16 V             ; -0.0694 V          ; 0.259 V                             ; 0.209 V                             ; 4.69e-10 s                 ; 6.21e-10 s                 ; No                        ; No                        ;
; SDRAM_DQ[3]    ; 3.3-V LVTTL  ; 0 s                 ; 0 s                 ; 3.08 V                       ; 3.41e-06 V                   ; 3.16 V              ; -0.0688 V           ; 0.26 V                               ; 0.209 V                              ; 4.69e-10 s                  ; 6.21e-10 s                  ; No                         ; No                         ; 3.08 V                      ; 3.41e-06 V                  ; 3.16 V             ; -0.0688 V          ; 0.26 V                              ; 0.209 V                             ; 4.69e-10 s                 ; 6.21e-10 s                 ; No                        ; No                        ;
; SDRAM_DQ[4]    ; 3.3-V LVTTL  ; 0 s                 ; 0 s                 ; 3.08 V                       ; 3.41e-06 V                   ; 3.16 V              ; -0.0688 V           ; 0.26 V                               ; 0.209 V                              ; 4.69e-10 s                  ; 6.21e-10 s                  ; No                         ; No                         ; 3.08 V                      ; 3.41e-06 V                  ; 3.16 V             ; -0.0688 V          ; 0.26 V                              ; 0.209 V                             ; 4.69e-10 s                 ; 6.21e-10 s                 ; No                        ; No                        ;
; SDRAM_DQ[5]    ; 3.3-V LVTTL  ; 0 s                 ; 0 s                 ; 3.08 V                       ; 3.41e-06 V                   ; 3.16 V              ; -0.0694 V           ; 0.259 V                              ; 0.209 V                              ; 4.69e-10 s                  ; 6.21e-10 s                  ; No                         ; No                         ; 3.08 V                      ; 3.41e-06 V                  ; 3.16 V             ; -0.0694 V          ; 0.259 V                             ; 0.209 V                             ; 4.69e-10 s                 ; 6.21e-10 s                 ; No                        ; No                        ;
; SDRAM_DQ[6]    ; 3.3-V LVTTL  ; 0 s                 ; 0 s                 ; 3.08 V                       ; 3.41e-06 V                   ; 3.16 V              ; -0.0694 V           ; 0.259 V                              ; 0.209 V                              ; 4.69e-10 s                  ; 6.21e-10 s                  ; No                         ; No                         ; 3.08 V                      ; 3.41e-06 V                  ; 3.16 V             ; -0.0694 V          ; 0.259 V                             ; 0.209 V                             ; 4.69e-10 s                 ; 6.21e-10 s                 ; No                        ; No                        ;
; SDRAM_DQ[7]    ; 3.3-V LVTTL  ; 0 s                 ; 0 s                 ; 3.08 V                       ; 3.41e-06 V                   ; 3.16 V              ; -0.0688 V           ; 0.26 V                               ; 0.209 V                              ; 4.69e-10 s                  ; 6.21e-10 s                  ; No                         ; No                         ; 3.08 V                      ; 3.41e-06 V                  ; 3.16 V             ; -0.0688 V          ; 0.26 V                              ; 0.209 V                             ; 4.69e-10 s                 ; 6.21e-10 s                 ; No                        ; No                        ;
; SDRAM_DQ[8]    ; 3.3-V LVTTL  ; 0 s                 ; 0 s                 ; 3.08 V                       ; 3.41e-06 V                   ; 3.16 V              ; -0.0688 V           ; 0.26 V                               ; 0.209 V                              ; 4.69e-10 s                  ; 6.21e-10 s                  ; No                         ; No                         ; 3.08 V                      ; 3.41e-06 V                  ; 3.16 V             ; -0.0688 V          ; 0.26 V                              ; 0.209 V                             ; 4.69e-10 s                 ; 6.21e-10 s                 ; No                        ; No                        ;
; SDRAM_DQ[9]    ; 3.3-V LVTTL  ; 0 s                 ; 0 s                 ; 3.08 V                       ; 3.41e-06 V                   ; 3.16 V              ; -0.0688 V           ; 0.26 V                               ; 0.209 V                              ; 4.69e-10 s                  ; 6.21e-10 s                  ; No                         ; No                         ; 3.08 V                      ; 3.41e-06 V                  ; 3.16 V             ; -0.0688 V          ; 0.26 V                              ; 0.209 V                             ; 4.69e-10 s                 ; 6.21e-10 s                 ; No                        ; No                        ;
; SDRAM_DQ[10]   ; 3.3-V LVTTL  ; 0 s                 ; 0 s                 ; 3.08 V                       ; 3.41e-06 V                   ; 3.16 V              ; -0.0694 V           ; 0.259 V                              ; 0.209 V                              ; 4.69e-10 s                  ; 6.21e-10 s                  ; No                         ; No                         ; 3.08 V                      ; 3.41e-06 V                  ; 3.16 V             ; -0.0694 V          ; 0.259 V                             ; 0.209 V                             ; 4.69e-10 s                 ; 6.21e-10 s                 ; No                        ; No                        ;
; SDRAM_DQ[11]   ; 3.3-V LVTTL  ; 0 s                 ; 0 s                 ; 3.08 V                       ; 3.41e-06 V                   ; 3.16 V              ; -0.0688 V           ; 0.26 V                               ; 0.209 V                              ; 4.69e-10 s                  ; 6.21e-10 s                  ; No                         ; No                         ; 3.08 V                      ; 3.41e-06 V                  ; 3.16 V             ; -0.0688 V          ; 0.26 V                              ; 0.209 V                             ; 4.69e-10 s                 ; 6.21e-10 s                 ; No                        ; No                        ;
; SDRAM_DQ[12]   ; 3.3-V LVTTL  ; 0 s                 ; 0 s                 ; 3.08 V                       ; 3.41e-06 V                   ; 3.16 V              ; -0.0688 V           ; 0.26 V                               ; 0.209 V                              ; 4.69e-10 s                  ; 6.21e-10 s                  ; No                         ; No                         ; 3.08 V                      ; 3.41e-06 V                  ; 3.16 V             ; -0.0688 V          ; 0.26 V                              ; 0.209 V                             ; 4.69e-10 s                 ; 6.21e-10 s                 ; No                        ; No                        ;
; SDRAM_DQ[13]   ; 3.3-V LVTTL  ; 0 s                 ; 0 s                 ; 3.08 V                       ; 3.41e-06 V                   ; 3.16 V              ; -0.0688 V           ; 0.26 V                               ; 0.209 V                              ; 4.69e-10 s                  ; 6.21e-10 s                  ; No                         ; No                         ; 3.08 V                      ; 3.41e-06 V                  ; 3.16 V             ; -0.0688 V          ; 0.26 V                              ; 0.209 V                             ; 4.69e-10 s                 ; 6.21e-10 s                 ; No                        ; No                        ;
; SDRAM_DQ[14]   ; 3.3-V LVTTL  ; 0 s                 ; 0 s                 ; 3.08 V                       ; 3.41e-06 V                   ; 3.16 V              ; -0.0694 V           ; 0.259 V                              ; 0.209 V                              ; 4.69e-10 s                  ; 6.21e-10 s                  ; No                         ; No                         ; 3.08 V                      ; 3.41e-06 V                  ; 3.16 V             ; -0.0694 V          ; 0.259 V                             ; 0.209 V                             ; 4.69e-10 s                 ; 6.21e-10 s                 ; No                        ; No                        ;
; SDRAM_DQ[15]   ; 3.3-V LVTTL  ; 0 s                 ; 0 s                 ; 3.08 V                       ; 3.41e-06 V                   ; 3.16 V              ; -0.0694 V           ; 0.259 V                              ; 0.209 V                              ; 4.69e-10 s                  ; 6.21e-10 s                  ; No                         ; No                         ; 3.08 V                      ; 3.41e-06 V                  ; 3.16 V             ; -0.0694 V          ; 0.259 V                             ; 0.209 V                             ; 4.69e-10 s                 ; 6.21e-10 s                 ; No                        ; No                        ;
; ~ALTERA_TDO~   ; 2.5 V        ; 0 s                 ; 0 s                 ; 2.32 V                       ; 1.97e-06 V                   ; 2.36 V              ; -0.0173 V           ; 0.144 V                              ; 0.094 V                              ; 6.44e-10 s                  ; 7.2e-10 s                   ; No                         ; Yes                        ; 2.32 V                      ; 1.97e-06 V                  ; 2.36 V             ; -0.0173 V          ; 0.144 V                             ; 0.094 V                             ; 6.44e-10 s                 ; 7.2e-10 s                  ; No                        ; Yes                       ;
+----------------+--------------+---------------------+---------------------+------------------------------+------------------------------+---------------------+---------------------+--------------------------------------+--------------------------------------+-----------------------------+-----------------------------+----------------------------+----------------------------+-----------------------------+-----------------------------+--------------------+--------------------+-------------------------------------+-------------------------------------+----------------------------+----------------------------+---------------------------+---------------------------+


+---------------------------------------------------------------------------------------------------------------------------------------------------------------------------------------------------------------------------------------------------------------------------------------------------------------------------------------------------------------------------------------------------------------------------------------------------------------------------------------------------------------------------------------------------------------------------------------------------------------------------------------------------------------------------------------------+
; Signal Integrity Metrics (Fast 1200mv 0c Model)                                                                                                                                                                                                                                                                                                                                                                                                                                                                                                                                                                                                                                             ;
+----------------+--------------+---------------------+---------------------+------------------------------+------------------------------+---------------------+---------------------+--------------------------------------+--------------------------------------+-----------------------------+-----------------------------+----------------------------+----------------------------+-----------------------------+-----------------------------+--------------------+--------------------+-------------------------------------+-------------------------------------+----------------------------+----------------------------+---------------------------+---------------------------+
; Pin            ; I/O Standard ; Board Delay on Rise ; Board Delay on Fall ; Steady State Voh at FPGA Pin ; Steady State Vol at FPGA Pin ; Voh Max at FPGA Pin ; Vol Min at FPGA Pin ; Ringback Voltage on Rise at FPGA Pin ; Ringback Voltage on Fall at FPGA Pin ; 10-90 Rise Time at FPGA Pin ; 90-10 Fall Time at FPGA Pin ; Monotonic Rise at FPGA Pin ; Monotonic Fall at FPGA Pin ; Steady State Voh at Far-end ; Steady State Vol at Far-end ; Voh Max at Far-end ; Vol Min at Far-end ; Ringback Voltage on Rise at Far-end ; Ringback Voltage on Fall at Far-end ; 10-90 Rise Time at Far-end ; 90-10 Fall Time at Far-end ; Monotonic Rise at Far-end ; Monotonic Fall at Far-end ;
+----------------+--------------+---------------------+---------------------+------------------------------+------------------------------+---------------------+---------------------+--------------------------------------+--------------------------------------+-----------------------------+-----------------------------+----------------------------+----------------------------+-----------------------------+-----------------------------+--------------------+--------------------+-------------------------------------+-------------------------------------+----------------------------+----------------------------+---------------------------+---------------------------+
; TDO_o          ; 3.3-V LVTTL  ; 0 s                 ; 0 s                 ; 3.46 V                       ; 9.71e-07 V                   ; 3.53 V              ; -0.029 V            ; 0.327 V                              ; 0.227 V                              ; 6.86e-10 s                  ; 8.58e-10 s                  ; No                         ; Yes                        ; 3.46 V                      ; 9.71e-07 V                  ; 3.53 V             ; -0.029 V           ; 0.327 V                             ; 0.227 V                             ; 6.86e-10 s                 ; 8.58e-10 s                 ; No                        ; Yes                       ;
; SDRAM_CLK      ; 3.3-V LVTTL  ; 0 s                 ; 0 s                 ; 3.46 V                       ; 5.04e-07 V                   ; 3.64 V              ; -0.0201 V           ; 0.391 V                              ; 0.088 V                              ; 2.79e-10 s                  ; 3.95e-10 s                  ; No                         ; Yes                        ; 3.46 V                      ; 5.04e-07 V                  ; 3.64 V             ; -0.0201 V          ; 0.391 V                             ; 0.088 V                             ; 2.79e-10 s                 ; 3.95e-10 s                 ; No                        ; Yes                       ;
; SDRAM_CKE      ; 3.3-V LVTTL  ; 0 s                 ; 0 s                 ; 3.46 V                       ; 5.04e-07 V                   ; 3.65 V              ; -0.0209 V           ; 0.391 V                              ; 0.09 V                               ; 2.79e-10 s                  ; 3.95e-10 s                  ; No                         ; Yes                        ; 3.46 V                      ; 5.04e-07 V                  ; 3.65 V             ; -0.0209 V          ; 0.391 V                             ; 0.09 V                              ; 2.79e-10 s                 ; 3.95e-10 s                 ; No                        ; Yes                       ;
; SDRAM_CS_N     ; 3.3-V LVTTL  ; 0 s                 ; 0 s                 ; 3.46 V                       ; 5.04e-07 V                   ; 3.65 V              ; -0.0209 V           ; 0.391 V                              ; 0.09 V                               ; 2.79e-10 s                  ; 3.95e-10 s                  ; No                         ; Yes                        ; 3.46 V                      ; 5.04e-07 V                  ; 3.65 V             ; -0.0209 V          ; 0.391 V                             ; 0.09 V                              ; 2.79e-10 s                 ; 3.95e-10 s                 ; No                        ; Yes                       ;
; SDRAM_RAS_N    ; 3.3-V LVTTL  ; 0 s                 ; 0 s                 ; 3.46 V                       ; 5.04e-07 V                   ; 3.65 V              ; -0.0209 V           ; 0.391 V                              ; 0.09 V                               ; 2.79e-10 s                  ; 3.95e-10 s                  ; No                         ; Yes                        ; 3.46 V                      ; 5.04e-07 V                  ; 3.65 V             ; -0.0209 V          ; 0.391 V                             ; 0.09 V                              ; 2.79e-10 s                 ; 3.95e-10 s                 ; No                        ; Yes                       ;
; SDRAM_CAS_N    ; 3.3-V LVTTL  ; 0 s                 ; 0 s                 ; 3.46 V                       ; 5.04e-07 V                   ; 3.64 V              ; -0.0201 V           ; 0.391 V                              ; 0.088 V                              ; 2.79e-10 s                  ; 3.95e-10 s                  ; No                         ; Yes                        ; 3.46 V                      ; 5.04e-07 V                  ; 3.64 V             ; -0.0201 V          ; 0.391 V                             ; 0.088 V                             ; 2.79e-10 s                 ; 3.95e-10 s                 ; No                        ; Yes                       ;
; SDRAM_WE_N     ; 3.3-V LVTTL  ; 0 s                 ; 0 s                 ; 3.46 V                       ; 5.04e-07 V                   ; 3.64 V              ; -0.0201 V           ; 0.391 V                              ; 0.088 V                              ; 2.79e-10 s                  ; 3.95e-10 s                  ; No                         ; Yes                        ; 3.46 V                      ; 5.04e-07 V                  ; 3.64 V             ; -0.0201 V          ; 0.391 V                             ; 0.088 V                             ; 2.79e-10 s                 ; 3.95e-10 s                 ; No                        ; Yes                       ;
; SDRAM_DQML     ; 3.3-V LVTTL  ; 0 s                 ; 0 s                 ; 3.46 V                       ; 5.04e-07 V                   ; 3.65 V              ; -0.0209 V           ; 0.391 V                              ; 0.09 V                               ; 2.79e-10 s                  ; 3.95e-10 s                  ; No                         ; Yes                        ; 3.46 V                      ; 5.04e-07 V                  ; 3.65 V             ; -0.0209 V          ; 0.391 V                             ; 0.09 V                              ; 2.79e-10 s                 ; 3.95e-10 s                 ; No                        ; Yes                       ;
; SDRAM_DQMU     ; 3.3-V LVTTL  ; 0 s                 ; 0 s                 ; 3.46 V                       ; 5.04e-07 V                   ; 3.65 V              ; -0.0209 V           ; 0.391 V                              ; 0.09 V                               ; 2.79e-10 s                  ; 3.95e-10 s                  ; No                         ; Yes                        ; 3.46 V                      ; 5.04e-07 V                  ; 3.65 V             ; -0.0209 V          ; 0.391 V                             ; 0.09 V                              ; 2.79e-10 s                 ; 3.95e-10 s                 ; No                        ; Yes                       ;
; SDRAM_ADDR[0]  ; 3.3-V LVTTL  ; 0 s                 ; 0 s                 ; 3.46 V                       ; 5.04e-07 V                   ; 3.65 V              ; -0.0209 V           ; 0.391 V                              ; 0.09 V                               ; 2.79e-10 s                  ; 3.95e-10 s                  ; No                         ; Yes                        ; 3.46 V                      ; 5.04e-07 V                  ; 3.65 V             ; -0.0209 V          ; 0.391 V                             ; 0.09 V                              ; 2.79e-10 s                 ; 3.95e-10 s                 ; No                        ; Yes                       ;
; SDRAM_ADDR[1]  ; 3.3-V LVTTL  ; 0 s                 ; 0 s                 ; 3.46 V                       ; 5.04e-07 V                   ; 3.64 V              ; -0.0201 V           ; 0.391 V                              ; 0.088 V                              ; 2.79e-10 s                  ; 3.95e-10 s                  ; No                         ; Yes                        ; 3.46 V                      ; 5.04e-07 V                  ; 3.64 V             ; -0.0201 V          ; 0.391 V                             ; 0.088 V                             ; 2.79e-10 s                 ; 3.95e-10 s                 ; No                        ; Yes                       ;
; SDRAM_ADDR[2]  ; 3.3-V LVTTL  ; 0 s                 ; 0 s                 ; 3.46 V                       ; 5.04e-07 V                   ; 3.64 V              ; -0.0201 V           ; 0.391 V                              ; 0.088 V                              ; 2.79e-10 s                  ; 3.95e-10 s                  ; No                         ; Yes                        ; 3.46 V                      ; 5.04e-07 V                  ; 3.64 V             ; -0.0201 V          ; 0.391 V                             ; 0.088 V                             ; 2.79e-10 s                 ; 3.95e-10 s                 ; No                        ; Yes                       ;
; SDRAM_ADDR[3]  ; 3.3-V LVTTL  ; 0 s                 ; 0 s                 ; 3.46 V                       ; 5.04e-07 V                   ; 3.64 V              ; -0.0201 V           ; 0.391 V                              ; 0.088 V                              ; 2.79e-10 s                  ; 3.95e-10 s                  ; No                         ; Yes                        ; 3.46 V                      ; 5.04e-07 V                  ; 3.64 V             ; -0.0201 V          ; 0.391 V                             ; 0.088 V                             ; 2.79e-10 s                 ; 3.95e-10 s                 ; No                        ; Yes                       ;
; SDRAM_ADDR[4]  ; 3.3-V LVTTL  ; 0 s                 ; 0 s                 ; 3.46 V                       ; 5.04e-07 V                   ; 3.65 V              ; -0.0209 V           ; 0.391 V                              ; 0.09 V                               ; 2.79e-10 s                  ; 3.95e-10 s                  ; No                         ; Yes                        ; 3.46 V                      ; 5.04e-07 V                  ; 3.65 V             ; -0.0209 V          ; 0.391 V                             ; 0.09 V                              ; 2.79e-10 s                 ; 3.95e-10 s                 ; No                        ; Yes                       ;
; SDRAM_ADDR[5]  ; 3.3-V LVTTL  ; 0 s                 ; 0 s                 ; 3.46 V                       ; 5.04e-07 V                   ; 3.65 V              ; -0.0209 V           ; 0.391 V                              ; 0.09 V                               ; 2.79e-10 s                  ; 3.95e-10 s                  ; No                         ; Yes                        ; 3.46 V                      ; 5.04e-07 V                  ; 3.65 V             ; -0.0209 V          ; 0.391 V                             ; 0.09 V                              ; 2.79e-10 s                 ; 3.95e-10 s                 ; No                        ; Yes                       ;
; SDRAM_ADDR[6]  ; 3.3-V LVTTL  ; 0 s                 ; 0 s                 ; 3.46 V                       ; 5.04e-07 V                   ; 3.64 V              ; -0.0201 V           ; 0.391 V                              ; 0.088 V                              ; 2.79e-10 s                  ; 3.95e-10 s                  ; No                         ; Yes                        ; 3.46 V                      ; 5.04e-07 V                  ; 3.64 V             ; -0.0201 V          ; 0.391 V                             ; 0.088 V                             ; 2.79e-10 s                 ; 3.95e-10 s                 ; No                        ; Yes                       ;
; SDRAM_ADDR[7]  ; 3.3-V LVTTL  ; 0 s                 ; 0 s                 ; 3.46 V                       ; 5.04e-07 V                   ; 3.64 V              ; -0.0201 V           ; 0.391 V                              ; 0.088 V                              ; 2.79e-10 s                  ; 3.95e-10 s                  ; No                         ; Yes                        ; 3.46 V                      ; 5.04e-07 V                  ; 3.64 V             ; -0.0201 V          ; 0.391 V                             ; 0.088 V                             ; 2.79e-10 s                 ; 3.95e-10 s                 ; No                        ; Yes                       ;
; SDRAM_ADDR[8]  ; 3.3-V LVTTL  ; 0 s                 ; 0 s                 ; 3.46 V                       ; 5.04e-07 V                   ; 3.65 V              ; -0.0209 V           ; 0.391 V                              ; 0.09 V                               ; 2.79e-10 s                  ; 3.95e-10 s                  ; No                         ; Yes                        ; 3.46 V                      ; 5.04e-07 V                  ; 3.65 V             ; -0.0209 V          ; 0.391 V                             ; 0.09 V                              ; 2.79e-10 s                 ; 3.95e-10 s                 ; No                        ; Yes                       ;
; SDRAM_ADDR[9]  ; 3.3-V LVTTL  ; 0 s                 ; 0 s                 ; 3.46 V                       ; 5.04e-07 V                   ; 3.64 V              ; -0.0201 V           ; 0.391 V                              ; 0.088 V                              ; 2.79e-10 s                  ; 3.95e-10 s                  ; No                         ; Yes                        ; 3.46 V                      ; 5.04e-07 V                  ; 3.64 V             ; -0.0201 V          ; 0.391 V                             ; 0.088 V                             ; 2.79e-10 s                 ; 3.95e-10 s                 ; No                        ; Yes                       ;
; SDRAM_ADDR[10] ; 3.3-V LVTTL  ; 0 s                 ; 0 s                 ; 3.46 V                       ; 5.04e-07 V                   ; 3.64 V              ; -0.0201 V           ; 0.391 V                              ; 0.088 V                              ; 2.79e-10 s                  ; 3.95e-10 s                  ; No                         ; Yes                        ; 3.46 V                      ; 5.04e-07 V                  ; 3.64 V             ; -0.0201 V          ; 0.391 V                             ; 0.088 V                             ; 2.79e-10 s                 ; 3.95e-10 s                 ; No                        ; Yes                       ;
; SDRAM_ADDR[11] ; 3.3-V LVTTL  ; 0 s                 ; 0 s                 ; 3.46 V                       ; 5.04e-07 V                   ; 3.65 V              ; -0.0209 V           ; 0.391 V                              ; 0.09 V                               ; 2.79e-10 s                  ; 3.95e-10 s                  ; No                         ; Yes                        ; 3.46 V                      ; 5.04e-07 V                  ; 3.65 V             ; -0.0209 V          ; 0.391 V                             ; 0.09 V                              ; 2.79e-10 s                 ; 3.95e-10 s                 ; No                        ; Yes                       ;
; SDRAM_ADDR[12] ; 3.3-V LVTTL  ; 0 s                 ; 0 s                 ; 3.46 V                       ; 5.04e-07 V                   ; 3.65 V              ; -0.0209 V           ; 0.391 V                              ; 0.09 V                               ; 2.79e-10 s                  ; 3.95e-10 s                  ; No                         ; Yes                        ; 3.46 V                      ; 5.04e-07 V                  ; 3.65 V             ; -0.0209 V          ; 0.391 V                             ; 0.09 V                              ; 2.79e-10 s                 ; 3.95e-10 s                 ; No                        ; Yes                       ;
; SDRAM_BA_0     ; 3.3-V LVTTL  ; 0 s                 ; 0 s                 ; 3.46 V                       ; 5.04e-07 V                   ; 3.64 V              ; -0.0201 V           ; 0.391 V                              ; 0.088 V                              ; 2.79e-10 s                  ; 3.95e-10 s                  ; No                         ; Yes                        ; 3.46 V                      ; 5.04e-07 V                  ; 3.64 V             ; -0.0201 V          ; 0.391 V                             ; 0.088 V                             ; 2.79e-10 s                 ; 3.95e-10 s                 ; No                        ; Yes                       ;
; SDRAM_BA_1     ; 3.3-V LVTTL  ; 0 s                 ; 0 s                 ; 3.46 V                       ; 5.04e-07 V                   ; 3.65 V              ; -0.0209 V           ; 0.391 V                              ; 0.09 V                               ; 2.79e-10 s                  ; 3.95e-10 s                  ; No                         ; Yes                        ; 3.46 V                      ; 5.04e-07 V                  ; 3.65 V             ; -0.0209 V          ; 0.391 V                             ; 0.09 V                              ; 2.79e-10 s                 ; 3.95e-10 s                 ; No                        ; Yes                       ;
; LED[0]         ; 3.3-V LVTTL  ; 0 s                 ; 0 s                 ; 3.46 V                       ; 9.71e-07 V                   ; 3.53 V              ; -0.0288 V           ; 0.252 V                              ; 0.333 V                              ; 6.56e-10 s                  ; 7.2e-10 s                   ; No                         ; Yes                        ; 3.46 V                      ; 9.71e-07 V                  ; 3.53 V             ; -0.0288 V          ; 0.252 V                             ; 0.333 V                             ; 6.56e-10 s                 ; 7.2e-10 s                  ; No                        ; Yes                       ;
; LED[1]         ; 3.3-V LVTTL  ; 0 s                 ; 0 s                 ; 3.46 V                       ; 9.71e-07 V                   ; 3.53 V              ; -0.0282 V           ; 0.251 V                              ; 0.335 V                              ; 6.57e-10 s                  ; 7.17e-10 s                  ; No                         ; Yes                        ; 3.46 V                      ; 9.71e-07 V                  ; 3.53 V             ; -0.0282 V          ; 0.251 V                             ; 0.335 V                             ; 6.57e-10 s                 ; 7.17e-10 s                 ; No                        ; Yes                       ;
; LED[2]         ; 3.3-V LVTTL  ; 0 s                 ; 0 s                 ; 3.46 V                       ; 9.71e-07 V                   ; 3.53 V              ; -0.0288 V           ; 0.252 V                              ; 0.333 V                              ; 6.56e-10 s                  ; 7.2e-10 s                   ; No                         ; Yes                        ; 3.46 V                      ; 9.71e-07 V                  ; 3.53 V             ; -0.0288 V          ; 0.252 V                             ; 0.333 V                             ; 6.56e-10 s                 ; 7.2e-10 s                  ; No                        ; Yes                       ;
; LED[3]         ; 3.3-V LVTTL  ; 0 s                 ; 0 s                 ; 3.46 V                       ; 9.71e-07 V                   ; 3.53 V              ; -0.0282 V           ; 0.251 V                              ; 0.335 V                              ; 6.57e-10 s                  ; 7.17e-10 s                  ; No                         ; Yes                        ; 3.46 V                      ; 9.71e-07 V                  ; 3.53 V             ; -0.0282 V          ; 0.251 V                             ; 0.335 V                             ; 6.57e-10 s                 ; 7.17e-10 s                 ; No                        ; Yes                       ;
; LED[4]         ; 3.3-V LVTTL  ; 0 s                 ; 0 s                 ; 3.46 V                       ; 9.71e-07 V                   ; 3.53 V              ; -0.0288 V           ; 0.252 V                              ; 0.333 V                              ; 6.56e-10 s                  ; 7.2e-10 s                   ; No                         ; Yes                        ; 3.46 V                      ; 9.71e-07 V                  ; 3.53 V             ; -0.0288 V          ; 0.252 V                             ; 0.333 V                             ; 6.56e-10 s                 ; 7.2e-10 s                  ; No                        ; Yes                       ;
; LED[5]         ; 3.3-V LVTTL  ; 0 s                 ; 0 s                 ; 3.46 V                       ; 9.71e-07 V                   ; 3.53 V              ; -0.0288 V           ; 0.252 V                              ; 0.333 V                              ; 6.56e-10 s                  ; 7.2e-10 s                   ; No                         ; Yes                        ; 3.46 V                      ; 9.71e-07 V                  ; 3.53 V             ; -0.0288 V          ; 0.252 V                             ; 0.333 V                             ; 6.56e-10 s                 ; 7.2e-10 s                  ; No                        ; Yes                       ;
; LED[6]         ; 3.3-V LVTTL  ; 0 s                 ; 0 s                 ; 3.46 V                       ; 9.71e-07 V                   ; 3.53 V              ; -0.0288 V           ; 0.252 V                              ; 0.333 V                              ; 6.56e-10 s                  ; 7.2e-10 s                   ; No                         ; Yes                        ; 3.46 V                      ; 9.71e-07 V                  ; 3.53 V             ; -0.0288 V          ; 0.252 V                             ; 0.333 V                             ; 6.56e-10 s                 ; 7.2e-10 s                  ; No                        ; Yes                       ;
; LED[7]         ; 3.3-V LVTTL  ; 0 s                 ; 0 s                 ; 3.46 V                       ; 9.71e-07 V                   ; 3.53 V              ; -0.0282 V           ; 0.251 V                              ; 0.335 V                              ; 6.57e-10 s                  ; 7.17e-10 s                  ; No                         ; Yes                        ; 3.46 V                      ; 9.71e-07 V                  ; 3.53 V             ; -0.0282 V          ; 0.251 V                             ; 0.335 V                             ; 6.57e-10 s                 ; 7.17e-10 s                 ; No                        ; Yes                       ;
; LED[8]         ; 3.3-V LVTTL  ; 0 s                 ; 0 s                 ; 3.46 V                       ; 9.71e-07 V                   ; 3.53 V              ; -0.0282 V           ; 0.251 V                              ; 0.335 V                              ; 6.57e-10 s                  ; 7.17e-10 s                  ; No                         ; Yes                        ; 3.46 V                      ; 9.71e-07 V                  ; 3.53 V             ; -0.0282 V          ; 0.251 V                             ; 0.335 V                             ; 6.57e-10 s                 ; 7.17e-10 s                 ; No                        ; Yes                       ;
; LED[9]         ; 3.3-V LVTTL  ; 0 s                 ; 0 s                 ; 3.46 V                       ; 9.71e-07 V                   ; 3.53 V              ; -0.0288 V           ; 0.252 V                              ; 0.333 V                              ; 6.56e-10 s                  ; 7.2e-10 s                   ; No                         ; Yes                        ; 3.46 V                      ; 9.71e-07 V                  ; 3.53 V             ; -0.0288 V          ; 0.252 V                             ; 0.333 V                             ; 6.56e-10 s                 ; 7.2e-10 s                  ; No                        ; Yes                       ;
; UART0_TXD      ; 3.3-V LVTTL  ; 0 s                 ; 0 s                 ; 3.46 V                       ; 9.71e-07 V                   ; 3.53 V              ; -0.0288 V           ; 0.252 V                              ; 0.333 V                              ; 6.56e-10 s                  ; 7.2e-10 s                   ; No                         ; Yes                        ; 3.46 V                      ; 9.71e-07 V                  ; 3.53 V             ; -0.0288 V          ; 0.252 V                             ; 0.333 V                             ; 6.56e-10 s                 ; 7.2e-10 s                  ; No                        ; Yes                       ;
; SDRAM_DQ[0]    ; 3.3-V LVTTL  ; 0 s                 ; 0 s                 ; 3.46 V                       ; 5.04e-07 V                   ; 3.65 V              ; -0.0209 V           ; 0.391 V                              ; 0.09 V                               ; 2.79e-10 s                  ; 3.95e-10 s                  ; No                         ; Yes                        ; 3.46 V                      ; 5.04e-07 V                  ; 3.65 V             ; -0.0209 V          ; 0.391 V                             ; 0.09 V                              ; 2.79e-10 s                 ; 3.95e-10 s                 ; No                        ; Yes                       ;
; SDRAM_DQ[1]    ; 3.3-V LVTTL  ; 0 s                 ; 0 s                 ; 3.46 V                       ; 5.04e-07 V                   ; 3.64 V              ; -0.0201 V           ; 0.391 V                              ; 0.088 V                              ; 2.79e-10 s                  ; 3.95e-10 s                  ; No                         ; Yes                        ; 3.46 V                      ; 5.04e-07 V                  ; 3.64 V             ; -0.0201 V          ; 0.391 V                             ; 0.088 V                             ; 2.79e-10 s                 ; 3.95e-10 s                 ; No                        ; Yes                       ;
; SDRAM_DQ[2]    ; 3.3-V LVTTL  ; 0 s                 ; 0 s                 ; 3.46 V                       ; 5.04e-07 V                   ; 3.65 V              ; -0.0209 V           ; 0.391 V                              ; 0.09 V                               ; 2.79e-10 s                  ; 3.95e-10 s                  ; No                         ; Yes                        ; 3.46 V                      ; 5.04e-07 V                  ; 3.65 V             ; -0.0209 V          ; 0.391 V                             ; 0.09 V                              ; 2.79e-10 s                 ; 3.95e-10 s                 ; No                        ; Yes                       ;
; SDRAM_DQ[3]    ; 3.3-V LVTTL  ; 0 s                 ; 0 s                 ; 3.46 V                       ; 5.04e-07 V                   ; 3.64 V              ; -0.0201 V           ; 0.391 V                              ; 0.088 V                              ; 2.79e-10 s                  ; 3.95e-10 s                  ; No                         ; Yes                        ; 3.46 V                      ; 5.04e-07 V                  ; 3.64 V             ; -0.0201 V          ; 0.391 V                             ; 0.088 V                             ; 2.79e-10 s                 ; 3.95e-10 s                 ; No                        ; Yes                       ;
; SDRAM_DQ[4]    ; 3.3-V LVTTL  ; 0 s                 ; 0 s                 ; 3.46 V                       ; 5.04e-07 V                   ; 3.64 V              ; -0.0201 V           ; 0.391 V                              ; 0.088 V                              ; 2.79e-10 s                  ; 3.95e-10 s                  ; No                         ; Yes                        ; 3.46 V                      ; 5.04e-07 V                  ; 3.64 V             ; -0.0201 V          ; 0.391 V                             ; 0.088 V                             ; 2.79e-10 s                 ; 3.95e-10 s                 ; No                        ; Yes                       ;
; SDRAM_DQ[5]    ; 3.3-V LVTTL  ; 0 s                 ; 0 s                 ; 3.46 V                       ; 5.04e-07 V                   ; 3.65 V              ; -0.0209 V           ; 0.391 V                              ; 0.09 V                               ; 2.79e-10 s                  ; 3.95e-10 s                  ; No                         ; Yes                        ; 3.46 V                      ; 5.04e-07 V                  ; 3.65 V             ; -0.0209 V          ; 0.391 V                             ; 0.09 V                              ; 2.79e-10 s                 ; 3.95e-10 s                 ; No                        ; Yes                       ;
; SDRAM_DQ[6]    ; 3.3-V LVTTL  ; 0 s                 ; 0 s                 ; 3.46 V                       ; 5.04e-07 V                   ; 3.65 V              ; -0.0209 V           ; 0.391 V                              ; 0.09 V                               ; 2.79e-10 s                  ; 3.95e-10 s                  ; No                         ; Yes                        ; 3.46 V                      ; 5.04e-07 V                  ; 3.65 V             ; -0.0209 V          ; 0.391 V                             ; 0.09 V                              ; 2.79e-10 s                 ; 3.95e-10 s                 ; No                        ; Yes                       ;
; SDRAM_DQ[7]    ; 3.3-V LVTTL  ; 0 s                 ; 0 s                 ; 3.46 V                       ; 5.04e-07 V                   ; 3.64 V              ; -0.0201 V           ; 0.391 V                              ; 0.088 V                              ; 2.79e-10 s                  ; 3.95e-10 s                  ; No                         ; Yes                        ; 3.46 V                      ; 5.04e-07 V                  ; 3.64 V             ; -0.0201 V          ; 0.391 V                             ; 0.088 V                             ; 2.79e-10 s                 ; 3.95e-10 s                 ; No                        ; Yes                       ;
; SDRAM_DQ[8]    ; 3.3-V LVTTL  ; 0 s                 ; 0 s                 ; 3.46 V                       ; 5.04e-07 V                   ; 3.64 V              ; -0.0201 V           ; 0.391 V                              ; 0.088 V                              ; 2.79e-10 s                  ; 3.95e-10 s                  ; No                         ; Yes                        ; 3.46 V                      ; 5.04e-07 V                  ; 3.64 V             ; -0.0201 V          ; 0.391 V                             ; 0.088 V                             ; 2.79e-10 s                 ; 3.95e-10 s                 ; No                        ; Yes                       ;
; SDRAM_DQ[9]    ; 3.3-V LVTTL  ; 0 s                 ; 0 s                 ; 3.46 V                       ; 5.04e-07 V                   ; 3.64 V              ; -0.0201 V           ; 0.391 V                              ; 0.088 V                              ; 2.79e-10 s                  ; 3.95e-10 s                  ; No                         ; Yes                        ; 3.46 V                      ; 5.04e-07 V                  ; 3.64 V             ; -0.0201 V          ; 0.391 V                             ; 0.088 V                             ; 2.79e-10 s                 ; 3.95e-10 s                 ; No                        ; Yes                       ;
; SDRAM_DQ[10]   ; 3.3-V LVTTL  ; 0 s                 ; 0 s                 ; 3.46 V                       ; 5.04e-07 V                   ; 3.65 V              ; -0.0209 V           ; 0.391 V                              ; 0.09 V                               ; 2.79e-10 s                  ; 3.95e-10 s                  ; No                         ; Yes                        ; 3.46 V                      ; 5.04e-07 V                  ; 3.65 V             ; -0.0209 V          ; 0.391 V                             ; 0.09 V                              ; 2.79e-10 s                 ; 3.95e-10 s                 ; No                        ; Yes                       ;
; SDRAM_DQ[11]   ; 3.3-V LVTTL  ; 0 s                 ; 0 s                 ; 3.46 V                       ; 5.04e-07 V                   ; 3.64 V              ; -0.0201 V           ; 0.391 V                              ; 0.088 V                              ; 2.79e-10 s                  ; 3.95e-10 s                  ; No                         ; Yes                        ; 3.46 V                      ; 5.04e-07 V                  ; 3.64 V             ; -0.0201 V          ; 0.391 V                             ; 0.088 V                             ; 2.79e-10 s                 ; 3.95e-10 s                 ; No                        ; Yes                       ;
; SDRAM_DQ[12]   ; 3.3-V LVTTL  ; 0 s                 ; 0 s                 ; 3.46 V                       ; 5.04e-07 V                   ; 3.64 V              ; -0.0201 V           ; 0.391 V                              ; 0.088 V                              ; 2.79e-10 s                  ; 3.95e-10 s                  ; No                         ; Yes                        ; 3.46 V                      ; 5.04e-07 V                  ; 3.64 V             ; -0.0201 V          ; 0.391 V                             ; 0.088 V                             ; 2.79e-10 s                 ; 3.95e-10 s                 ; No                        ; Yes                       ;
; SDRAM_DQ[13]   ; 3.3-V LVTTL  ; 0 s                 ; 0 s                 ; 3.46 V                       ; 5.04e-07 V                   ; 3.64 V              ; -0.0201 V           ; 0.391 V                              ; 0.088 V                              ; 2.79e-10 s                  ; 3.95e-10 s                  ; No                         ; Yes                        ; 3.46 V                      ; 5.04e-07 V                  ; 3.64 V             ; -0.0201 V          ; 0.391 V                             ; 0.088 V                             ; 2.79e-10 s                 ; 3.95e-10 s                 ; No                        ; Yes                       ;
; SDRAM_DQ[14]   ; 3.3-V LVTTL  ; 0 s                 ; 0 s                 ; 3.46 V                       ; 5.04e-07 V                   ; 3.65 V              ; -0.0209 V           ; 0.391 V                              ; 0.09 V                               ; 2.79e-10 s                  ; 3.95e-10 s                  ; No                         ; Yes                        ; 3.46 V                      ; 5.04e-07 V                  ; 3.65 V             ; -0.0209 V          ; 0.391 V                             ; 0.09 V                              ; 2.79e-10 s                 ; 3.95e-10 s                 ; No                        ; Yes                       ;
; SDRAM_DQ[15]   ; 3.3-V LVTTL  ; 0 s                 ; 0 s                 ; 3.46 V                       ; 5.04e-07 V                   ; 3.65 V              ; -0.0209 V           ; 0.391 V                              ; 0.09 V                               ; 2.79e-10 s                  ; 3.95e-10 s                  ; No                         ; Yes                        ; 3.46 V                      ; 5.04e-07 V                  ; 3.65 V             ; -0.0209 V          ; 0.391 V                             ; 0.09 V                              ; 2.79e-10 s                 ; 3.95e-10 s                 ; No                        ; Yes                       ;
; ~ALTERA_TDO~   ; 2.5 V        ; 0 s                 ; 0 s                 ; 2.62 V                       ; 1.68e-07 V                   ; 2.73 V              ; -0.0395 V           ; 0.361 V                              ; 0.109 V                              ; 3.1e-10 s                   ; 4.41e-10 s                  ; No                         ; Yes                        ; 2.62 V                      ; 1.68e-07 V                  ; 2.73 V             ; -0.0395 V          ; 0.361 V                             ; 0.109 V                             ; 3.1e-10 s                  ; 4.41e-10 s                 ; No                        ; Yes                       ;
+----------------+--------------+---------------------+---------------------+------------------------------+------------------------------+---------------------+---------------------+--------------------------------------+--------------------------------------+-----------------------------+-----------------------------+----------------------------+----------------------------+-----------------------------+-----------------------------+--------------------+--------------------+-------------------------------------+-------------------------------------+----------------------------+----------------------------+---------------------------+---------------------------+


+-----------------------------------------------------------------------------------------------------------------------------------------------------------------+
; Setup Transfers                                                                                                                                                 ;
+----------------------------------------------------------+----------------------------------------------------------+----------+----------+----------+----------+
; From Clock                                               ; To Clock                                                 ; RR Paths ; FR Paths ; RF Paths ; FF Paths ;
+----------------------------------------------------------+----------------------------------------------------------+----------+----------+----------+----------+
; inst_pll_sys|altpll_component|auto_generated|pll1|clk[0] ; inst_pll_sys|altpll_component|auto_generated|pll1|clk[0] ; 294164   ; 0        ; 0        ; 0        ;
+----------------------------------------------------------+----------------------------------------------------------+----------+----------+----------+----------+
Entries labeled "false path" only account for clock-to-clock false paths and not path-based false paths. As a result, actual path counts may be lower than reported.


+-----------------------------------------------------------------------------------------------------------------------------------------------------------------+
; Hold Transfers                                                                                                                                                  ;
+----------------------------------------------------------+----------------------------------------------------------+----------+----------+----------+----------+
; From Clock                                               ; To Clock                                                 ; RR Paths ; FR Paths ; RF Paths ; FF Paths ;
+----------------------------------------------------------+----------------------------------------------------------+----------+----------+----------+----------+
; inst_pll_sys|altpll_component|auto_generated|pll1|clk[0] ; inst_pll_sys|altpll_component|auto_generated|pll1|clk[0] ; 294164   ; 0        ; 0        ; 0        ;
+----------------------------------------------------------+----------------------------------------------------------+----------+----------+----------+----------+
Entries labeled "false path" only account for clock-to-clock false paths and not path-based false paths. As a result, actual path counts may be lower than reported.


+-----------------------------------------------------------------------------------------------------------------------------------------------------------------+
; Recovery Transfers                                                                                                                                              ;
+----------------------------------------------------------+----------------------------------------------------------+----------+----------+----------+----------+
; From Clock                                               ; To Clock                                                 ; RR Paths ; FR Paths ; RF Paths ; FF Paths ;
+----------------------------------------------------------+----------------------------------------------------------+----------+----------+----------+----------+
; inst_pll_sys|altpll_component|auto_generated|pll1|clk[0] ; inst_pll_sys|altpll_component|auto_generated|pll1|clk[0] ; 2227     ; 0        ; 0        ; 0        ;
+----------------------------------------------------------+----------------------------------------------------------+----------+----------+----------+----------+
Entries labeled "false path" only account for clock-to-clock false paths and not path-based false paths. As a result, actual path counts may be lower than reported.


+-----------------------------------------------------------------------------------------------------------------------------------------------------------------+
; Removal Transfers                                                                                                                                               ;
+----------------------------------------------------------+----------------------------------------------------------+----------+----------+----------+----------+
; From Clock                                               ; To Clock                                                 ; RR Paths ; FR Paths ; RF Paths ; FF Paths ;
+----------------------------------------------------------+----------------------------------------------------------+----------+----------+----------+----------+
; inst_pll_sys|altpll_component|auto_generated|pll1|clk[0] ; inst_pll_sys|altpll_component|auto_generated|pll1|clk[0] ; 2227     ; 0        ; 0        ; 0        ;
+----------------------------------------------------------+----------------------------------------------------------+----------+----------+----------+----------+
Entries labeled "false path" only account for clock-to-clock false paths and not path-based false paths. As a result, actual path counts may be lower than reported.


---------------
; Report TCCS ;
---------------
No dedicated SERDES Transmitter circuitry present in device or used in design


---------------
; Report RSKM ;
---------------
No non-DPA dedicated SERDES Receiver circuitry present in device or used in design


+------------------------------------------------+
; Unconstrained Paths Summary                    ;
+---------------------------------+-------+------+
; Property                        ; Setup ; Hold ;
+---------------------------------+-------+------+
; Illegal Clocks                  ; 0     ; 0    ;
; Unconstrained Clocks            ; 0     ; 0    ;
; Unconstrained Input Ports       ; 22    ; 22   ;
; Unconstrained Input Port Paths  ; 26    ; 26   ;
; Unconstrained Output Ports      ; 48    ; 48   ;
; Unconstrained Output Port Paths ; 64    ; 64   ;
+---------------------------------+-------+------+


+-----------------------------------------------------------------------------------------------------------------------------------------------+
; Clock Status Summary                                                                                                                          ;
+----------------------------------------------------------+----------------------------------------------------------+-----------+-------------+
; Target                                                   ; Clock                                                    ; Type      ; Status      ;
+----------------------------------------------------------+----------------------------------------------------------+-----------+-------------+
; MAX10_CLK1_50                                            ; MAX10_CLK1_50                                            ; Base      ; Constrained ;
; inst_pll_sys|altpll_component|auto_generated|pll1|clk[0] ; inst_pll_sys|altpll_component|auto_generated|pll1|clk[0] ; Generated ; Constrained ;
; inst_pll_sys|altpll_component|auto_generated|pll1|clk[1] ; inst_pll_sys|altpll_component|auto_generated|pll1|clk[1] ; Generated ; Constrained ;
+----------------------------------------------------------+----------------------------------------------------------+-----------+-------------+


+-----------------------------------------------------------------------------------------------------+
; Unconstrained Input Ports                                                                           ;
+--------------+--------------------------------------------------------------------------------------+
; Input Port   ; Comment                                                                              ;
+--------------+--------------------------------------------------------------------------------------+
; KEY[0]       ; No input delay, min/max delays, false-path exceptions, or max skew assignments found ;
; KEY[1]       ; No input delay, min/max delays, false-path exceptions, or max skew assignments found ;
; SDRAM_DQ[0]  ; No input delay, min/max delays, false-path exceptions, or max skew assignments found ;
; SDRAM_DQ[1]  ; No input delay, min/max delays, false-path exceptions, or max skew assignments found ;
; SDRAM_DQ[2]  ; No input delay, min/max delays, false-path exceptions, or max skew assignments found ;
; SDRAM_DQ[3]  ; No input delay, min/max delays, false-path exceptions, or max skew assignments found ;
; SDRAM_DQ[4]  ; No input delay, min/max delays, false-path exceptions, or max skew assignments found ;
; SDRAM_DQ[5]  ; No input delay, min/max delays, false-path exceptions, or max skew assignments found ;
; SDRAM_DQ[6]  ; No input delay, min/max delays, false-path exceptions, or max skew assignments found ;
; SDRAM_DQ[7]  ; No input delay, min/max delays, false-path exceptions, or max skew assignments found ;
; SDRAM_DQ[8]  ; No input delay, min/max delays, false-path exceptions, or max skew assignments found ;
; SDRAM_DQ[9]  ; No input delay, min/max delays, false-path exceptions, or max skew assignments found ;
; SDRAM_DQ[10] ; No input delay, min/max delays, false-path exceptions, or max skew assignments found ;
; SDRAM_DQ[11] ; No input delay, min/max delays, false-path exceptions, or max skew assignments found ;
; SDRAM_DQ[12] ; No input delay, min/max delays, false-path exceptions, or max skew assignments found ;
; SDRAM_DQ[13] ; No input delay, min/max delays, false-path exceptions, or max skew assignments found ;
; SDRAM_DQ[14] ; No input delay, min/max delays, false-path exceptions, or max skew assignments found ;
; SDRAM_DQ[15] ; No input delay, min/max delays, false-path exceptions, or max skew assignments found ;
; TCK_i        ; No input delay, min/max delays, false-path exceptions, or max skew assignments found ;
; TDI_i        ; No input delay, min/max delays, false-path exceptions, or max skew assignments found ;
; TMS_i        ; No input delay, min/max delays, false-path exceptions, or max skew assignments found ;
; UART0_RXD    ; No input delay, min/max delays, false-path exceptions, or max skew assignments found ;
+--------------+--------------------------------------------------------------------------------------+


+--------------------------------------------------------------------------------------------------------+
; Unconstrained Output Ports                                                                             ;
+----------------+---------------------------------------------------------------------------------------+
; Output Port    ; Comment                                                                               ;
+----------------+---------------------------------------------------------------------------------------+
; LED[0]         ; No output delay, min/max delays, false-path exceptions, or max skew assignments found ;
; LED[1]         ; No output delay, min/max delays, false-path exceptions, or max skew assignments found ;
; LED[2]         ; No output delay, min/max delays, false-path exceptions, or max skew assignments found ;
; LED[3]         ; No output delay, min/max delays, false-path exceptions, or max skew assignments found ;
; LED[4]         ; No output delay, min/max delays, false-path exceptions, or max skew assignments found ;
; LED[5]         ; No output delay, min/max delays, false-path exceptions, or max skew assignments found ;
; LED[6]         ; No output delay, min/max delays, false-path exceptions, or max skew assignments found ;
; LED[7]         ; No output delay, min/max delays, false-path exceptions, or max skew assignments found ;
; SDRAM_ADDR[0]  ; No output delay, min/max delays, false-path exceptions, or max skew assignments found ;
; SDRAM_ADDR[1]  ; No output delay, min/max delays, false-path exceptions, or max skew assignments found ;
; SDRAM_ADDR[2]  ; No output delay, min/max delays, false-path exceptions, or max skew assignments found ;
; SDRAM_ADDR[3]  ; No output delay, min/max delays, false-path exceptions, or max skew assignments found ;
; SDRAM_ADDR[4]  ; No output delay, min/max delays, false-path exceptions, or max skew assignments found ;
; SDRAM_ADDR[5]  ; No output delay, min/max delays, false-path exceptions, or max skew assignments found ;
; SDRAM_ADDR[6]  ; No output delay, min/max delays, false-path exceptions, or max skew assignments found ;
; SDRAM_ADDR[7]  ; No output delay, min/max delays, false-path exceptions, or max skew assignments found ;
; SDRAM_ADDR[8]  ; No output delay, min/max delays, false-path exceptions, or max skew assignments found ;
; SDRAM_ADDR[9]  ; No output delay, min/max delays, false-path exceptions, or max skew assignments found ;
; SDRAM_ADDR[10] ; No output delay, min/max delays, false-path exceptions, or max skew assignments found ;
; SDRAM_ADDR[11] ; No output delay, min/max delays, false-path exceptions, or max skew assignments found ;
; SDRAM_ADDR[12] ; No output delay, min/max delays, false-path exceptions, or max skew assignments found ;
; SDRAM_BA_0     ; No output delay, min/max delays, false-path exceptions, or max skew assignments found ;
; SDRAM_BA_1     ; No output delay, min/max delays, false-path exceptions, or max skew assignments found ;
; SDRAM_CAS_N    ; No output delay, min/max delays, false-path exceptions, or max skew assignments found ;
; SDRAM_CLK      ; No output delay, min/max delays, false-path exceptions, or max skew assignments found ;
; SDRAM_CS_N     ; No output delay, min/max delays, false-path exceptions, or max skew assignments found ;
; SDRAM_DQML     ; No output delay, min/max delays, false-path exceptions, or max skew assignments found ;
; SDRAM_DQMU     ; No output delay, min/max delays, false-path exceptions, or max skew assignments found ;
; SDRAM_DQ[0]    ; No output delay, min/max delays, false-path exceptions, or max skew assignments found ;
; SDRAM_DQ[1]    ; No output delay, min/max delays, false-path exceptions, or max skew assignments found ;
; SDRAM_DQ[2]    ; No output delay, min/max delays, false-path exceptions, or max skew assignments found ;
; SDRAM_DQ[3]    ; No output delay, min/max delays, false-path exceptions, or max skew assignments found ;
; SDRAM_DQ[4]    ; No output delay, min/max delays, false-path exceptions, or max skew assignments found ;
; SDRAM_DQ[5]    ; No output delay, min/max delays, false-path exceptions, or max skew assignments found ;
; SDRAM_DQ[6]    ; No output delay, min/max delays, false-path exceptions, or max skew assignments found ;
; SDRAM_DQ[7]    ; No output delay, min/max delays, false-path exceptions, or max skew assignments found ;
; SDRAM_DQ[8]    ; No output delay, min/max delays, false-path exceptions, or max skew assignments found ;
; SDRAM_DQ[9]    ; No output delay, min/max delays, false-path exceptions, or max skew assignments found ;
; SDRAM_DQ[10]   ; No output delay, min/max delays, false-path exceptions, or max skew assignments found ;
; SDRAM_DQ[11]   ; No output delay, min/max delays, false-path exceptions, or max skew assignments found ;
; SDRAM_DQ[12]   ; No output delay, min/max delays, false-path exceptions, or max skew assignments found ;
; SDRAM_DQ[13]   ; No output delay, min/max delays, false-path exceptions, or max skew assignments found ;
; SDRAM_DQ[14]   ; No output delay, min/max delays, false-path exceptions, or max skew assignments found ;
; SDRAM_DQ[15]   ; No output delay, min/max delays, false-path exceptions, or max skew assignments found ;
; SDRAM_RAS_N    ; No output delay, min/max delays, false-path exceptions, or max skew assignments found ;
; SDRAM_WE_N     ; No output delay, min/max delays, false-path exceptions, or max skew assignments found ;
; TDO_o          ; No output delay, min/max delays, false-path exceptions, or max skew assignments found ;
; UART0_TXD      ; No output delay, min/max delays, false-path exceptions, or max skew assignments found ;
+----------------+---------------------------------------------------------------------------------------+


+-----------------------------------------------------------------------------------------------------+
; Unconstrained Input Ports                                                                           ;
+--------------+--------------------------------------------------------------------------------------+
; Input Port   ; Comment                                                                              ;
+--------------+--------------------------------------------------------------------------------------+
; KEY[0]       ; No input delay, min/max delays, false-path exceptions, or max skew assignments found ;
; KEY[1]       ; No input delay, min/max delays, false-path exceptions, or max skew assignments found ;
; SDRAM_DQ[0]  ; No input delay, min/max delays, false-path exceptions, or max skew assignments found ;
; SDRAM_DQ[1]  ; No input delay, min/max delays, false-path exceptions, or max skew assignments found ;
; SDRAM_DQ[2]  ; No input delay, min/max delays, false-path exceptions, or max skew assignments found ;
; SDRAM_DQ[3]  ; No input delay, min/max delays, false-path exceptions, or max skew assignments found ;
; SDRAM_DQ[4]  ; No input delay, min/max delays, false-path exceptions, or max skew assignments found ;
; SDRAM_DQ[5]  ; No input delay, min/max delays, false-path exceptions, or max skew assignments found ;
; SDRAM_DQ[6]  ; No input delay, min/max delays, false-path exceptions, or max skew assignments found ;
; SDRAM_DQ[7]  ; No input delay, min/max delays, false-path exceptions, or max skew assignments found ;
; SDRAM_DQ[8]  ; No input delay, min/max delays, false-path exceptions, or max skew assignments found ;
; SDRAM_DQ[9]  ; No input delay, min/max delays, false-path exceptions, or max skew assignments found ;
; SDRAM_DQ[10] ; No input delay, min/max delays, false-path exceptions, or max skew assignments found ;
; SDRAM_DQ[11] ; No input delay, min/max delays, false-path exceptions, or max skew assignments found ;
; SDRAM_DQ[12] ; No input delay, min/max delays, false-path exceptions, or max skew assignments found ;
; SDRAM_DQ[13] ; No input delay, min/max delays, false-path exceptions, or max skew assignments found ;
; SDRAM_DQ[14] ; No input delay, min/max delays, false-path exceptions, or max skew assignments found ;
; SDRAM_DQ[15] ; No input delay, min/max delays, false-path exceptions, or max skew assignments found ;
; TCK_i        ; No input delay, min/max delays, false-path exceptions, or max skew assignments found ;
; TDI_i        ; No input delay, min/max delays, false-path exceptions, or max skew assignments found ;
; TMS_i        ; No input delay, min/max delays, false-path exceptions, or max skew assignments found ;
; UART0_RXD    ; No input delay, min/max delays, false-path exceptions, or max skew assignments found ;
+--------------+--------------------------------------------------------------------------------------+


+--------------------------------------------------------------------------------------------------------+
; Unconstrained Output Ports                                                                             ;
+----------------+---------------------------------------------------------------------------------------+
; Output Port    ; Comment                                                                               ;
+----------------+---------------------------------------------------------------------------------------+
; LED[0]         ; No output delay, min/max delays, false-path exceptions, or max skew assignments found ;
; LED[1]         ; No output delay, min/max delays, false-path exceptions, or max skew assignments found ;
; LED[2]         ; No output delay, min/max delays, false-path exceptions, or max skew assignments found ;
; LED[3]         ; No output delay, min/max delays, false-path exceptions, or max skew assignments found ;
; LED[4]         ; No output delay, min/max delays, false-path exceptions, or max skew assignments found ;
; LED[5]         ; No output delay, min/max delays, false-path exceptions, or max skew assignments found ;
; LED[6]         ; No output delay, min/max delays, false-path exceptions, or max skew assignments found ;
; LED[7]         ; No output delay, min/max delays, false-path exceptions, or max skew assignments found ;
; SDRAM_ADDR[0]  ; No output delay, min/max delays, false-path exceptions, or max skew assignments found ;
; SDRAM_ADDR[1]  ; No output delay, min/max delays, false-path exceptions, or max skew assignments found ;
; SDRAM_ADDR[2]  ; No output delay, min/max delays, false-path exceptions, or max skew assignments found ;
; SDRAM_ADDR[3]  ; No output delay, min/max delays, false-path exceptions, or max skew assignments found ;
; SDRAM_ADDR[4]  ; No output delay, min/max delays, false-path exceptions, or max skew assignments found ;
; SDRAM_ADDR[5]  ; No output delay, min/max delays, false-path exceptions, or max skew assignments found ;
; SDRAM_ADDR[6]  ; No output delay, min/max delays, false-path exceptions, or max skew assignments found ;
; SDRAM_ADDR[7]  ; No output delay, min/max delays, false-path exceptions, or max skew assignments found ;
; SDRAM_ADDR[8]  ; No output delay, min/max delays, false-path exceptions, or max skew assignments found ;
; SDRAM_ADDR[9]  ; No output delay, min/max delays, false-path exceptions, or max skew assignments found ;
; SDRAM_ADDR[10] ; No output delay, min/max delays, false-path exceptions, or max skew assignments found ;
; SDRAM_ADDR[11] ; No output delay, min/max delays, false-path exceptions, or max skew assignments found ;
; SDRAM_ADDR[12] ; No output delay, min/max delays, false-path exceptions, or max skew assignments found ;
; SDRAM_BA_0     ; No output delay, min/max delays, false-path exceptions, or max skew assignments found ;
; SDRAM_BA_1     ; No output delay, min/max delays, false-path exceptions, or max skew assignments found ;
; SDRAM_CAS_N    ; No output delay, min/max delays, false-path exceptions, or max skew assignments found ;
; SDRAM_CLK      ; No output delay, min/max delays, false-path exceptions, or max skew assignments found ;
; SDRAM_CS_N     ; No output delay, min/max delays, false-path exceptions, or max skew assignments found ;
; SDRAM_DQML     ; No output delay, min/max delays, false-path exceptions, or max skew assignments found ;
; SDRAM_DQMU     ; No output delay, min/max delays, false-path exceptions, or max skew assignments found ;
; SDRAM_DQ[0]    ; No output delay, min/max delays, false-path exceptions, or max skew assignments found ;
; SDRAM_DQ[1]    ; No output delay, min/max delays, false-path exceptions, or max skew assignments found ;
; SDRAM_DQ[2]    ; No output delay, min/max delays, false-path exceptions, or max skew assignments found ;
; SDRAM_DQ[3]    ; No output delay, min/max delays, false-path exceptions, or max skew assignments found ;
; SDRAM_DQ[4]    ; No output delay, min/max delays, false-path exceptions, or max skew assignments found ;
; SDRAM_DQ[5]    ; No output delay, min/max delays, false-path exceptions, or max skew assignments found ;
; SDRAM_DQ[6]    ; No output delay, min/max delays, false-path exceptions, or max skew assignments found ;
; SDRAM_DQ[7]    ; No output delay, min/max delays, false-path exceptions, or max skew assignments found ;
; SDRAM_DQ[8]    ; No output delay, min/max delays, false-path exceptions, or max skew assignments found ;
; SDRAM_DQ[9]    ; No output delay, min/max delays, false-path exceptions, or max skew assignments found ;
; SDRAM_DQ[10]   ; No output delay, min/max delays, false-path exceptions, or max skew assignments found ;
; SDRAM_DQ[11]   ; No output delay, min/max delays, false-path exceptions, or max skew assignments found ;
; SDRAM_DQ[12]   ; No output delay, min/max delays, false-path exceptions, or max skew assignments found ;
; SDRAM_DQ[13]   ; No output delay, min/max delays, false-path exceptions, or max skew assignments found ;
; SDRAM_DQ[14]   ; No output delay, min/max delays, false-path exceptions, or max skew assignments found ;
; SDRAM_DQ[15]   ; No output delay, min/max delays, false-path exceptions, or max skew assignments found ;
; SDRAM_RAS_N    ; No output delay, min/max delays, false-path exceptions, or max skew assignments found ;
; SDRAM_WE_N     ; No output delay, min/max delays, false-path exceptions, or max skew assignments found ;
; TDO_o          ; No output delay, min/max delays, false-path exceptions, or max skew assignments found ;
; UART0_TXD      ; No output delay, min/max delays, false-path exceptions, or max skew assignments found ;
+----------------+---------------------------------------------------------------------------------------+


+--------------------------+
; Timing Analyzer Messages ;
+--------------------------+
Info: *******************************************************************
Info: Running Quartus Prime Timing Analyzer
    Info: Version 20.1.1 Build 720 11/11/2020 SJ Lite Edition
    Info: Processing started: Thu Apr 30 12:59:43 2026
Info: Command: quartus_sta de10l-neorv32-sdram-qsys -c de10l-neorv32-sdram-qsys
Info: qsta_default_script.tcl version: #1
Info (20030): Parallel compilation is enabled and will use 10 of the 10 processors detected
Info (21077): Low junction temperature is 0 degrees C
Info (21077): High junction temperature is 85 degrees C
Info (332104): Reading SDC File: '//wsl.localhost/Ubuntu/home/matth/ESC472_FPGACORE/de10-lite/de10l-neorv32-sdram-qsys/hw/de10l-neorv32-sdram-qsys.sdc'
Info (332110): Deriving PLL clocks
    Info (332110): create_generated_clock -source {inst_pll_sys|altpll_component|auto_generated|pll1|inclk[0]} -divide_by 5 -multiply_by 9 -duty_cycle 50.00 -name {inst_pll_sys|altpll_component|auto_generated|pll1|clk[0]} {inst_pll_sys|altpll_component|auto_generated|pll1|clk[0]}
    Info (332110): create_generated_clock -source {inst_pll_sys|altpll_component|auto_generated|pll1|inclk[0]} -divide_by 5 -multiply_by 9 -phase -108.00 -duty_cycle 50.00 -name {inst_pll_sys|altpll_component|auto_generated|pll1|clk[1]} {inst_pll_sys|altpll_component|auto_generated|pll1|clk[1]}
Info (332151): Clock uncertainty is not calculated until you update the timing netlist.
Info (332123): Deriving Clock Uncertainty. Please refer to report_sdc in the Timing Analyzer to see clock uncertainties.
Info: Found TIMING_ANALYZER_REPORT_SCRIPT_INCLUDE_DEFAULT_ANALYSIS = ON
Info: Analyzing Slow 1200mV 85C Model
Info: Can't run Report Timing Closure Recommendations. The current device family is not supported.
Info (332146): Worst-case setup slack is 0.529
    Info (332119):     Slack       End Point TNS Clock 
    Info (332119): ========= =================== =====================
    Info (332119):     0.529               0.000 inst_pll_sys|altpll_component|auto_generated|pll1|clk[0] 
Info (332146): Worst-case hold slack is 0.325
    Info (332119):     Slack       End Point TNS Clock 
    Info (332119): ========= =================== =====================
    Info (332119):     0.325               0.000 inst_pll_sys|altpll_component|auto_generated|pll1|clk[0] 
Info (332146): Worst-case recovery slack is 5.035
    Info (332119):     Slack       End Point TNS Clock 
    Info (332119): ========= =================== =====================
    Info (332119):     5.035               0.000 inst_pll_sys|altpll_component|auto_generated|pll1|clk[0] 
Info (332146): Worst-case removal slack is 3.361
    Info (332119):     Slack       End Point TNS Clock 
    Info (332119): ========= =================== =====================
    Info (332119):     3.361               0.000 inst_pll_sys|altpll_component|auto_generated|pll1|clk[0] 
Info (332146): Worst-case minimum pulse width slack is 5.224
    Info (332119):     Slack       End Point TNS Clock 
    Info (332119): ========= =================== =====================
    Info (332119):     5.224               0.000 inst_pll_sys|altpll_component|auto_generated|pll1|clk[0] 
    Info (332119):     9.820               0.000 MAX10_CLK1_50 
Info (332114): Report Metastability: Found 5 synchronizer chains.
    Info (332114): The design MTBF is not calculated because there are no specified synchronizers in the design.
    Info (332114): Number of Synchronizer Chains Found: 5
    Info (332114): Shortest Synchronizer Chain: 2 Registers
    Info (332114): Fraction of Chains for which MTBFs Could Not be Calculated: 1.000
    Info (332114): Worst Case Available Settling Time: 18.522 ns
    Info (332114): 
Info: Analyzing Slow 1200mV 0C Model
Info (334003): Started post-fitting delay annotation
Info (334004): Delay annotation completed successfully
Info (332123): Deriving Clock Uncertainty. Please refer to report_sdc in the Timing Analyzer to see clock uncertainties.
Info (332146): Worst-case setup slack is 1.313
    Info (332119):     Slack       End Point TNS Clock 
    Info (332119): ========= =================== =====================
    Info (332119):     1.313               0.000 inst_pll_sys|altpll_component|auto_generated|pll1|clk[0] 
Info (332146): Worst-case hold slack is 0.270
    Info (332119):     Slack       End Point TNS Clock 
    Info (332119): ========= =================== =====================
    Info (332119):     0.270               0.000 inst_pll_sys|altpll_component|auto_generated|pll1|clk[0] 
Info (332146): Worst-case recovery slack is 5.587
    Info (332119):     Slack       End Point TNS Clock 
    Info (332119): ========= =================== =====================
    Info (332119):     5.587               0.000 inst_pll_sys|altpll_component|auto_generated|pll1|clk[0] 
Info (332146): Worst-case removal slack is 3.006
    Info (332119):     Slack       End Point TNS Clock 
    Info (332119): ========= =================== =====================
    Info (332119):     3.006               0.000 inst_pll_sys|altpll_component|auto_generated|pll1|clk[0] 
Info (332146): Worst-case minimum pulse width slack is 5.243
    Info (332119):     Slack       End Point TNS Clock 
    Info (332119): ========= =================== =====================
    Info (332119):     5.243               0.000 inst_pll_sys|altpll_component|auto_generated|pll1|clk[0] 
    Info (332119):     9.830               0.000 MAX10_CLK1_50 
Info (332114): Report Metastability: Found 5 synchronizer chains.
    Info (332114): The design MTBF is not calculated because there are no specified synchronizers in the design.
    Info (332114): Number of Synchronizer Chains Found: 5
    Info (332114): Shortest Synchronizer Chain: 2 Registers
    Info (332114): Fraction of Chains for which MTBFs Could Not be Calculated: 1.000
    Info (332114): Worst Case Available Settling Time: 18.718 ns
    Info (332114): 
Info: Analyzing Fast 1200mV 0C Model
Info (332123): Deriving Clock Uncertainty. Please refer to report_sdc in the Timing Analyzer to see clock uncertainties.
Info (332146): Worst-case setup slack is 6.422
    Info (332119):     Slack       End Point TNS Clock 
    Info (332119): ========= =================== =====================
    Info (332119):     6.422               0.000 inst_pll_sys|altpll_component|auto_generated|pll1|clk[0] 
Info (332146): Worst-case hold slack is 0.156
    Info (332119):     Slack       End Point TNS Clock 
    Info (332119): ========= =================== =====================
    Info (332119):     0.156               0.000 inst_pll_sys|altpll_component|auto_generated|pll1|clk[0] 
Info (332146): Worst-case recovery slack is 8.261
    Info (332119):     Slack       End Point TNS Clock 
    Info (332119): ========= =================== =====================
    Info (332119):     8.261               0.000 inst_pll_sys|altpll_component|auto_generated|pll1|clk[0] 
Info (332146): Worst-case removal slack is 1.624
    Info (332119):     Slack       End Point TNS Clock 
    Info (332119): ========= =================== =====================
    Info (332119):     1.624               0.000 inst_pll_sys|altpll_component|auto_generated|pll1|clk[0] 
Info (332146): Worst-case minimum pulse width slack is 5.266
    Info (332119):     Slack       End Point TNS Clock 
    Info (332119): ========= =================== =====================
    Info (332119):     5.266               0.000 inst_pll_sys|altpll_component|auto_generated|pll1|clk[0] 
    Info (332119):     9.530               0.000 MAX10_CLK1_50 
Info (332114): Report Metastability: Found 5 synchronizer chains.
    Info (332114): The design MTBF is not calculated because there are no specified synchronizers in the design.
    Info (332114): Number of Synchronizer Chains Found: 5
    Info (332114): Shortest Synchronizer Chain: 2 Registers
    Info (332114): Fraction of Chains for which MTBFs Could Not be Calculated: 1.000
    Info (332114): Worst Case Available Settling Time: 20.689 ns
    Info (332114): 
Info (332102): Design is not fully constrained for setup requirements
Info (332102): Design is not fully constrained for hold requirements
Info (144001): Generated suppressed messages file //wsl.localhost/Ubuntu/home/matth/ESC472_FPGACORE/de10-lite/de10l-neorv32-sdram-qsys/hw/output_files/de10l-neorv32-sdram-qsys.sta.smsg
Info: Quartus Prime Timing Analyzer was successful. 0 errors, 0 warnings
    Info: Peak virtual memory: 5035 megabytes
    Info: Processing ended: Thu Apr 30 13:00:17 2026
    Info: Elapsed time: 00:00:34
    Info: Total CPU time (on all processors): 00:00:44


+-------------------------------------+
; Timing Analyzer Suppressed Messages ;
+-------------------------------------+
The suppressed messages can be found in //wsl.localhost/Ubuntu/home/matth/ESC472_FPGACORE/de10-lite/de10l-neorv32-sdram-qsys/hw/output_files/de10l-neorv32-sdram-qsys.sta.smsg.


